# Blender 4.5.8 LTS
# www.blender.org
mtllib Estufa.mtl
o Body_Main
v -0.310000 0.050000 0.220000
v -0.310000 0.210000 0.220000
v -0.310000 0.050000 -0.220000
v -0.310000 0.210000 -0.220000
v 0.310000 0.050000 0.220000
v 0.310000 0.210000 0.220000
v 0.310000 0.050000 -0.220000
v 0.310000 0.210000 -0.220000
vn -1.0000 -0.0000 -0.0000
vn -0.0000 -0.0000 -1.0000
vn 1.0000 -0.0000 -0.0000
vn -0.0000 -0.0000 1.0000
vn -0.0000 -1.0000 -0.0000
vn -0.0000 1.0000 -0.0000
vt 0.375000 0.000000
vt 0.625000 0.000000
vt 0.625000 0.250000
vt 0.375000 0.250000
vt 0.625000 0.500000
vt 0.375000 0.500000
vt 0.625000 0.750000
vt 0.375000 0.750000
vt 0.625000 1.000000
vt 0.375000 1.000000
vt 0.125000 0.500000
vt 0.125000 0.750000
vt 0.875000 0.500000
vt 0.875000 0.750000
s 0
usemtl Body
f 1/1/1 2/2/1 4/3/1 3/4/1
f 3/4/2 4/3/2 8/5/2 7/6/2
f 7/6/3 8/5/3 6/7/3 5/8/3
f 5/8/4 6/7/4 2/9/4 1/10/4
f 3/11/5 7/6/5 5/8/5 1/12/5
f 8/5/6 4/13/6 2/14/6 6/7/6
o Body_Front_Trim
v -0.310000 0.052500 0.232000
v -0.310000 0.207500 0.232000
v -0.310000 0.052500 0.220000
v -0.310000 0.207500 0.220000
v 0.310000 0.052500 0.232000
v 0.310000 0.207500 0.232000
v 0.310000 0.052500 0.220000
v 0.310000 0.207500 0.220000
vn -1.0000 -0.0000 -0.0000
vn -0.0000 -0.0000 -1.0000
vn 1.0000 -0.0000 -0.0000
vn -0.0000 -0.0000 1.0000
vn -0.0000 -1.0000 -0.0000
vn -0.0000 1.0000 -0.0000
vt 0.375000 0.000000
vt 0.625000 0.000000
vt 0.625000 0.250000
vt 0.375000 0.250000
vt 0.625000 0.500000
vt 0.375000 0.500000
vt 0.625000 0.750000
vt 0.375000 0.750000
vt 0.625000 1.000000
vt 0.375000 1.000000
vt 0.125000 0.500000
vt 0.125000 0.750000
vt 0.875000 0.500000
vt 0.875000 0.750000
s 0
usemtl Chrome
f 9/15/7 10/16/7 12/17/7 11/18/7
f 11/18/8 12/17/8 16/19/8 15/20/8
f 15/20/9 16/19/9 14/21/9 13/22/9
f 13/22/10 14/21/10 10/23/10 9/24/10
f 11/25/11 15/20/11 13/22/11 9/26/11
f 16/19/12 12/27/12 10/28/12 14/21/12
o Body_Back_Trim
v -0.310000 0.052500 -0.220000
v -0.310000 0.207500 -0.220000
v -0.310000 0.052500 -0.232000
v -0.310000 0.207500 -0.232000
v 0.310000 0.052500 -0.220000
v 0.310000 0.207500 -0.220000
v 0.310000 0.052500 -0.232000
v 0.310000 0.207500 -0.232000
vn -1.0000 -0.0000 -0.0000
vn -0.0000 -0.0000 -1.0000
vn 1.0000 -0.0000 -0.0000
vn -0.0000 -0.0000 1.0000
vn -0.0000 -1.0000 -0.0000
vn -0.0000 1.0000 -0.0000
vt 0.375000 0.000000
vt 0.625000 0.000000
vt 0.625000 0.250000
vt 0.375000 0.250000
vt 0.625000 0.500000
vt 0.375000 0.500000
vt 0.625000 0.750000
vt 0.375000 0.750000
vt 0.625000 1.000000
vt 0.375000 1.000000
vt 0.125000 0.500000
vt 0.125000 0.750000
vt 0.875000 0.500000
vt 0.875000 0.750000
s 0
usemtl Chrome
f 17/29/13 18/30/13 20/31/13 19/32/13
f 19/32/14 20/31/14 24/33/14 23/34/14
f 23/34/15 24/33/15 22/35/15 21/36/15
f 21/36/16 22/35/16 18/37/16 17/38/16
f 19/39/17 23/34/17 21/36/17 17/40/17
f 24/33/18 20/41/18 18/42/18 22/35/18
o SideTrim_L
v -0.322000 0.052500 0.220000
v -0.322000 0.207500 0.220000
v -0.322000 0.052500 -0.220000
v -0.322000 0.207500 -0.220000
v -0.310000 0.052500 0.220000
v -0.310000 0.207500 0.220000
v -0.310000 0.052500 -0.220000
v -0.310000 0.207500 -0.220000
vn -1.0000 -0.0000 -0.0000
vn -0.0000 -0.0000 -1.0000
vn 1.0000 -0.0000 -0.0000
vn -0.0000 -0.0000 1.0000
vn -0.0000 -1.0000 -0.0000
vn -0.0000 1.0000 -0.0000
vt 0.375000 0.000000
vt 0.625000 0.000000
vt 0.625000 0.250000
vt 0.375000 0.250000
vt 0.625000 0.500000
vt 0.375000 0.500000
vt 0.625000 0.750000
vt 0.375000 0.750000
vt 0.625000 1.000000
vt 0.375000 1.000000
vt 0.125000 0.500000
vt 0.125000 0.750000
vt 0.875000 0.500000
vt 0.875000 0.750000
s 0
usemtl Chrome
f 25/43/19 26/44/19 28/45/19 27/46/19
f 27/46/20 28/45/20 32/47/20 31/48/20
f 31/48/21 32/47/21 30/49/21 29/50/21
f 29/50/22 30/49/22 26/51/22 25/52/22
f 27/53/23 31/48/23 29/50/23 25/54/23
f 32/47/24 28/55/24 26/56/24 30/49/24
o SideTrim_R
v 0.310000 0.052500 0.220000
v 0.310000 0.207500 0.220000
v 0.310000 0.052500 -0.220000
v 0.310000 0.207500 -0.220000
v 0.322000 0.052500 0.220000
v 0.322000 0.207500 0.220000
v 0.322000 0.052500 -0.220000
v 0.322000 0.207500 -0.220000
vn -1.0000 -0.0000 -0.0000
vn -0.0000 -0.0000 -1.0000
vn 1.0000 -0.0000 -0.0000
vn -0.0000 -0.0000 1.0000
vn -0.0000 -1.0000 -0.0000
vn -0.0000 1.0000 -0.0000
vt 0.375000 0.000000
vt 0.625000 0.000000
vt 0.625000 0.250000
vt 0.375000 0.250000
vt 0.625000 0.500000
vt 0.375000 0.500000
vt 0.625000 0.750000
vt 0.375000 0.750000
vt 0.625000 1.000000
vt 0.375000 1.000000
vt 0.125000 0.500000
vt 0.125000 0.750000
vt 0.875000 0.500000
vt 0.875000 0.750000
s 0
usemtl Chrome
f 33/57/25 34/58/25 36/59/25 35/60/25
f 35/60/26 36/59/26 40/61/26 39/62/26
f 39/62/27 40/61/27 38/63/27 37/64/27
f 37/64/28 38/63/28 34/65/28 33/66/28
f 35/67/29 39/62/29 37/64/29 33/68/29
f 40/61/30 36/69/30 34/70/30 38/63/30
o TopSurface
v -0.310000 0.210000 0.220000
v -0.310000 0.228000 0.220000
v -0.310000 0.210000 -0.220000
v -0.310000 0.228000 -0.220000
v 0.310000 0.210000 0.220000
v 0.310000 0.228000 0.220000
v 0.310000 0.210000 -0.220000
v 0.310000 0.228000 -0.220000
vn -1.0000 -0.0000 -0.0000
vn -0.0000 -0.0000 -1.0000
vn 1.0000 -0.0000 -0.0000
vn -0.0000 -0.0000 1.0000
vn -0.0000 -1.0000 -0.0000
vn -0.0000 1.0000 -0.0000
vt 0.375000 0.000000
vt 0.625000 0.000000
vt 0.625000 0.250000
vt 0.375000 0.250000
vt 0.625000 0.500000
vt 0.375000 0.500000
vt 0.625000 0.750000
vt 0.375000 0.750000
vt 0.625000 1.000000
vt 0.375000 1.000000
vt 0.125000 0.500000
vt 0.125000 0.750000
vt 0.875000 0.500000
vt 0.875000 0.750000
s 0
usemtl Top
f 41/71/31 42/72/31 44/73/31 43/74/31
f 43/74/32 44/73/32 48/75/32 47/76/32
f 47/76/33 48/75/33 46/77/33 45/78/33
f 45/78/34 46/77/34 42/79/34 41/80/34
f 43/81/35 47/76/35 45/78/35 41/82/35
f 48/75/36 44/83/36 42/84/36 46/77/36
o TopRim_F
v -0.310000 0.211000 0.220000
v -0.310000 0.233000 0.220000
v -0.310000 0.211000 0.202000
v -0.310000 0.233000 0.202000
v 0.310000 0.211000 0.220000
v 0.310000 0.233000 0.220000
v 0.310000 0.211000 0.202000
v 0.310000 0.233000 0.202000
vn -1.0000 -0.0000 -0.0000
vn -0.0000 -0.0000 -1.0000
vn 1.0000 -0.0000 -0.0000
vn -0.0000 -0.0000 1.0000
vn -0.0000 -1.0000 -0.0000
vn -0.0000 1.0000 -0.0000
vt 0.375000 0.000000
vt 0.625000 0.000000
vt 0.625000 0.250000
vt 0.375000 0.250000
vt 0.625000 0.500000
vt 0.375000 0.500000
vt 0.625000 0.750000
vt 0.375000 0.750000
vt 0.625000 1.000000
vt 0.375000 1.000000
vt 0.125000 0.500000
vt 0.125000 0.750000
vt 0.875000 0.500000
vt 0.875000 0.750000
s 0
usemtl Chrome
f 49/85/37 50/86/37 52/87/37 51/88/37
f 51/88/38 52/87/38 56/89/38 55/90/38
f 55/90/39 56/89/39 54/91/39 53/92/39
f 53/92/40 54/91/40 50/93/40 49/94/40
f 51/95/41 55/90/41 53/92/41 49/96/41
f 56/89/42 52/97/42 50/98/42 54/91/42
o TopRim_B
v -0.310000 0.211000 -0.202000
v -0.310000 0.233000 -0.202000
v -0.310000 0.211000 -0.220000
v -0.310000 0.233000 -0.220000
v 0.310000 0.211000 -0.202000
v 0.310000 0.233000 -0.202000
v 0.310000 0.211000 -0.220000
v 0.310000 0.233000 -0.220000
vn -1.0000 -0.0000 -0.0000
vn -0.0000 -0.0000 -1.0000
vn 1.0000 -0.0000 -0.0000
vn -0.0000 -0.0000 1.0000
vn -0.0000 -1.0000 -0.0000
vn -0.0000 1.0000 -0.0000
vt 0.375000 0.000000
vt 0.625000 0.000000
vt 0.625000 0.250000
vt 0.375000 0.250000
vt 0.625000 0.500000
vt 0.375000 0.500000
vt 0.625000 0.750000
vt 0.375000 0.750000
vt 0.625000 1.000000
vt 0.375000 1.000000
vt 0.125000 0.500000
vt 0.125000 0.750000
vt 0.875000 0.500000
vt 0.875000 0.750000
s 0
usemtl Chrome
f 57/99/43 58/100/43 60/101/43 59/102/43
f 59/102/44 60/101/44 64/103/44 63/104/44
f 63/104/45 64/103/45 62/105/45 61/106/45
f 61/106/46 62/105/46 58/107/46 57/108/46
f 59/109/47 63/104/47 61/106/47 57/110/47
f 64/103/48 60/111/48 58/112/48 62/105/48
o TopRim_L
v -0.310000 0.211000 0.220000
v -0.310000 0.233000 0.220000
v -0.310000 0.211000 -0.220000
v -0.310000 0.233000 -0.220000
v -0.292000 0.211000 0.220000
v -0.292000 0.233000 0.220000
v -0.292000 0.211000 -0.220000
v -0.292000 0.233000 -0.220000
vn -1.0000 -0.0000 -0.0000
vn -0.0000 -0.0000 -1.0000
vn 1.0000 -0.0000 -0.0000
vn -0.0000 -0.0000 1.0000
vn -0.0000 -1.0000 -0.0000
vn -0.0000 1.0000 -0.0000
vt 0.375000 0.000000
vt 0.625000 0.000000
vt 0.625000 0.250000
vt 0.375000 0.250000
vt 0.625000 0.500000
vt 0.375000 0.500000
vt 0.625000 0.750000
vt 0.375000 0.750000
vt 0.625000 1.000000
vt 0.375000 1.000000
vt 0.125000 0.500000
vt 0.125000 0.750000
vt 0.875000 0.500000
vt 0.875000 0.750000
s 0
usemtl Chrome
f 65/113/49 66/114/49 68/115/49 67/116/49
f 67/116/50 68/115/50 72/117/50 71/118/50
f 71/118/51 72/117/51 70/119/51 69/120/51
f 69/120/52 70/119/52 66/121/52 65/122/52
f 67/123/53 71/118/53 69/120/53 65/124/53
f 72/117/54 68/125/54 66/126/54 70/119/54
o TopRim_R
v 0.292000 0.211000 0.220000
v 0.292000 0.233000 0.220000
v 0.292000 0.211000 -0.220000
v 0.292000 0.233000 -0.220000
v 0.310000 0.211000 0.220000
v 0.310000 0.233000 0.220000
v 0.310000 0.211000 -0.220000
v 0.310000 0.233000 -0.220000
vn -1.0000 -0.0000 -0.0000
vn -0.0000 -0.0000 -1.0000
vn 1.0000 -0.0000 -0.0000
vn -0.0000 -0.0000 1.0000
vn -0.0000 -1.0000 -0.0000
vn -0.0000 1.0000 -0.0000
vt 0.375000 0.000000
vt 0.625000 0.000000
vt 0.625000 0.250000
vt 0.375000 0.250000
vt 0.625000 0.500000
vt 0.375000 0.500000
vt 0.625000 0.750000
vt 0.375000 0.750000
vt 0.625000 1.000000
vt 0.375000 1.000000
vt 0.125000 0.500000
vt 0.125000 0.750000
vt 0.875000 0.500000
vt 0.875000 0.750000
s 0
usemtl Chrome
f 73/127/55 74/128/55 76/129/55 75/130/55
f 75/130/56 76/129/56 80/131/56 79/132/56
f 79/132/57 80/131/57 78/133/57 77/134/57
f 77/134/58 78/133/58 74/135/58 73/136/58
f 75/137/59 79/132/59 77/134/59 73/138/59
f 80/131/60 76/139/60 74/140/60 78/133/60
o Drip_Tray
v -0.290000 0.190000 0.200000
v -0.290000 0.202000 0.200000
v -0.290000 0.190000 -0.200000
v -0.290000 0.202000 -0.200000
v 0.290000 0.190000 0.200000
v 0.290000 0.202000 0.200000
v 0.290000 0.190000 -0.200000
v 0.290000 0.202000 -0.200000
vn -1.0000 -0.0000 -0.0000
vn -0.0000 -0.0000 -1.0000
vn 1.0000 -0.0000 -0.0000
vn -0.0000 -0.0000 1.0000
vn -0.0000 -1.0000 -0.0000
vn -0.0000 1.0000 -0.0000
vt 0.375000 0.000000
vt 0.625000 0.000000
vt 0.625000 0.250000
vt 0.375000 0.250000
vt 0.625000 0.500000
vt 0.375000 0.500000
vt 0.625000 0.750000
vt 0.375000 0.750000
vt 0.625000 1.000000
vt 0.375000 1.000000
vt 0.125000 0.500000
vt 0.125000 0.750000
vt 0.875000 0.500000
vt 0.875000 0.750000
s 0
usemtl Tray
f 81/141/61 82/142/61 84/143/61 83/144/61
f 83/144/62 84/143/62 88/145/62 87/146/62
f 87/146/63 88/145/63 86/147/63 85/148/63
f 85/148/64 86/147/64 82/149/64 81/150/64
f 83/151/65 87/146/65 85/148/65 81/152/65
f 88/145/66 84/153/66 82/154/66 86/147/66
o Drip_W_F
v -0.290000 0.193000 0.200000
v -0.290000 0.215000 0.200000
v -0.290000 0.193000 0.192000
v -0.290000 0.215000 0.192000
v 0.290000 0.193000 0.200000
v 0.290000 0.215000 0.200000
v 0.290000 0.193000 0.192000
v 0.290000 0.215000 0.192000
vn -1.0000 -0.0000 -0.0000
vn -0.0000 -0.0000 -1.0000
vn 1.0000 -0.0000 -0.0000
vn -0.0000 -0.0000 1.0000
vn -0.0000 -1.0000 -0.0000
vn -0.0000 1.0000 -0.0000
vt 0.375000 0.000000
vt 0.625000 0.000000
vt 0.625000 0.250000
vt 0.375000 0.250000
vt 0.625000 0.500000
vt 0.375000 0.500000
vt 0.625000 0.750000
vt 0.375000 0.750000
vt 0.625000 1.000000
vt 0.375000 1.000000
vt 0.125000 0.500000
vt 0.125000 0.750000
vt 0.875000 0.500000
vt 0.875000 0.750000
s 0
usemtl Tray
f 89/155/67 90/156/67 92/157/67 91/158/67
f 91/158/68 92/157/68 96/159/68 95/160/68
f 95/160/69 96/159/69 94/161/69 93/162/69
f 93/162/70 94/161/70 90/163/70 89/164/70
f 91/165/71 95/160/71 93/162/71 89/166/71
f 96/159/72 92/167/72 90/168/72 94/161/72
o Drip_W_B
v -0.290000 0.193000 -0.192000
v -0.290000 0.215000 -0.192000
v -0.290000 0.193000 -0.200000
v -0.290000 0.215000 -0.200000
v 0.290000 0.193000 -0.192000
v 0.290000 0.215000 -0.192000
v 0.290000 0.193000 -0.200000
v 0.290000 0.215000 -0.200000
vn -1.0000 -0.0000 -0.0000
vn -0.0000 -0.0000 -1.0000
vn 1.0000 -0.0000 -0.0000
vn -0.0000 -0.0000 1.0000
vn -0.0000 -1.0000 -0.0000
vn -0.0000 1.0000 -0.0000
vt 0.375000 0.000000
vt 0.625000 0.000000
vt 0.625000 0.250000
vt 0.375000 0.250000
vt 0.625000 0.500000
vt 0.375000 0.500000
vt 0.625000 0.750000
vt 0.375000 0.750000
vt 0.625000 1.000000
vt 0.375000 1.000000
vt 0.125000 0.500000
vt 0.125000 0.750000
vt 0.875000 0.500000
vt 0.875000 0.750000
s 0
usemtl Tray
f 97/169/73 98/170/73 100/171/73 99/172/73
f 99/172/74 100/171/74 104/173/74 103/174/74
f 103/174/75 104/173/75 102/175/75 101/176/75
f 101/176/76 102/175/76 98/177/76 97/178/76
f 99/179/77 103/174/77 101/176/77 97/180/77
f 104/173/78 100/181/78 98/182/78 102/175/78
o Q_Plate_0
v -0.185000 0.228000 -0.095000
v -0.185000 0.250000 -0.095000
v -0.168503 0.228000 -0.093557
v -0.168503 0.250000 -0.093557
v -0.152508 0.228000 -0.089271
v -0.152508 0.250000 -0.089271
v -0.137500 0.228000 -0.082272
v -0.137500 0.250000 -0.082272
v -0.123935 0.228000 -0.072774
v -0.123935 0.250000 -0.072774
v -0.112226 0.228000 -0.061065
v -0.112226 0.250000 -0.061065
v -0.102728 0.228000 -0.047500
v -0.102728 0.250000 -0.047500
v -0.095729 0.228000 -0.032492
v -0.095729 0.250000 -0.032492
v -0.091443 0.228000 -0.016497
v -0.091443 0.250000 -0.016497
v -0.090000 0.228000 0.000000
v -0.090000 0.250000 0.000000
v -0.091443 0.228000 0.016497
v -0.091443 0.250000 0.016497
v -0.095729 0.228000 0.032492
v -0.095729 0.250000 0.032492
v -0.102728 0.228000 0.047500
v -0.102728 0.250000 0.047500
v -0.112226 0.228000 0.061065
v -0.112226 0.250000 0.061065
v -0.123935 0.228000 0.072774
v -0.123935 0.250000 0.072774
v -0.137500 0.228000 0.082272
v -0.137500 0.250000 0.082272
v -0.152508 0.228000 0.089271
v -0.152508 0.250000 0.089271
v -0.168503 0.228000 0.093557
v -0.168503 0.250000 0.093557
v -0.185000 0.228000 0.095000
v -0.185000 0.250000 0.095000
v -0.201497 0.228000 0.093557
v -0.201497 0.250000 0.093557
v -0.217492 0.228000 0.089271
v -0.217492 0.250000 0.089271
v -0.232500 0.228000 0.082272
v -0.232500 0.250000 0.082272
v -0.246065 0.228000 0.072774
v -0.246065 0.250000 0.072774
v -0.257774 0.228000 0.061065
v -0.257774 0.250000 0.061065
v -0.267272 0.228000 0.047500
v -0.267272 0.250000 0.047500
v -0.274271 0.228000 0.032492
v -0.274271 0.250000 0.032492
v -0.278557 0.228000 0.016497
v -0.278557 0.250000 0.016497
v -0.280000 0.228000 0.000000
v -0.280000 0.250000 0.000000
v -0.278557 0.228000 -0.016497
v -0.278557 0.250000 -0.016497
v -0.274271 0.228000 -0.032492
v -0.274271 0.250000 -0.032492
v -0.267272 0.228000 -0.047500
v -0.267272 0.250000 -0.047500
v -0.257774 0.228000 -0.061065
v -0.257774 0.250000 -0.061065
v -0.246065 0.228000 -0.072774
v -0.246065 0.250000 -0.072774
v -0.232500 0.228000 -0.082272
v -0.232500 0.250000 -0.082272
v -0.217492 0.228000 -0.089271
v -0.217492 0.250000 -0.089271
v -0.201497 0.228000 -0.093557
v -0.201497 0.250000 -0.093557
vn 0.0872 -0.0000 -0.9962
vn 0.2588 -0.0000 -0.9659
vn 0.4226 -0.0000 -0.9063
vn 0.5736 -0.0000 -0.8192
vn 0.7071 -0.0000 -0.7071
vn 0.8192 -0.0000 -0.5736
vn 0.9063 -0.0000 -0.4226
vn 0.9659 -0.0000 -0.2588
vn 0.9962 -0.0000 -0.0872
vn 0.9962 -0.0000 0.0872
vn 0.9659 -0.0000 0.2588
vn 0.9063 -0.0000 0.4226
vn 0.8192 -0.0000 0.5736
vn 0.7071 -0.0000 0.7071
vn 0.5736 -0.0000 0.8192
vn 0.4226 -0.0000 0.9063
vn 0.2588 -0.0000 0.9659
vn 0.0872 -0.0000 0.9962
vn -0.0872 -0.0000 0.9962
vn -0.2588 -0.0000 0.9659
vn -0.4226 -0.0000 0.9063
vn -0.5736 -0.0000 0.8192
vn -0.7071 -0.0000 0.7071
vn -0.8192 -0.0000 0.5736
vn -0.9063 -0.0000 0.4226
vn -0.9659 -0.0000 0.2588
vn -0.9962 -0.0000 0.0872
vn -0.9962 -0.0000 -0.0872
vn -0.9659 -0.0000 -0.2588
vn -0.9063 -0.0000 -0.4226
vn -0.8192 -0.0000 -0.5736
vn -0.7071 -0.0000 -0.7071
vn -0.5736 -0.0000 -0.8192
vn -0.4226 -0.0000 -0.9063
vn -0.0000 1.0000 -0.0000
vn -0.2588 -0.0000 -0.9659
vn -0.0872 -0.0000 -0.9962
vn -0.0000 -1.0000 -0.0000
vt 1.000000 0.500000
vt 1.000000 1.000000
vt 0.972222 1.000000
vt 0.972222 0.500000
vt 0.944444 1.000000
vt 0.944444 0.500000
vt 0.916667 1.000000
vt 0.916667 0.500000
vt 0.888889 1.000000
vt 0.888889 0.500000
vt 0.861111 1.000000
vt 0.861111 0.500000
vt 0.833333 1.000000
vt 0.833333 0.500000
vt 0.805555 1.000000
vt 0.805555 0.500000
vt 0.777778 1.000000
vt 0.777778 0.500000
vt 0.750000 1.000000
vt 0.750000 0.500000
vt 0.722222 1.000000
vt 0.722222 0.500000
vt 0.694444 1.000000
vt 0.694444 0.500000
vt 0.666667 1.000000
vt 0.666667 0.500000
vt 0.638889 1.000000
vt 0.638889 0.500000
vt 0.611111 1.000000
vt 0.611111 0.500000
vt 0.583333 1.000000
vt 0.583333 0.500000
vt 0.555555 1.000000
vt 0.555555 0.500000
vt 0.527778 1.000000
vt 0.527778 0.500000
vt 0.500000 1.000000
vt 0.500000 0.500000
vt 0.472222 1.000000
vt 0.472222 0.500000
vt 0.444444 1.000000
vt 0.444444 0.500000
vt 0.416666 1.000000
vt 0.416666 0.500000
vt 0.388889 1.000000
vt 0.388889 0.500000
vt 0.361111 1.000000
vt 0.361111 0.500000
vt 0.333333 1.000000
vt 0.333333 0.500000
vt 0.305555 1.000000
vt 0.305555 0.500000
vt 0.277777 1.000000
vt 0.277777 0.500000
vt 0.250000 1.000000
vt 0.250000 0.500000
vt 0.222222 1.000000
vt 0.222222 0.500000
vt 0.194444 1.000000
vt 0.194444 0.500000
vt 0.166666 1.000000
vt 0.166666 0.500000
vt 0.138889 1.000000
vt 0.138889 0.500000
vt 0.111111 1.000000
vt 0.111111 0.500000
vt 0.083333 1.000000
vt 0.083333 0.500000
vt 0.055555 1.000000
vt 0.055555 0.500000
vt 0.291676 0.486354
vt 0.250000 0.490000
vt 0.208324 0.486354
vt 0.167915 0.475526
vt 0.130000 0.457846
vt 0.095731 0.433851
vt 0.066149 0.404269
vt 0.042154 0.370000
vt 0.024474 0.332085
vt 0.013646 0.291676
vt 0.010000 0.250000
vt 0.013646 0.208324
vt 0.024474 0.167915
vt 0.042154 0.130000
vt 0.066149 0.095731
vt 0.095731 0.066149
vt 0.130000 0.042154
vt 0.167915 0.024474
vt 0.208324 0.013646
vt 0.250000 0.010000
vt 0.291676 0.013646
vt 0.332085 0.024474
vt 0.370000 0.042154
vt 0.404269 0.066149
vt 0.433851 0.095731
vt 0.457846 0.130000
vt 0.475526 0.167915
vt 0.486354 0.208324
vt 0.490000 0.250000
vt 0.486354 0.291676
vt 0.475526 0.332085
vt 0.457846 0.370000
vt 0.433851 0.404269
vt 0.404269 0.433851
vt 0.370000 0.457846
vt 0.332085 0.475526
vt 0.027777 1.000000
vt 0.027777 0.500000
vt -0.000000 1.000000
vt -0.000000 0.500000
vt 0.750000 0.490000
vt 0.791676 0.486354
vt 0.832085 0.475526
vt 0.870000 0.457846
vt 0.904269 0.433851
vt 0.933851 0.404269
vt 0.957846 0.370000
vt 0.975526 0.332085
vt 0.986354 0.291676
vt 0.990000 0.250000
vt 0.986354 0.208324
vt 0.975526 0.167915
vt 0.957846 0.130000
vt 0.933851 0.095731
vt 0.904269 0.066149
vt 0.870000 0.042154
vt 0.832085 0.024474
vt 0.791676 0.013646
vt 0.750000 0.010000
vt 0.708324 0.013646
vt 0.667915 0.024474
vt 0.630000 0.042154
vt 0.595731 0.066149
vt 0.566149 0.095731
vt 0.542154 0.130000
vt 0.524474 0.167915
vt 0.513646 0.208324
vt 0.510000 0.250000
vt 0.513646 0.291676
vt 0.524474 0.332085
vt 0.542154 0.370000
vt 0.566149 0.404269
vt 0.595731 0.433851
vt 0.630000 0.457846
vt 0.667915 0.475526
vt 0.708324 0.486354
s 0
usemtl Burner
f 105/183/79 106/184/79 108/185/79 107/186/79
f 107/186/80 108/185/80 110/187/80 109/188/80
f 109/188/81 110/187/81 112/189/81 111/190/81
f 111/190/82 112/189/82 114/191/82 113/192/82
f 113/192/83 114/191/83 116/193/83 115/194/83
f 115/194/84 116/193/84 118/195/84 117/196/84
f 117/196/85 118/195/85 120/197/85 119/198/85
f 119/198/86 120/197/86 122/199/86 121/200/86
f 121/200/87 122/199/87 124/201/87 123/202/87
f 123/202/88 124/201/88 126/203/88 125/204/88
f 125/204/89 126/203/89 128/205/89 127/206/89
f 127/206/90 128/205/90 130/207/90 129/208/90
f 129/208/91 130/207/91 132/209/91 131/210/91
f 131/210/92 132/209/92 134/211/92 133/212/92
f 133/212/93 134/211/93 136/213/93 135/214/93
f 135/214/94 136/213/94 138/215/94 137/216/94
f 137/216/95 138/215/95 140/217/95 139/218/95
f 139/218/96 140/217/96 142/219/96 141/220/96
f 141/220/97 142/219/97 144/221/97 143/222/97
f 143/222/98 144/221/98 146/223/98 145/224/98
f 145/224/99 146/223/99 148/225/99 147/226/99
f 147/226/100 148/225/100 150/227/100 149/228/100
f 149/228/101 150/227/101 152/229/101 151/230/101
f 151/230/102 152/229/102 154/231/102 153/232/102
f 153/232/103 154/231/103 156/233/103 155/234/103
f 155/234/104 156/233/104 158/235/104 157/236/104
f 157/236/105 158/235/105 160/237/105 159/238/105
f 159/238/106 160/237/106 162/239/106 161/240/106
f 161/240/107 162/239/107 164/241/107 163/242/107
f 163/242/108 164/241/108 166/243/108 165/244/108
f 165/244/109 166/243/109 168/245/109 167/246/109
f 167/246/110 168/245/110 170/247/110 169/248/110
f 169/248/111 170/247/111 172/249/111 171/250/111
f 171/250/112 172/249/112 174/251/112 173/252/112
f 108/253/113 106/254/113 176/255/113 174/256/113 172/257/113 170/258/113 168/259/113 166/260/113 164/261/113 162/262/113 160/263/113 158/264/113 156/265/113 154/266/113 152/267/113 150/268/113 148/269/113 146/270/113 144/271/113 142/272/113 140/273/113 138/274/113 136/275/113 134/276/113 132/277/113 130/278/113 128/279/113 126/280/113 124/281/113 122/282/113 120/283/113 118/284/113 116/285/113 114/286/113 112/287/113 110/288/113
f 173/252/114 174/251/114 176/289/114 175/290/114
f 175/290/115 176/289/115 106/291/115 105/292/115
f 105/293/116 107/294/116 109/295/116 111/296/116 113/297/116 115/298/116 117/299/116 119/300/116 121/301/116 123/302/116 125/303/116 127/304/116 129/305/116 131/306/116 133/307/116 135/308/116 137/309/116 139/310/116 141/311/116 143/312/116 145/313/116 147/314/116 149/315/116 151/316/116 153/317/116 155/318/116 157/319/116 159/320/116 161/321/116 163/322/116 165/323/116 167/324/116 169/325/116 171/326/116 173/327/116 175/328/116
o Q_Ring_0
v -0.185000 0.246000 -0.078000
v -0.185000 0.262000 -0.078000
v -0.171455 0.246000 -0.076815
v -0.171455 0.262000 -0.076815
v -0.158322 0.246000 -0.073296
v -0.158322 0.262000 -0.073296
v -0.146000 0.246000 -0.067550
v -0.146000 0.262000 -0.067550
v -0.134863 0.246000 -0.059751
v -0.134863 0.262000 -0.059751
v -0.125249 0.246000 -0.050137
v -0.125249 0.262000 -0.050137
v -0.117450 0.246000 -0.039000
v -0.117450 0.262000 -0.039000
v -0.111704 0.246000 -0.026678
v -0.111704 0.262000 -0.026678
v -0.108185 0.246000 -0.013545
v -0.108185 0.262000 -0.013545
v -0.107000 0.246000 0.000000
v -0.107000 0.262000 0.000000
v -0.108185 0.246000 0.013545
v -0.108185 0.262000 0.013545
v -0.111704 0.246000 0.026678
v -0.111704 0.262000 0.026678
v -0.117450 0.246000 0.039000
v -0.117450 0.262000 0.039000
v -0.125249 0.246000 0.050137
v -0.125249 0.262000 0.050137
v -0.134863 0.246000 0.059751
v -0.134863 0.262000 0.059751
v -0.146000 0.246000 0.067550
v -0.146000 0.262000 0.067550
v -0.158322 0.246000 0.073296
v -0.158322 0.262000 0.073296
v -0.171455 0.246000 0.076815
v -0.171455 0.262000 0.076815
v -0.185000 0.246000 0.078000
v -0.185000 0.262000 0.078000
v -0.198545 0.246000 0.076815
v -0.198545 0.262000 0.076815
v -0.211678 0.246000 0.073296
v -0.211678 0.262000 0.073296
v -0.224000 0.246000 0.067550
v -0.224000 0.262000 0.067550
v -0.235137 0.246000 0.059751
v -0.235137 0.262000 0.059751
v -0.244751 0.246000 0.050137
v -0.244751 0.262000 0.050137
v -0.252550 0.246000 0.039000
v -0.252550 0.262000 0.039000
v -0.258296 0.246000 0.026678
v -0.258296 0.262000 0.026678
v -0.261815 0.246000 0.013545
v -0.261815 0.262000 0.013545
v -0.263000 0.246000 0.000000
v -0.263000 0.262000 0.000000
v -0.261815 0.246000 -0.013545
v -0.261815 0.262000 -0.013545
v -0.258296 0.246000 -0.026678
v -0.258296 0.262000 -0.026678
v -0.252550 0.246000 -0.039000
v -0.252550 0.262000 -0.039000
v -0.244751 0.246000 -0.050137
v -0.244751 0.262000 -0.050137
v -0.235137 0.246000 -0.059751
v -0.235137 0.262000 -0.059751
v -0.224000 0.246000 -0.067550
v -0.224000 0.262000 -0.067550
v -0.211678 0.246000 -0.073296
v -0.211678 0.262000 -0.073296
v -0.198545 0.246000 -0.076815
v -0.198545 0.262000 -0.076815
vn 0.0872 -0.0000 -0.9962
vn 0.2588 -0.0000 -0.9659
vn 0.4226 -0.0000 -0.9063
vn 0.5736 -0.0000 -0.8192
vn 0.7071 -0.0000 -0.7071
vn 0.8192 -0.0000 -0.5736
vn 0.9063 -0.0000 -0.4226
vn 0.9659 -0.0000 -0.2588
vn 0.9962 -0.0000 -0.0872
vn 0.9962 -0.0000 0.0872
vn 0.9659 -0.0000 0.2588
vn 0.9063 -0.0000 0.4226
vn 0.8192 -0.0000 0.5736
vn 0.7071 -0.0000 0.7071
vn 0.5736 -0.0000 0.8192
vn 0.4226 -0.0000 0.9063
vn 0.2588 -0.0000 0.9659
vn 0.0872 -0.0000 0.9962
vn -0.0872 -0.0000 0.9962
vn -0.2588 -0.0000 0.9659
vn -0.4226 -0.0000 0.9063
vn -0.5736 -0.0000 0.8192
vn -0.7071 -0.0000 0.7071
vn -0.8192 -0.0000 0.5736
vn -0.9063 -0.0000 0.4226
vn -0.9659 -0.0000 0.2588
vn -0.9962 -0.0000 0.0872
vn -0.9962 -0.0000 -0.0872
vn -0.9659 -0.0000 -0.2588
vn -0.9063 -0.0000 -0.4226
vn -0.8192 -0.0000 -0.5736
vn -0.7071 -0.0000 -0.7071
vn -0.5736 -0.0000 -0.8192
vn -0.4226 -0.0000 -0.9063
vn -0.0000 1.0000 -0.0000
vn -0.2588 -0.0000 -0.9659
vn -0.0872 -0.0000 -0.9962
vn -0.0000 -1.0000 -0.0000
vt 1.000000 0.500000
vt 1.000000 1.000000
vt 0.972222 1.000000
vt 0.972222 0.500000
vt 0.944444 1.000000
vt 0.944444 0.500000
vt 0.916667 1.000000
vt 0.916667 0.500000
vt 0.888889 1.000000
vt 0.888889 0.500000
vt 0.861111 1.000000
vt 0.861111 0.500000
vt 0.833333 1.000000
vt 0.833333 0.500000
vt 0.805555 1.000000
vt 0.805555 0.500000
vt 0.777778 1.000000
vt 0.777778 0.500000
vt 0.750000 1.000000
vt 0.750000 0.500000
vt 0.722222 1.000000
vt 0.722222 0.500000
vt 0.694444 1.000000
vt 0.694444 0.500000
vt 0.666667 1.000000
vt 0.666667 0.500000
vt 0.638889 1.000000
vt 0.638889 0.500000
vt 0.611111 1.000000
vt 0.611111 0.500000
vt 0.583333 1.000000
vt 0.583333 0.500000
vt 0.555555 1.000000
vt 0.555555 0.500000
vt 0.527778 1.000000
vt 0.527778 0.500000
vt 0.500000 1.000000
vt 0.500000 0.500000
vt 0.472222 1.000000
vt 0.472222 0.500000
vt 0.444444 1.000000
vt 0.444444 0.500000
vt 0.416666 1.000000
vt 0.416666 0.500000
vt 0.388889 1.000000
vt 0.388889 0.500000
vt 0.361111 1.000000
vt 0.361111 0.500000
vt 0.333333 1.000000
vt 0.333333 0.500000
vt 0.305555 1.000000
vt 0.305555 0.500000
vt 0.277777 1.000000
vt 0.277777 0.500000
vt 0.250000 1.000000
vt 0.250000 0.500000
vt 0.222222 1.000000
vt 0.222222 0.500000
vt 0.194444 1.000000
vt 0.194444 0.500000
vt 0.166666 1.000000
vt 0.166666 0.500000
vt 0.138889 1.000000
vt 0.138889 0.500000
vt 0.111111 1.000000
vt 0.111111 0.500000
vt 0.083333 1.000000
vt 0.083333 0.500000
vt 0.055555 1.000000
vt 0.055555 0.500000
vt 0.291676 0.486354
vt 0.250000 0.490000
vt 0.208324 0.486354
vt 0.167915 0.475526
vt 0.130000 0.457846
vt 0.095731 0.433851
vt 0.066149 0.404269
vt 0.042154 0.370000
vt 0.024474 0.332085
vt 0.013646 0.291676
vt 0.010000 0.250000
vt 0.013646 0.208324
vt 0.024474 0.167915
vt 0.042154 0.130000
vt 0.066149 0.095731
vt 0.095731 0.066149
vt 0.130000 0.042154
vt 0.167915 0.024474
vt 0.208324 0.013646
vt 0.250000 0.010000
vt 0.291676 0.013646
vt 0.332085 0.024474
vt 0.370000 0.042154
vt 0.404269 0.066149
vt 0.433851 0.095731
vt 0.457846 0.130000
vt 0.475526 0.167915
vt 0.486354 0.208324
vt 0.490000 0.250000
vt 0.486354 0.291676
vt 0.475526 0.332085
vt 0.457846 0.370000
vt 0.433851 0.404269
vt 0.404269 0.433851
vt 0.370000 0.457846
vt 0.332085 0.475526
vt 0.027777 1.000000
vt 0.027777 0.500000
vt -0.000000 1.000000
vt -0.000000 0.500000
vt 0.750000 0.490000
vt 0.791676 0.486354
vt 0.832085 0.475526
vt 0.870000 0.457846
vt 0.904269 0.433851
vt 0.933851 0.404269
vt 0.957846 0.370000
vt 0.975526 0.332085
vt 0.986354 0.291676
vt 0.990000 0.250000
vt 0.986354 0.208324
vt 0.975526 0.167915
vt 0.957846 0.130000
vt 0.933851 0.095731
vt 0.904269 0.066149
vt 0.870000 0.042154
vt 0.832085 0.024474
vt 0.791676 0.013646
vt 0.750000 0.010000
vt 0.708324 0.013646
vt 0.667915 0.024474
vt 0.630000 0.042154
vt 0.595731 0.066149
vt 0.566149 0.095731
vt 0.542154 0.130000
vt 0.524474 0.167915
vt 0.513646 0.208324
vt 0.510000 0.250000
vt 0.513646 0.291676
vt 0.524474 0.332085
vt 0.542154 0.370000
vt 0.566149 0.404269
vt 0.595731 0.433851
vt 0.630000 0.457846
vt 0.667915 0.475526
vt 0.708324 0.486354
s 0
usemtl Burner
f 177/329/117 178/330/117 180/331/117 179/332/117
f 179/332/118 180/331/118 182/333/118 181/334/118
f 181/334/119 182/333/119 184/335/119 183/336/119
f 183/336/120 184/335/120 186/337/120 185/338/120
f 185/338/121 186/337/121 188/339/121 187/340/121
f 187/340/122 188/339/122 190/341/122 189/342/122
f 189/342/123 190/341/123 192/343/123 191/344/123
f 191/344/124 192/343/124 194/345/124 193/346/124
f 193/346/125 194/345/125 196/347/125 195/348/125
f 195/348/126 196/347/126 198/349/126 197/350/126
f 197/350/127 198/349/127 200/351/127 199/352/127
f 199/352/128 200/351/128 202/353/128 201/354/128
f 201/354/129 202/353/129 204/355/129 203/356/129
f 203/356/130 204/355/130 206/357/130 205/358/130
f 205/358/131 206/357/131 208/359/131 207/360/131
f 207/360/132 208/359/132 210/361/132 209/362/132
f 209/362/133 210/361/133 212/363/133 211/364/133
f 211/364/134 212/363/134 214/365/134 213/366/134
f 213/366/135 214/365/135 216/367/135 215/368/135
f 215/368/136 216/367/136 218/369/136 217/370/136
f 217/370/137 218/369/137 220/371/137 219/372/137
f 219/372/138 220/371/138 222/373/138 221/374/138
f 221/374/139 222/373/139 224/375/139 223/376/139
f 223/376/140 224/375/140 226/377/140 225/378/140
f 225/378/141 226/377/141 228/379/141 227/380/141
f 227/380/142 228/379/142 230/381/142 229/382/142
f 229/382/143 230/381/143 232/383/143 231/384/143
f 231/384/144 232/383/144 234/385/144 233/386/144
f 233/386/145 234/385/145 236/387/145 235/388/145
f 235/388/146 236/387/146 238/389/146 237/390/146
f 237/390/147 238/389/147 240/391/147 239/392/147
f 239/392/148 240/391/148 242/393/148 241/394/148
f 241/394/149 242/393/149 244/395/149 243/396/149
f 243/396/150 244/395/150 246/397/150 245/398/150
f 180/399/151 178/400/151 248/401/151 246/402/151 244/403/151 242/404/151 240/405/151 238/406/151 236/407/151 234/408/151 232/409/151 230/410/151 228/411/151 226/412/151 224/413/151 222/414/151 220/415/151 218/416/151 216/417/151 214/418/151 212/419/151 210/420/151 208/421/151 206/422/151 204/423/151 202/424/151 200/425/151 198/426/151 196/427/151 194/428/151 192/429/151 190/430/151 188/431/151 186/432/151 184/433/151 182/434/151
f 245/398/152 246/397/152 248/435/152 247/436/152
f 247/436/153 248/435/153 178/437/153 177/438/153
f 177/439/154 179/440/154 181/441/154 183/442/154 185/443/154 187/444/154 189/445/154 191/446/154 193/447/154 195/448/154 197/449/154 199/450/154 201/451/154 203/452/154 205/453/154 207/454/154 209/455/154 211/456/154 213/457/154 215/458/154 217/459/154 219/460/154 221/461/154 223/462/154 225/463/154 227/464/154 229/465/154 231/466/154 233/467/154 235/468/154 237/469/154 239/470/154 241/471/154 243/472/154 245/473/154 247/474/154
o Q_Slot_0_0
v -0.113000 0.245000 -0.009000
v -0.113000 0.263000 -0.009000
v -0.110454 0.245000 -0.006364
v -0.110454 0.263000 -0.006364
v -0.109400 0.245000 0.000000
v -0.109400 0.263000 0.000000
v -0.110454 0.245000 0.006364
v -0.110454 0.263000 0.006364
v -0.113000 0.245000 0.009000
v -0.113000 0.263000 0.009000
v -0.115546 0.245000 0.006364
v -0.115546 0.263000 0.006364
v -0.116600 0.245000 0.000000
v -0.116600 0.263000 0.000000
v -0.115546 0.245000 -0.006364
v -0.115546 0.263000 -0.006364
vn 0.7193 -0.0000 -0.6947
vn 0.9866 -0.0000 -0.1635
vn 0.9866 -0.0000 0.1635
vn 0.7193 -0.0000 0.6947
vn -0.7193 -0.0000 0.6947
vn -0.9866 -0.0000 0.1635
vn -0.0000 1.0000 -0.0000
vn -0.9866 -0.0000 -0.1635
vn -0.7193 -0.0000 -0.6947
vn -0.0000 -1.0000 -0.0000
vt 1.000000 0.500000
vt 1.000000 1.000000
vt 0.875000 1.000000
vt 0.875000 0.500000
vt 0.750000 1.000000
vt 0.750000 0.500000
vt 0.625000 1.000000
vt 0.625000 0.500000
vt 0.500000 1.000000
vt 0.500000 0.500000
vt 0.375000 1.000000
vt 0.375000 0.500000
vt 0.250000 1.000000
vt 0.250000 0.500000
vt 0.419706 0.419706
vt 0.250000 0.490000
vt 0.080294 0.419706
vt 0.010000 0.250000
vt 0.080294 0.080294
vt 0.250000 0.010000
vt 0.419706 0.080294
vt 0.490000 0.250000
vt 0.125000 1.000000
vt 0.125000 0.500000
vt 0.000000 1.000000
vt 0.000000 0.500000
vt 0.750000 0.490000
vt 0.919706 0.419706
vt 0.990000 0.250000
vt 0.919706 0.080294
vt 0.750000 0.010000
vt 0.580294 0.080294
vt 0.510000 0.250000
vt 0.580294 0.419706
s 0
usemtl Burner
f 249/475/155 250/476/155 252/477/155 251/478/155
f 251/478/156 252/477/156 254/479/156 253/480/156
f 253/480/157 254/479/157 256/481/157 255/482/157
f 255/482/158 256/481/158 258/483/158 257/484/158
f 257/484/159 258/483/159 260/485/159 259/486/159
f 259/486/160 260/485/160 262/487/160 261/488/160
f 252/489/161 250/490/161 264/491/161 262/492/161 260/493/161 258/494/161 256/495/161 254/496/161
f 261/488/162 262/487/162 264/497/162 263/498/162
f 263/498/163 264/497/163 250/499/163 249/500/163
f 249/501/164 251/502/164 253/503/164 255/504/164 257/505/164 259/506/164 261/507/164 263/508/164
o Q_Slot_0_1
v -0.140452 0.245000 -0.057276
v -0.140452 0.263000 -0.057276
v -0.136788 0.245000 -0.057212
v -0.136788 0.263000 -0.057212
v -0.131543 0.245000 -0.053457
v -0.131543 0.263000 -0.053457
v -0.127788 0.245000 -0.048212
v -0.127788 0.263000 -0.048212
v -0.127724 0.245000 -0.044548
v -0.127724 0.263000 -0.044548
v -0.131388 0.245000 -0.044612
v -0.131388 0.263000 -0.044612
v -0.136634 0.245000 -0.048366
v -0.136634 0.263000 -0.048366
v -0.140388 0.245000 -0.053612
v -0.140388 0.263000 -0.053612
vn 0.0175 -0.0000 -0.9998
vn 0.5820 -0.0000 -0.8132
vn 0.8132 -0.0000 -0.5820
vn 0.9998 -0.0000 -0.0175
vn -0.0175 -0.0000 0.9998
vn -0.5820 -0.0000 0.8132
vn -0.0000 1.0000 -0.0000
vn -0.8132 -0.0000 0.5820
vn -0.9998 -0.0000 0.0175
vn -0.0000 -1.0000 -0.0000
vt 1.000000 0.500000
vt 1.000000 1.000000
vt 0.875000 1.000000
vt 0.875000 0.500000
vt 0.750000 1.000000
vt 0.750000 0.500000
vt 0.625000 1.000000
vt 0.625000 0.500000
vt 0.500000 1.000000
vt 0.500000 0.500000
vt 0.375000 1.000000
vt 0.375000 0.500000
vt 0.250000 1.000000
vt 0.250000 0.500000
vt 0.419706 0.419706
vt 0.250000 0.490000
vt 0.080294 0.419706
vt 0.010000 0.250000
vt 0.080294 0.080294
vt 0.250000 0.010000
vt 0.419706 0.080294
vt 0.490000 0.250000
vt 0.125000 1.000000
vt 0.125000 0.500000
vt 0.000000 1.000000
vt 0.000000 0.500000
vt 0.750000 0.490000
vt 0.919706 0.419706
vt 0.990000 0.250000
vt 0.919706 0.080294
vt 0.750000 0.010000
vt 0.580294 0.080294
vt 0.510000 0.250000
vt 0.580294 0.419706
s 0
usemtl Burner
f 265/509/165 266/510/165 268/511/165 267/512/165
f 267/512/166 268/511/166 270/513/166 269/514/166
f 269/514/167 270/513/167 272/515/167 271/516/167
f 271/516/168 272/515/168 274/517/168 273/518/168
f 273/518/169 274/517/169 276/519/169 275/520/169
f 275/520/170 276/519/170 278/521/170 277/522/170
f 268/523/171 266/524/171 280/525/171 278/526/171 276/527/171 274/528/171 272/529/171 270/530/171
f 277/522/172 278/521/172 280/531/172 279/532/172
f 279/532/173 280/531/173 266/533/173 265/534/173
f 265/535/174 267/536/174 269/537/174 271/538/174 273/539/174 275/540/174 277/541/174 279/542/174
o Q_Slot_0_2
v -0.194000 0.245000 -0.072000
v -0.194000 0.263000 -0.072000
v -0.191364 0.245000 -0.074546
v -0.191364 0.263000 -0.074546
v -0.185000 0.245000 -0.075600
v -0.185000 0.263000 -0.075600
v -0.178636 0.245000 -0.074546
v -0.178636 0.263000 -0.074546
v -0.176000 0.245000 -0.072000
v -0.176000 0.263000 -0.072000
v -0.178636 0.245000 -0.069454
v -0.178636 0.263000 -0.069454
v -0.185000 0.245000 -0.068400
v -0.185000 0.263000 -0.068400
v -0.191364 0.245000 -0.069454
v -0.191364 0.263000 -0.069454
vn -0.6947 -0.0000 -0.7193
vn -0.1635 -0.0000 -0.9866
vn 0.1635 -0.0000 -0.9866
vn 0.6947 -0.0000 -0.7193
vn 0.6947 -0.0000 0.7193
vn 0.1635 -0.0000 0.9866
vn -0.0000 1.0000 -0.0000
vn -0.1635 -0.0000 0.9866
vn -0.6947 -0.0000 0.7193
vn -0.0000 -1.0000 -0.0000
vt 1.000000 0.500000
vt 1.000000 1.000000
vt 0.875000 1.000000
vt 0.875000 0.500000
vt 0.750000 1.000000
vt 0.750000 0.500000
vt 0.625000 1.000000
vt 0.625000 0.500000
vt 0.500000 1.000000
vt 0.500000 0.500000
vt 0.375000 1.000000
vt 0.375000 0.500000
vt 0.250000 1.000000
vt 0.250000 0.500000
vt 0.419706 0.419706
vt 0.250000 0.490000
vt 0.080294 0.419706
vt 0.010000 0.250000
vt 0.080294 0.080294
vt 0.250000 0.010000
vt 0.419706 0.080294
vt 0.490000 0.250000
vt 0.125000 1.000000
vt 0.125000 0.500000
vt 0.000000 1.000000
vt 0.000000 0.500000
vt 0.750000 0.490000
vt 0.919706 0.419706
vt 0.990000 0.250000
vt 0.919706 0.080294
vt 0.750000 0.010000
vt 0.580294 0.080294
vt 0.510000 0.250000
vt 0.580294 0.419706
s 0
usemtl Burner
f 281/543/175 282/544/175 284/545/175 283/546/175
f 283/546/176 284/545/176 286/547/176 285/548/176
f 285/548/177 286/547/177 288/549/177 287/550/177
f 287/550/178 288/549/178 290/551/178 289/552/178
f 289/552/179 290/551/179 292/553/179 291/554/179
f 291/554/180 292/553/180 294/555/180 293/556/180
f 284/557/181 282/558/181 296/559/181 294/560/181 292/561/181 290/562/181 288/563/181 286/564/181
f 293/556/182 294/555/182 296/565/182 295/566/182
f 295/566/183 296/565/183 282/567/183 281/568/183
f 281/569/184 283/570/184 285/571/184 287/572/184 289/573/184 291/574/184 293/575/184 295/576/184
o Q_Slot_0_3
v -0.242276 0.245000 -0.044548
v -0.242276 0.263000 -0.044548
v -0.242212 0.245000 -0.048212
v -0.242212 0.263000 -0.048212
v -0.238457 0.245000 -0.053457
v -0.238457 0.263000 -0.053457
v -0.233212 0.245000 -0.057212
v -0.233212 0.263000 -0.057212
v -0.229548 0.245000 -0.057276
v -0.229548 0.263000 -0.057276
v -0.229612 0.245000 -0.053612
v -0.229612 0.263000 -0.053612
v -0.233366 0.245000 -0.048366
v -0.233366 0.263000 -0.048366
v -0.238612 0.245000 -0.044612
v -0.238612 0.263000 -0.044612
vn -0.9998 -0.0000 -0.0175
vn -0.8132 -0.0000 -0.5820
vn -0.5820 -0.0000 -0.8132
vn -0.0175 -0.0000 -0.9998
vn 0.9998 -0.0000 0.0175
vn 0.8132 -0.0000 0.5820
vn -0.0000 1.0000 -0.0000
vn 0.5820 -0.0000 0.8132
vn 0.0175 -0.0000 0.9998
vn -0.0000 -1.0000 -0.0000
vt 1.000000 0.500000
vt 1.000000 1.000000
vt 0.875000 1.000000
vt 0.875000 0.500000
vt 0.750000 1.000000
vt 0.750000 0.500000
vt 0.625000 1.000000
vt 0.625000 0.500000
vt 0.500000 1.000000
vt 0.500000 0.500000
vt 0.375000 1.000000
vt 0.375000 0.500000
vt 0.250000 1.000000
vt 0.250000 0.500000
vt 0.419706 0.419706
vt 0.250000 0.490000
vt 0.080294 0.419706
vt 0.010000 0.250000
vt 0.080294 0.080294
vt 0.250000 0.010000
vt 0.419706 0.080294
vt 0.490000 0.250000
vt 0.125000 1.000000
vt 0.125000 0.500000
vt 0.000000 1.000000
vt 0.000000 0.500000
vt 0.750000 0.490000
vt 0.919706 0.419706
vt 0.990000 0.250000
vt 0.919706 0.080294
vt 0.750000 0.010000
vt 0.580294 0.080294
vt 0.510000 0.250000
vt 0.580294 0.419706
s 0
usemtl Burner
f 297/577/185 298/578/185 300/579/185 299/580/185
f 299/580/186 300/579/186 302/581/186 301/582/186
f 301/582/187 302/581/187 304/583/187 303/584/187
f 303/584/188 304/583/188 306/585/188 305/586/188
f 305/586/189 306/585/189 308/587/189 307/588/189
f 307/588/190 308/587/190 310/589/190 309/590/190
f 300/591/191 298/592/191 312/593/191 310/594/191 308/595/191 306/596/191 304/597/191 302/598/191
f 309/590/192 310/589/192 312/599/192 311/600/192
f 311/600/193 312/599/193 298/601/193 297/602/193
f 297/603/194 299/604/194 301/605/194 303/606/194 305/607/194 307/608/194 309/609/194 311/610/194
o Q_Slot_0_4
v -0.257000 0.245000 0.009000
v -0.257000 0.263000 0.009000
v -0.259546 0.245000 0.006364
v -0.259546 0.263000 0.006364
v -0.260600 0.245000 0.000000
v -0.260600 0.263000 0.000000
v -0.259546 0.245000 -0.006364
v -0.259546 0.263000 -0.006364
v -0.257000 0.245000 -0.009000
v -0.257000 0.263000 -0.009000
v -0.254454 0.245000 -0.006364
v -0.254454 0.263000 -0.006364
v -0.253400 0.245000 -0.000000
v -0.253400 0.263000 -0.000000
v -0.254454 0.245000 0.006364
v -0.254454 0.263000 0.006364
vn -0.7193 -0.0000 0.6947
vn -0.9866 -0.0000 0.1635
vn -0.9866 -0.0000 -0.1635
vn -0.7193 -0.0000 -0.6947
vn 0.7193 -0.0000 -0.6947
vn 0.9866 -0.0000 -0.1635
vn -0.0000 1.0000 -0.0000
vn 0.9866 -0.0000 0.1635
vn 0.7193 -0.0000 0.6947
vn -0.0000 -1.0000 -0.0000
vt 1.000000 0.500000
vt 1.000000 1.000000
vt 0.875000 1.000000
vt 0.875000 0.500000
vt 0.750000 1.000000
vt 0.750000 0.500000
vt 0.625000 1.000000
vt 0.625000 0.500000
vt 0.500000 1.000000
vt 0.500000 0.500000
vt 0.375000 1.000000
vt 0.375000 0.500000
vt 0.250000 1.000000
vt 0.250000 0.500000
vt 0.419706 0.419706
vt 0.250000 0.490000
vt 0.080294 0.419706
vt 0.010000 0.250000
vt 0.080294 0.080294
vt 0.250000 0.010000
vt 0.419706 0.080294
vt 0.490000 0.250000
vt 0.125000 1.000000
vt 0.125000 0.500000
vt 0.000000 1.000000
vt 0.000000 0.500000
vt 0.750000 0.490000
vt 0.919706 0.419706
vt 0.990000 0.250000
vt 0.919706 0.080294
vt 0.750000 0.010000
vt 0.580294 0.080294
vt 0.510000 0.250000
vt 0.580294 0.419706
s 0
usemtl Burner
f 313/611/195 314/612/195 316/613/195 315/614/195
f 315/614/196 316/613/196 318/615/196 317/616/196
f 317/616/197 318/615/197 320/617/197 319/618/197
f 319/618/198 320/617/198 322/619/198 321/620/198
f 321/620/199 322/619/199 324/621/199 323/622/199
f 323/622/200 324/621/200 326/623/200 325/624/200
f 316/625/201 314/626/201 328/627/201 326/628/201 324/629/201 322/630/201 320/631/201 318/632/201
f 325/624/202 326/623/202 328/633/202 327/634/202
f 327/634/203 328/633/203 314/635/203 313/636/203
f 313/637/204 315/638/204 317/639/204 319/640/204 321/641/204 323/642/204 325/643/204 327/644/204
o Q_Slot_0_5
v -0.229548 0.245000 0.057276
v -0.229548 0.263000 0.057276
v -0.233212 0.245000 0.057212
v -0.233212 0.263000 0.057212
v -0.238457 0.245000 0.053457
v -0.238457 0.263000 0.053457
v -0.242212 0.245000 0.048212
v -0.242212 0.263000 0.048212
v -0.242276 0.245000 0.044548
v -0.242276 0.263000 0.044548
v -0.238612 0.245000 0.044612
v -0.238612 0.263000 0.044612
v -0.233366 0.245000 0.048366
v -0.233366 0.263000 0.048366
v -0.229612 0.245000 0.053612
v -0.229612 0.263000 0.053612
vn -0.0175 -0.0000 0.9998
vn -0.5820 -0.0000 0.8132
vn -0.8132 -0.0000 0.5820
vn -0.9998 -0.0000 0.0175
vn 0.0175 -0.0000 -0.9998
vn 0.5820 -0.0000 -0.8132
vn -0.0000 1.0000 -0.0000
vn 0.8132 -0.0000 -0.5820
vn 0.9998 -0.0000 -0.0175
vn -0.0000 -1.0000 -0.0000
vt 1.000000 0.500000
vt 1.000000 1.000000
vt 0.875000 1.000000
vt 0.875000 0.500000
vt 0.750000 1.000000
vt 0.750000 0.500000
vt 0.625000 1.000000
vt 0.625000 0.500000
vt 0.500000 1.000000
vt 0.500000 0.500000
vt 0.375000 1.000000
vt 0.375000 0.500000
vt 0.250000 1.000000
vt 0.250000 0.500000
vt 0.419706 0.419706
vt 0.250000 0.490000
vt 0.080294 0.419706
vt 0.010000 0.250000
vt 0.080294 0.080294
vt 0.250000 0.010000
vt 0.419706 0.080294
vt 0.490000 0.250000
vt 0.125000 1.000000
vt 0.125000 0.500000
vt 0.000000 1.000000
vt 0.000000 0.500000
vt 0.750000 0.490000
vt 0.919706 0.419706
vt 0.990000 0.250000
vt 0.919706 0.080294
vt 0.750000 0.010000
vt 0.580294 0.080294
vt 0.510000 0.250000
vt 0.580294 0.419706
s 0
usemtl Burner
f 329/645/205 330/646/205 332/647/205 331/648/205
f 331/648/206 332/647/206 334/649/206 333/650/206
f 333/650/207 334/649/207 336/651/207 335/652/207
f 335/652/208 336/651/208 338/653/208 337/654/208
f 337/654/209 338/653/209 340/655/209 339/656/209
f 339/656/210 340/655/210 342/657/210 341/658/210
f 332/659/211 330/660/211 344/661/211 342/662/211 340/663/211 338/664/211 336/665/211 334/666/211
f 341/658/212 342/657/212 344/667/212 343/668/212
f 343/668/213 344/667/213 330/669/213 329/670/213
f 329/671/214 331/672/214 333/673/214 335/674/214 337/675/214 339/676/214 341/677/214 343/678/214
o Q_Slot_0_6
v -0.176000 0.245000 0.072000
v -0.176000 0.263000 0.072000
v -0.178636 0.245000 0.074546
v -0.178636 0.263000 0.074546
v -0.185000 0.245000 0.075600
v -0.185000 0.263000 0.075600
v -0.191364 0.245000 0.074546
v -0.191364 0.263000 0.074546
v -0.194000 0.245000 0.072000
v -0.194000 0.263000 0.072000
v -0.191364 0.245000 0.069454
v -0.191364 0.263000 0.069454
v -0.185000 0.245000 0.068400
v -0.185000 0.263000 0.068400
v -0.178636 0.245000 0.069454
v -0.178636 0.263000 0.069454
vn 0.6947 -0.0000 0.7193
vn 0.1635 -0.0000 0.9866
vn -0.1635 -0.0000 0.9866
vn -0.6947 -0.0000 0.7193
vn -0.6947 -0.0000 -0.7193
vn -0.1635 -0.0000 -0.9866
vn -0.0000 1.0000 -0.0000
vn 0.1635 -0.0000 -0.9866
vn 0.6947 -0.0000 -0.7193
vn -0.0000 -1.0000 -0.0000
vt 1.000000 0.500000
vt 1.000000 1.000000
vt 0.875000 1.000000
vt 0.875000 0.500000
vt 0.750000 1.000000
vt 0.750000 0.500000
vt 0.625000 1.000000
vt 0.625000 0.500000
vt 0.500000 1.000000
vt 0.500000 0.500000
vt 0.375000 1.000000
vt 0.375000 0.500000
vt 0.250000 1.000000
vt 0.250000 0.500000
vt 0.419706 0.419706
vt 0.250000 0.490000
vt 0.080294 0.419706
vt 0.010000 0.250000
vt 0.080294 0.080294
vt 0.250000 0.010000
vt 0.419706 0.080294
vt 0.490000 0.250000
vt 0.125000 1.000000
vt 0.125000 0.500000
vt 0.000000 1.000000
vt 0.000000 0.500000
vt 0.750000 0.490000
vt 0.919706 0.419706
vt 0.990000 0.250000
vt 0.919706 0.080294
vt 0.750000 0.010000
vt 0.580294 0.080294
vt 0.510000 0.250000
vt 0.580294 0.419706
s 0
usemtl Burner
f 345/679/215 346/680/215 348/681/215 347/682/215
f 347/682/216 348/681/216 350/683/216 349/684/216
f 349/684/217 350/683/217 352/685/217 351/686/217
f 351/686/218 352/685/218 354/687/218 353/688/218
f 353/688/219 354/687/219 356/689/219 355/690/219
f 355/690/220 356/689/220 358/691/220 357/692/220
f 348/693/221 346/694/221 360/695/221 358/696/221 356/697/221 354/698/221 352/699/221 350/700/221
f 357/692/222 358/691/222 360/701/222 359/702/222
f 359/702/223 360/701/223 346/703/223 345/704/223
f 345/705/224 347/706/224 349/707/224 351/708/224 353/709/224 355/710/224 357/711/224 359/712/224
o Q_Slot_0_7
v -0.127724 0.245000 0.044548
v -0.127724 0.263000 0.044548
v -0.127788 0.245000 0.048212
v -0.127788 0.263000 0.048212
v -0.131543 0.245000 0.053457
v -0.131543 0.263000 0.053457
v -0.136788 0.245000 0.057212
v -0.136788 0.263000 0.057212
v -0.140452 0.245000 0.057276
v -0.140452 0.263000 0.057276
v -0.140388 0.245000 0.053612
v -0.140388 0.263000 0.053612
v -0.136634 0.245000 0.048366
v -0.136634 0.263000 0.048366
v -0.131388 0.245000 0.044612
v -0.131388 0.263000 0.044612
vn 0.9998 -0.0000 0.0175
vn 0.8132 -0.0000 0.5820
vn 0.5820 -0.0000 0.8132
vn 0.0175 -0.0000 0.9998
vn -0.9998 -0.0000 -0.0175
vn -0.8132 -0.0000 -0.5820
vn -0.0000 1.0000 -0.0000
vn -0.5820 -0.0000 -0.8132
vn -0.0175 -0.0000 -0.9998
vn -0.0000 -1.0000 -0.0000
vt 1.000000 0.500000
vt 1.000000 1.000000
vt 0.875000 1.000000
vt 0.875000 0.500000
vt 0.750000 1.000000
vt 0.750000 0.500000
vt 0.625000 1.000000
vt 0.625000 0.500000
vt 0.500000 1.000000
vt 0.500000 0.500000
vt 0.375000 1.000000
vt 0.375000 0.500000
vt 0.250000 1.000000
vt 0.250000 0.500000
vt 0.419706 0.419706
vt 0.250000 0.490000
vt 0.080294 0.419706
vt 0.010000 0.250000
vt 0.080294 0.080294
vt 0.250000 0.010000
vt 0.419706 0.080294
vt 0.490000 0.250000
vt 0.125000 1.000000
vt 0.125000 0.500000
vt 0.000000 1.000000
vt 0.000000 0.500000
vt 0.750000 0.490000
vt 0.919706 0.419706
vt 0.990000 0.250000
vt 0.919706 0.080294
vt 0.750000 0.010000
vt 0.580294 0.080294
vt 0.510000 0.250000
vt 0.580294 0.419706
s 0
usemtl Burner
f 361/713/225 362/714/225 364/715/225 363/716/225
f 363/716/226 364/715/226 366/717/226 365/718/226
f 365/718/227 366/717/227 368/719/227 367/720/227
f 367/720/228 368/719/228 370/721/228 369/722/228
f 369/722/229 370/721/229 372/723/229 371/724/229
f 371/724/230 372/723/230 374/725/230 373/726/230
f 364/727/231 362/728/231 376/729/231 374/730/231 372/731/231 370/732/231 368/733/231 366/734/231
f 373/726/232 374/725/232 376/735/232 375/736/232
f 375/736/233 376/735/233 362/737/233 361/738/233
f 361/739/234 363/740/234 365/741/234 367/742/234 369/743/234 371/744/234 373/745/234 375/746/234
o Q_Dome_0
v -0.185000 0.279588 -0.015000
v -0.185000 0.264000 -0.030000
v -0.185000 0.248412 -0.015000
v -0.182601 0.281387 -0.007385
v -0.180365 0.279588 -0.014266
v -0.178445 0.276728 -0.020175
v -0.176972 0.273000 -0.024709
v -0.176045 0.268659 -0.027560
v -0.175729 0.264000 -0.028532
v -0.176045 0.259341 -0.027560
v -0.176972 0.255000 -0.024709
v -0.178445 0.251272 -0.020175
v -0.180365 0.248412 -0.014266
v -0.182601 0.246613 -0.007385
v -0.180436 0.281387 -0.006282
v -0.176183 0.279588 -0.012135
v -0.172531 0.276728 -0.017162
v -0.169729 0.273000 -0.021019
v -0.167967 0.268659 -0.023444
v -0.167366 0.264000 -0.024271
v -0.167967 0.259341 -0.023444
v -0.169729 0.255000 -0.021019
v -0.172531 0.251272 -0.017162
v -0.176183 0.248412 -0.012135
v -0.180436 0.246613 -0.006282
v -0.178718 0.281387 -0.004564
v -0.172865 0.279588 -0.008817
v -0.167838 0.276728 -0.012469
v -0.163981 0.273000 -0.015271
v -0.161556 0.268659 -0.017033
v -0.160729 0.264000 -0.017634
v -0.161556 0.259341 -0.017033
v -0.163981 0.255000 -0.015271
v -0.167838 0.251272 -0.012469
v -0.172865 0.248412 -0.008817
v -0.178718 0.246613 -0.004564
v -0.177615 0.281387 -0.002399
v -0.170734 0.279588 -0.004635
v -0.164825 0.276728 -0.006555
v -0.160291 0.273000 -0.008028
v -0.157440 0.268659 -0.008955
v -0.156468 0.264000 -0.009271
v -0.157440 0.259341 -0.008955
v -0.160291 0.255000 -0.008028
v -0.164825 0.251272 -0.006555
v -0.170734 0.248412 -0.004635
v -0.177615 0.246613 -0.002399
v -0.177235 0.281387 -0.000000
v -0.170000 0.279588 0.000000
v -0.163787 0.276728 -0.000000
v -0.159019 0.273000 -0.000000
v -0.156022 0.268659 -0.000000
v -0.155000 0.264000 0.000000
v -0.156022 0.259341 -0.000000
v -0.159019 0.255000 -0.000000
v -0.163787 0.251272 -0.000000
v -0.170000 0.248412 0.000000
v -0.177235 0.246613 -0.000000
v -0.177615 0.281387 0.002399
v -0.170734 0.279588 0.004635
v -0.164825 0.276728 0.006555
v -0.160291 0.273000 0.008028
v -0.157440 0.268659 0.008955
v -0.156468 0.264000 0.009271
v -0.157440 0.259341 0.008955
v -0.160291 0.255000 0.008028
v -0.164825 0.251272 0.006555
v -0.170734 0.248412 0.004635
v -0.177615 0.246613 0.002399
v -0.178718 0.281387 0.004564
v -0.172865 0.279588 0.008817
v -0.167838 0.276728 0.012469
v -0.163981 0.273000 0.015271
v -0.161556 0.268659 0.017033
v -0.160729 0.264000 0.017634
v -0.161556 0.259341 0.017033
v -0.163981 0.255000 0.015271
v -0.167838 0.251272 0.012469
v -0.172865 0.248412 0.008817
v -0.178718 0.246613 0.004564
v -0.180436 0.281387 0.006282
v -0.176183 0.279588 0.012135
v -0.172531 0.276728 0.017162
v -0.169729 0.273000 0.021019
v -0.167967 0.268659 0.023444
v -0.167366 0.264000 0.024271
v -0.167967 0.259341 0.023444
v -0.169729 0.255000 0.021019
v -0.172531 0.251272 0.017162
v -0.176183 0.248412 0.012135
v -0.180436 0.246613 0.006282
v -0.182601 0.281387 0.007385
v -0.180365 0.279588 0.014266
v -0.178445 0.276728 0.020175
v -0.176972 0.273000 0.024709
v -0.176045 0.268659 0.027560
v -0.175729 0.264000 0.028532
v -0.176045 0.259341 0.027560
v -0.176972 0.255000 0.024709
v -0.178445 0.251272 0.020175
v -0.180365 0.248412 0.014266
v -0.182601 0.246613 0.007385
v -0.185000 0.281387 0.007765
v -0.185000 0.279588 0.015000
v -0.185000 0.276728 0.021213
v -0.185000 0.273000 0.025981
v -0.185000 0.268659 0.028978
v -0.185000 0.264000 0.030000
v -0.185000 0.259341 0.028978
v -0.185000 0.255000 0.025981
v -0.185000 0.251272 0.021213
v -0.185000 0.248412 0.015000
v -0.185000 0.246613 0.007765
v -0.187399 0.281387 0.007385
v -0.189635 0.279588 0.014266
v -0.191555 0.276728 0.020175
v -0.193029 0.273000 0.024709
v -0.193955 0.268659 0.027560
v -0.194271 0.264000 0.028532
v -0.193955 0.259341 0.027560
v -0.193029 0.255000 0.024709
v -0.191555 0.251272 0.020175
v -0.189635 0.248412 0.014266
v -0.187399 0.246613 0.007385
v -0.189564 0.281387 0.006282
v -0.193817 0.279588 0.012135
v -0.197469 0.276728 0.017162
v -0.200271 0.273000 0.021019
v -0.202033 0.268659 0.023444
v -0.202634 0.264000 0.024271
v -0.202033 0.259341 0.023444
v -0.200271 0.255000 0.021019
v -0.197469 0.251272 0.017162
v -0.193817 0.248412 0.012135
v -0.189564 0.246613 0.006282
v -0.185000 0.246000 0.000000
v -0.191282 0.281387 0.004564
v -0.197135 0.279588 0.008817
v -0.202162 0.276728 0.012469
v -0.206019 0.273000 0.015271
v -0.208444 0.268659 0.017033
v -0.209271 0.264000 0.017634
v -0.208444 0.259341 0.017033
v -0.206019 0.255000 0.015271
v -0.202162 0.251272 0.012469
v -0.197135 0.248412 0.008817
v -0.191282 0.246613 0.004564
v -0.185000 0.282000 0.000000
v -0.192385 0.281387 0.002399
v -0.199266 0.279588 0.004635
v -0.205175 0.276728 0.006555
v -0.209709 0.273000 0.008028
v -0.212560 0.268659 0.008955
v -0.213532 0.264000 0.009271
v -0.212560 0.259341 0.008955
v -0.209709 0.255000 0.008028
v -0.205175 0.251272 0.006555
v -0.199266 0.248412 0.004635
v -0.192385 0.246613 0.002399
v -0.192765 0.281387 0.000000
v -0.200000 0.279588 -0.000000
v -0.206213 0.276728 0.000000
v -0.210981 0.273000 -0.000000
v -0.213978 0.268659 0.000000
v -0.215000 0.264000 -0.000000
v -0.213978 0.259341 0.000000
v -0.210981 0.255000 -0.000000
v -0.206213 0.251272 0.000000
v -0.200000 0.248412 -0.000000
v -0.192765 0.246613 0.000000
v -0.192385 0.281387 -0.002399
v -0.199266 0.279588 -0.004635
v -0.205175 0.276728 -0.006555
v -0.209709 0.273000 -0.008029
v -0.212560 0.268659 -0.008955
v -0.213532 0.264000 -0.009271
v -0.212560 0.259341 -0.008955
v -0.209709 0.255000 -0.008029
v -0.205175 0.251272 -0.006555
v -0.199266 0.248412 -0.004635
v -0.192385 0.246613 -0.002399
v -0.191282 0.281387 -0.004564
v -0.197135 0.279588 -0.008817
v -0.202162 0.276728 -0.012469
v -0.206019 0.273000 -0.015271
v -0.208444 0.268659 -0.017033
v -0.209271 0.264000 -0.017634
v -0.208444 0.259341 -0.017033
v -0.206019 0.255000 -0.015271
v -0.202162 0.251272 -0.012469
v -0.197135 0.248412 -0.008817
v -0.191282 0.246613 -0.004564
v -0.189564 0.281387 -0.006282
v -0.193817 0.279588 -0.012135
v -0.197469 0.276728 -0.017162
v -0.200271 0.273000 -0.021019
v -0.202033 0.268659 -0.023444
v -0.202634 0.264000 -0.024271
v -0.202033 0.259341 -0.023444
v -0.200271 0.255000 -0.021019
v -0.197469 0.251272 -0.017162
v -0.193817 0.248412 -0.012135
v -0.189564 0.246613 -0.006282
v -0.187399 0.281387 -0.007385
v -0.189635 0.279588 -0.014266
v -0.191555 0.276728 -0.020175
v -0.193029 0.273000 -0.024709
v -0.193955 0.268659 -0.027560
v -0.194271 0.264000 -0.028532
v -0.193955 0.259341 -0.027560
v -0.193029 0.255000 -0.024709
v -0.191555 0.251272 -0.020175
v -0.189635 0.248412 -0.014266
v -0.187399 0.246613 -0.007385
v -0.185000 0.281387 -0.007765
v -0.185000 0.276728 -0.021213
v -0.185000 0.273000 -0.025981
v -0.185000 0.268659 -0.028978
v -0.185000 0.259341 -0.028978
v -0.185000 0.255000 -0.025981
v -0.185000 0.251272 -0.021213
v -0.185000 0.246613 -0.007765
vn 0.0661 0.9064 -0.4173
vn 0.0661 -0.9064 -0.4173
vn 0.1529 -0.2118 -0.9653
vn 0.0971 0.7840 -0.6131
vn 0.0382 -0.9698 -0.2410
vn 0.0125 0.9968 -0.0787
vn 0.1292 -0.5634 -0.8160
vn 0.1292 0.5634 -0.8160
vn 0.0125 -0.9968 -0.0787
vn 0.0382 0.9698 -0.2410
vn 0.0971 -0.7840 -0.6131
vn 0.1529 0.2118 -0.9653
vn 0.0362 0.9968 -0.0710
vn 0.3751 -0.5634 -0.7362
vn 0.3751 0.5634 -0.7362
vn 0.0362 -0.9968 -0.0710
vn 0.1108 0.9698 -0.2174
vn 0.2818 -0.7840 -0.5531
vn 0.4437 0.2118 -0.8708
vn 0.1918 0.9064 -0.3764
vn 0.1918 -0.9064 -0.3764
vn 0.4437 -0.2118 -0.8708
vn 0.2818 0.7840 -0.5531
vn 0.1108 -0.9698 -0.2174
vn 0.2987 -0.9064 -0.2987
vn 0.6911 -0.2118 -0.6911
vn 0.4389 0.7840 -0.4389
vn 0.1725 -0.9698 -0.1725
vn 0.0564 0.9968 -0.0564
vn 0.5842 -0.5634 -0.5842
vn 0.5842 0.5634 -0.5842
vn 0.0564 -0.9968 -0.0564
vn 0.1725 0.9698 -0.1725
vn 0.4389 -0.7840 -0.4389
vn 0.6911 0.2118 -0.6911
vn 0.2987 0.9064 -0.2987
vn 0.2174 0.9698 -0.1108
vn 0.5531 -0.7840 -0.2818
vn 0.8708 0.2118 -0.4437
vn 0.3764 0.9064 -0.1918
vn 0.3764 -0.9064 -0.1918
vn 0.8708 -0.2118 -0.4437
vn 0.5531 0.7840 -0.2818
vn 0.2174 -0.9698 -0.1108
vn 0.0710 0.9968 -0.0362
vn 0.7362 -0.5634 -0.3751
vn 0.7362 0.5634 -0.3751
vn 0.0710 -0.9968 -0.0362
vn 0.2410 -0.9698 -0.0382
vn 0.0787 0.9968 -0.0125
vn 0.8160 -0.5634 -0.1292
vn 0.8160 0.5634 -0.1292
vn 0.0787 -0.9968 -0.0125
vn 0.2410 0.9698 -0.0382
vn 0.6131 -0.7840 -0.0971
vn 0.9653 0.2118 -0.1529
vn 0.4173 0.9064 -0.0661
vn 0.4173 -0.9064 -0.0661
vn 0.9653 -0.2118 -0.1529
vn 0.6131 0.7840 -0.0971
vn 0.4173 0.9064 0.0661
vn 0.4173 -0.9064 0.0661
vn 0.9653 -0.2118 0.1529
vn 0.6131 0.7840 0.0971
vn 0.2410 -0.9698 0.0382
vn 0.0787 0.9968 0.0125
vn 0.8160 -0.5634 0.1292
vn 0.8160 0.5634 0.1292
vn 0.0787 -0.9968 0.0125
vn 0.2410 0.9698 0.0382
vn 0.6131 -0.7840 0.0971
vn 0.9653 0.2118 0.1529
vn 0.0710 -0.9968 0.0362
vn 0.2174 0.9698 0.1108
vn 0.5531 -0.7840 0.2818
vn 0.8708 0.2118 0.4437
vn 0.3764 0.9064 0.1918
vn 0.3764 -0.9064 0.1918
vn 0.8708 -0.2118 0.4437
vn 0.5531 0.7840 0.2818
vn 0.2174 -0.9698 0.1108
vn 0.0710 0.9968 0.0362
vn 0.7362 -0.5634 0.3751
vn 0.7362 0.5634 0.3751
vn 0.4389 0.7840 0.4389
vn 0.1725 -0.9698 0.1725
vn 0.0564 0.9968 0.0564
vn 0.5842 -0.5634 0.5842
vn 0.5842 0.5634 0.5842
vn 0.0564 -0.9968 0.0564
vn 0.1725 0.9698 0.1725
vn 0.4389 -0.7840 0.4389
vn 0.6911 0.2118 0.6911
vn 0.2987 0.9064 0.2987
vn 0.2987 -0.9064 0.2987
vn 0.6911 -0.2118 0.6911
vn 0.1918 0.9064 0.3764
vn 0.1918 -0.9064 0.3764
vn 0.4437 -0.2118 0.8708
vn 0.2818 0.7840 0.5531
vn 0.1108 -0.9698 0.2174
vn 0.0362 0.9968 0.0710
vn 0.3751 -0.5634 0.7362
vn 0.3751 0.5634 0.7362
vn 0.0362 -0.9968 0.0710
vn 0.1108 0.9698 0.2174
vn 0.2818 -0.7840 0.5531
vn 0.4437 0.2118 0.8708
vn 0.1292 0.5634 0.8160
vn 0.0125 -0.9968 0.0787
vn 0.0382 0.9698 0.2410
vn 0.0971 -0.7840 0.6131
vn 0.1529 0.2118 0.9653
vn 0.0661 0.9064 0.4173
vn 0.0661 -0.9064 0.4173
vn 0.1529 -0.2118 0.9653
vn 0.0971 0.7840 0.6131
vn 0.0382 -0.9698 0.2410
vn 0.0125 0.9968 0.0787
vn 0.1292 -0.5634 0.8160
vn -0.0971 0.7840 0.6131
vn -0.0382 -0.9698 0.2410
vn -0.0125 0.9968 0.0787
vn -0.1292 -0.5634 0.8160
vn -0.1292 0.5634 0.8160
vn -0.0125 -0.9968 0.0787
vn -0.0382 0.9698 0.2410
vn -0.0971 -0.7840 0.6131
vn -0.1529 0.2118 0.9653
vn -0.0661 0.9064 0.4173
vn -0.0661 -0.9064 0.4173
vn -0.1529 -0.2118 0.9653
vn -0.4437 0.2118 0.8708
vn -0.1918 0.9064 0.3764
vn -0.1918 -0.9064 0.3764
vn -0.4437 -0.2118 0.8708
vn -0.2818 0.7840 0.5531
vn -0.1108 -0.9698 0.2174
vn -0.0362 0.9968 0.0710
vn -0.3751 -0.5634 0.7362
vn -0.3751 0.5634 0.7362
vn -0.0362 -0.9968 0.0710
vn -0.1108 0.9698 0.2174
vn -0.2818 -0.7840 0.5531
vn -0.5842 0.5634 0.5842
vn -0.0564 -0.9968 0.0564
vn -0.1725 0.9698 0.1725
vn -0.4389 -0.7840 0.4389
vn -0.6911 0.2118 0.6911
vn -0.2987 0.9064 0.2987
vn -0.2987 -0.9064 0.2987
vn -0.6911 -0.2118 0.6911
vn -0.4389 0.7840 0.4389
vn -0.1725 -0.9698 0.1725
vn -0.0564 0.9968 0.0564
vn -0.5842 -0.5634 0.5842
vn -0.8708 -0.2118 0.4437
vn -0.5531 0.7840 0.2818
vn -0.2174 -0.9698 0.1108
vn -0.0710 0.9968 0.0362
vn -0.7362 -0.5634 0.3751
vn -0.7362 0.5634 0.3751
vn -0.0710 -0.9968 0.0362
vn -0.2174 0.9698 0.1108
vn -0.5531 -0.7840 0.2818
vn -0.8708 0.2118 0.4437
vn -0.3764 0.9064 0.1918
vn -0.3764 -0.9064 0.1918
vn -0.9653 0.2118 0.1529
vn -0.4173 0.9064 0.0661
vn -0.4173 -0.9064 0.0661
vn -0.9653 -0.2118 0.1529
vn -0.6131 0.7840 0.0971
vn -0.2410 -0.9698 0.0382
vn -0.0787 0.9968 0.0125
vn -0.8160 -0.5634 0.1292
vn -0.8160 0.5634 0.1292
vn -0.0787 -0.9968 0.0125
vn -0.2410 0.9698 0.0382
vn -0.6131 -0.7840 0.0971
vn -0.8160 -0.5634 -0.1292
vn -0.8160 0.5634 -0.1292
vn -0.0787 -0.9968 -0.0125
vn -0.2410 0.9698 -0.0382
vn -0.6131 -0.7840 -0.0971
vn -0.9653 0.2118 -0.1529
vn -0.4173 0.9064 -0.0661
vn -0.4173 -0.9064 -0.0661
vn -0.9653 -0.2118 -0.1529
vn -0.6131 0.7840 -0.0971
vn -0.2410 -0.9698 -0.0382
vn -0.0787 0.9968 -0.0125
vn -0.8708 -0.2118 -0.4437
vn -0.5531 0.7840 -0.2818
vn -0.2174 -0.9698 -0.1108
vn -0.0710 0.9968 -0.0362
vn -0.7362 -0.5634 -0.3751
vn -0.7362 0.5634 -0.3751
vn -0.0710 -0.9968 -0.0362
vn -0.2174 0.9698 -0.1108
vn -0.5531 -0.7840 -0.2818
vn -0.8708 0.2118 -0.4437
vn -0.3764 0.9064 -0.1918
vn -0.3764 -0.9064 -0.1918
vn -0.4389 -0.7840 -0.4389
vn -0.6911 0.2118 -0.6911
vn -0.2987 0.9064 -0.2987
vn -0.2987 -0.9064 -0.2987
vn -0.6911 -0.2118 -0.6911
vn -0.4389 0.7840 -0.4389
vn -0.1725 -0.9698 -0.1725
vn -0.0564 0.9968 -0.0564
vn -0.5842 -0.5634 -0.5842
vn -0.5842 0.5634 -0.5842
vn -0.0564 -0.9968 -0.0564
vn -0.1725 0.9698 -0.1725
vn -0.0362 0.9968 -0.0710
vn -0.3751 -0.5634 -0.7362
vn -0.3751 0.5634 -0.7362
vn -0.0362 -0.9968 -0.0710
vn -0.1108 0.9698 -0.2174
vn -0.2818 -0.7840 -0.5531
vn -0.4437 0.2118 -0.8708
vn -0.1918 0.9064 -0.3764
vn -0.1918 -0.9064 -0.3764
vn -0.4437 -0.2118 -0.8708
vn -0.2818 0.7840 -0.5531
vn -0.1108 -0.9698 -0.2174
vn -0.0661 -0.9064 -0.4173
vn -0.1529 -0.2118 -0.9653
vn -0.0971 0.7840 -0.6131
vn -0.0382 -0.9698 -0.2410
vn -0.0125 0.9968 -0.0787
vn -0.1292 -0.5634 -0.8160
vn -0.1292 0.5634 -0.8160
vn -0.0125 -0.9968 -0.0787
vn -0.0382 0.9698 -0.2410
vn -0.0971 -0.7840 -0.6131
vn -0.1529 0.2118 -0.9653
vn -0.0661 0.9064 -0.4173
vt 0.750000 0.750000
vt 0.750000 0.833333
vt 0.700000 0.833333
vt 0.700000 0.750000
vt 0.750000 0.166667
vt 0.750000 0.250000
vt 0.700000 0.250000
vt 0.700000 0.166667
vt 0.750000 0.416667
vt 0.750000 0.500000
vt 0.700000 0.500000
vt 0.700000 0.416667
vt 0.750000 0.666667
vt 0.700000 0.666667
vt 0.750000 0.083333
vt 0.700000 0.083333
vt 0.750000 0.916667
vt 0.725000 1.000000
vt 0.700000 0.916667
vt 0.750000 0.333333
vt 0.700000 0.333333
vt 0.750000 0.583333
vt 0.700000 0.583333
vt 0.725000 0.000000
vt 0.675000 1.000000
vt 0.650000 0.916667
vt 0.650000 0.416667
vt 0.650000 0.333333
vt 0.650000 0.666667
vt 0.650000 0.583333
vt 0.675000 0.000000
vt 0.650000 0.083333
vt 0.650000 0.833333
vt 0.650000 0.250000
vt 0.650000 0.500000
vt 0.650000 0.750000
vt 0.650000 0.166667
vt 0.600000 0.250000
vt 0.600000 0.166667
vt 0.600000 0.500000
vt 0.600000 0.416667
vt 0.600000 0.750000
vt 0.600000 0.666667
vt 0.600000 0.083333
vt 0.625000 1.000000
vt 0.600000 0.916667
vt 0.600000 0.333333
vt 0.600000 0.583333
vt 0.625000 0.000000
vt 0.600000 0.833333
vt 0.550000 0.916667
vt 0.550000 0.833333
vt 0.550000 0.333333
vt 0.550000 0.250000
vt 0.550000 0.583333
vt 0.550000 0.500000
vt 0.550000 0.750000
vt 0.550000 0.166667
vt 0.550000 0.416667
vt 0.550000 0.666667
vt 0.550000 0.083333
vt 0.575000 1.000000
vt 0.575000 0.000000
vt 0.500000 0.166667
vt 0.500000 0.083333
vt 0.525000 1.000000
vt 0.500000 0.916667
vt 0.500000 0.416667
vt 0.500000 0.333333
vt 0.500000 0.666667
vt 0.500000 0.583333
vt 0.525000 0.000000
vt 0.500000 0.833333
vt 0.500000 0.250000
vt 0.500000 0.500000
vt 0.500000 0.750000
vt 0.450000 0.833333
vt 0.450000 0.750000
vt 0.450000 0.250000
vt 0.450000 0.166667
vt 0.450000 0.500000
vt 0.450000 0.416667
vt 0.450000 0.666667
vt 0.450000 0.083333
vt 0.475000 1.000000
vt 0.450000 0.916667
vt 0.450000 0.333333
vt 0.450000 0.583333
vt 0.475000 0.000000
vt 0.425000 0.000000
vt 0.400000 0.083333
vt 0.400000 0.916667
vt 0.400000 0.833333
vt 0.400000 0.333333
vt 0.400000 0.250000
vt 0.400000 0.583333
vt 0.400000 0.500000
vt 0.400000 0.750000
vt 0.400000 0.166667
vt 0.400000 0.416667
vt 0.400000 0.666667
vt 0.425000 1.000000
vt 0.350000 0.750000
vt 0.350000 0.666667
vt 0.350000 0.166667
vt 0.350000 0.083333
vt 0.375000 1.000000
vt 0.350000 0.916667
vt 0.350000 0.416667
vt 0.350000 0.333333
vt 0.350000 0.583333
vt 0.375000 0.000000
vt 0.350000 0.833333
vt 0.350000 0.250000
vt 0.350000 0.500000
vt 0.300000 0.833333
vt 0.300000 0.750000
vt 0.300000 0.250000
vt 0.300000 0.166667
vt 0.300000 0.500000
vt 0.300000 0.416667
vt 0.300000 0.666667
vt 0.300000 0.083333
vt 0.325000 1.000000
vt 0.300000 0.916667
vt 0.300000 0.333333
vt 0.300000 0.583333
vt 0.325000 0.000000
vt 0.250000 0.666667
vt 0.250000 0.583333
vt 0.275000 0.000000
vt 0.250000 0.083333
vt 0.250000 0.916667
vt 0.250000 0.833333
vt 0.250000 0.333333
vt 0.250000 0.250000
vt 0.250000 0.500000
vt 0.250000 0.750000
vt 0.250000 0.166667
vt 0.250000 0.416667
vt 0.275000 1.000000
vt 0.200000 0.750000
vt 0.200000 0.666667
vt 0.200000 0.166667
vt 0.200000 0.083333
vt 0.225000 1.000000
vt 0.200000 0.916667
vt 0.200000 0.416667
vt 0.200000 0.333333
vt 0.200000 0.583333
vt 0.225000 0.000000
vt 0.200000 0.833333
vt 0.200000 0.250000
vt 0.200000 0.500000
vt 0.150000 0.583333
vt 0.150000 0.500000
vt 0.150000 0.833333
vt 0.150000 0.750000
vt 0.150000 0.250000
vt 0.150000 0.166667
vt 0.150000 0.416667
vt 0.150000 0.666667
vt 0.150000 0.083333
vt 0.175000 1.000000
vt 0.150000 0.916667
vt 0.150000 0.333333
vt 0.175000 0.000000
vt 0.100000 0.666667
vt 0.100000 0.583333
vt 0.125000 0.000000
vt 0.100000 0.083333
vt 0.100000 0.916667
vt 0.100000 0.833333
vt 0.100000 0.333333
vt 0.100000 0.250000
vt 0.100000 0.500000
vt 0.100000 0.750000
vt 0.100000 0.166667
vt 0.100000 0.416667
vt 0.125000 1.000000
vt 0.050000 0.500000
vt 0.050000 0.416667
vt 0.050000 0.750000
vt 0.050000 0.666667
vt 0.050000 0.166667
vt 0.050000 0.083333
vt 0.075000 1.000000
vt 0.050000 0.916667
vt 0.050000 0.333333
vt 0.050000 0.583333
vt 0.075000 0.000000
vt 0.050000 0.833333
vt 0.050000 0.250000
vt 0.000000 0.583333
vt 0.000000 0.500000
vt 0.000000 0.833333
vt 0.000000 0.750000
vt 0.000000 0.250000
vt 0.000000 0.166667
vt 0.000000 0.416667
vt 0.000000 0.666667
vt 0.000000 0.083333
vt 0.025000 1.000000
vt 0.000000 0.916667
vt 0.000000 0.333333
vt 0.025000 0.000000
vt 1.000000 0.333333
vt 1.000000 0.416667
vt 0.950000 0.416667
vt 0.950000 0.333333
vt 1.000000 0.583333
vt 1.000000 0.666667
vt 0.950000 0.666667
vt 0.950000 0.583333
vt 0.975000 0.000000
vt 1.000000 0.083333
vt 0.950000 0.083333
vt 1.000000 0.833333
vt 1.000000 0.916667
vt 0.950000 0.916667
vt 0.950000 0.833333
vt 1.000000 0.250000
vt 0.950000 0.250000
vt 1.000000 0.500000
vt 0.950000 0.500000
vt 1.000000 0.750000
vt 0.950000 0.750000
vt 1.000000 0.166667
vt 0.950000 0.166667
vt 0.975000 1.000000
vt 0.900000 0.500000
vt 0.900000 0.416667
vt 0.900000 0.750000
vt 0.900000 0.666667
vt 0.900000 0.166667
vt 0.900000 0.083333
vt 0.925000 1.000000
vt 0.900000 0.916667
vt 0.900000 0.333333
vt 0.900000 0.583333
vt 0.925000 0.000000
vt 0.900000 0.833333
vt 0.900000 0.250000
vt 0.850000 0.333333
vt 0.850000 0.250000
vt 0.850000 0.583333
vt 0.850000 0.500000
vt 0.850000 0.833333
vt 0.850000 0.750000
vt 0.850000 0.166667
vt 0.850000 0.416667
vt 0.850000 0.666667
vt 0.850000 0.083333
vt 0.875000 1.000000
vt 0.850000 0.916667
vt 0.875000 0.000000
vt 0.825000 1.000000
vt 0.800000 0.916667
vt 0.800000 0.416667
vt 0.800000 0.333333
vt 0.800000 0.666667
vt 0.800000 0.583333
vt 0.825000 0.000000
vt 0.800000 0.083333
vt 0.800000 0.833333
vt 0.800000 0.250000
vt 0.800000 0.500000
vt 0.800000 0.750000
vt 0.800000 0.166667
vt 0.775000 1.000000
vt 0.775000 0.000000
s 0
usemtl Chrome
f 592/747/235 377/748/235 381/749/235 382/750/235
f 379/751/236 597/752/236 388/753/236 389/754/236
f 595/755/237 378/756/237 385/757/237 386/758/237
f 593/759/238 592/747/238 382/750/238 383/760/238
f 598/761/239 379/751/239 389/754/239 390/762/239
f 591/763/240 524/764/240 380/765/240
f 596/766/241 595/755/241 386/758/241 387/767/241
f 594/768/242 593/759/242 383/760/242 384/769/242
f 512/770/243 598/761/243 390/762/243
f 377/748/244 591/763/244 380/765/244 381/749/244
f 597/752/245 596/766/245 387/767/245 388/753/245
f 378/756/246 594/768/246 384/769/246 385/757/246
f 380/765/247 524/771/247 391/772/247
f 387/767/248 386/758/248 397/773/248 398/774/248
f 384/769/249 383/760/249 394/775/249 395/776/249
f 512/777/250 390/762/250 401/778/250
f 381/749/251 380/765/251 391/772/251 392/779/251
f 388/753/252 387/767/252 398/774/252 399/780/252
f 385/757/253 384/769/253 395/776/253 396/781/253
f 382/750/254 381/749/254 392/779/254 393/782/254
f 389/754/255 388/753/255 399/780/255 400/783/255
f 386/758/256 385/757/256 396/781/256 397/773/256
f 383/760/257 382/750/257 393/782/257 394/775/257
f 390/762/258 389/754/258 400/783/258 401/778/258
f 400/783/259 399/780/259 410/784/259 411/785/259
f 397/773/260 396/781/260 407/786/260 408/787/260
f 394/775/261 393/782/261 404/788/261 405/789/261
f 401/778/262 400/783/262 411/785/262 412/790/262
f 391/772/263 524/791/263 402/792/263
f 398/774/264 397/773/264 408/787/264 409/793/264
f 395/776/265 394/775/265 405/789/265 406/794/265
f 512/795/266 401/778/266 412/790/266
f 392/779/267 391/772/267 402/792/267 403/796/267
f 399/780/268 398/774/268 409/793/268 410/784/268
f 396/781/269 395/776/269 406/794/269 407/786/269
f 393/782/270 392/779/270 403/796/270 404/788/270
f 403/796/271 402/792/271 413/797/271 414/798/271
f 410/784/272 409/793/272 420/799/272 421/800/272
f 407/786/273 406/794/273 417/801/273 418/802/273
f 404/788/274 403/796/274 414/798/274 415/803/274
f 411/785/275 410/784/275 421/800/275 422/804/275
f 408/787/276 407/786/276 418/802/276 419/805/276
f 405/789/277 404/788/277 415/803/277 416/806/277
f 412/790/278 411/785/278 422/804/278 423/807/278
f 402/792/279 524/808/279 413/797/279
f 409/793/280 408/787/280 419/805/280 420/799/280
f 406/794/281 405/789/281 416/806/281 417/801/281
f 512/809/282 412/790/282 423/807/282
f 423/807/283 422/804/283 433/810/283 434/811/283
f 413/797/284 524/812/284 424/813/284
f 420/799/285 419/805/285 430/814/285 431/815/285
f 417/801/286 416/806/286 427/816/286 428/817/286
f 512/818/287 423/807/287 434/811/287
f 414/798/288 413/797/288 424/813/288 425/819/288
f 421/800/289 420/799/289 431/815/289 432/820/289
f 418/802/290 417/801/290 428/817/290 429/821/290
f 415/803/291 414/798/291 425/819/291 426/822/291
f 422/804/292 421/800/292 432/820/292 433/810/292
f 419/805/293 418/802/293 429/821/293 430/814/293
f 416/806/294 415/803/294 426/822/294 427/816/294
f 426/822/295 425/819/295 436/823/295 437/824/295
f 433/810/296 432/820/296 443/825/296 444/826/296
f 430/814/297 429/821/297 440/827/297 441/828/297
f 427/816/298 426/822/298 437/824/298 438/829/298
f 434/811/299 433/810/299 444/826/299 445/830/299
f 424/813/300 524/831/300 435/832/300
f 431/815/301 430/814/301 441/828/301 442/833/301
f 428/817/302 427/816/302 438/829/302 439/834/302
f 512/835/303 434/811/303 445/830/303
f 425/819/304 424/813/304 435/832/304 436/823/304
f 432/820/305 431/815/305 442/833/305 443/825/305
f 429/821/306 428/817/306 439/834/306 440/827/306
f 512/836/307 445/830/307 456/837/307
f 436/823/308 435/832/308 446/838/308 447/839/308
f 443/825/309 442/833/309 453/840/309 454/841/309
f 440/827/310 439/834/310 450/842/310 451/843/310
f 437/824/311 436/823/311 447/839/311 448/844/311
f 444/826/312 443/825/312 454/841/312 455/845/312
f 441/828/313 440/827/313 451/843/313 452/846/313
f 438/829/314 437/824/314 448/844/314 449/847/314
f 445/830/315 444/826/315 455/845/315 456/837/315
f 435/832/316 524/848/316 446/838/316
f 442/833/317 441/828/317 452/846/317 453/840/317
f 439/834/318 438/829/318 449/847/318 450/842/318
f 449/847/319 448/844/319 459/849/319 460/850/319
f 456/837/320 455/845/320 466/851/320 467/852/320
f 446/838/321 524/853/321 457/854/321
f 453/840/322 452/846/322 463/855/322 464/856/322
f 450/842/323 449/847/323 460/850/323 461/857/323
f 512/858/324 456/837/324 467/852/324
f 447/839/325 446/838/325 457/854/325 458/859/325
f 454/841/326 453/840/326 464/856/326 465/860/326
f 451/843/327 450/842/327 461/857/327 462/861/327
f 448/844/328 447/839/328 458/859/328 459/849/328
f 455/845/329 454/841/329 465/860/329 466/851/329
f 452/846/330 451/843/330 462/861/330 463/855/330
f 459/849/331 458/859/331 469/862/331 470/863/331
f 466/851/332 465/860/332 476/864/332 477/865/332
f 463/855/333 462/861/333 473/866/333 474/867/333
f 460/850/334 459/849/334 470/863/334 471/868/334
f 467/852/335 466/851/335 477/865/335 478/869/335
f 457/854/336 524/870/336 468/871/336
f 464/856/337 463/855/337 474/867/337 475/872/337
f 461/857/338 460/850/338 471/868/338 472/873/338
f 512/874/339 467/852/339 478/869/339
f 458/859/340 457/854/340 468/871/340 469/862/340
f 465/860/341 464/856/341 475/872/341 476/864/341
f 462/861/342 461/857/342 472/873/342 473/866/342
f 472/873/343 471/868/343 482/875/343 483/876/343
f 512/877/344 478/869/344 489/878/344
f 469/862/345 468/871/345 479/879/345 480/880/345
f 476/864/346 475/872/346 486/881/346 487/882/346
f 473/866/347 472/873/347 483/876/347 484/883/347
f 470/863/348 469/862/348 480/880/348 481/884/348
f 477/865/349 476/864/349 487/882/349 488/885/349
f 474/867/350 473/866/350 484/883/350 485/886/350
f 471/868/351 470/863/351 481/884/351 482/875/351
f 478/869/352 477/865/352 488/885/352 489/878/352
f 468/871/353 524/887/353 479/879/353
f 475/872/354 474/867/354 485/886/354 486/881/354
f 482/875/355 481/884/355 492/888/355 493/889/355
f 489/878/356 488/885/356 499/890/356 500/891/356
f 479/879/357 524/892/357 490/893/357
f 486/881/358 485/886/358 496/894/358 497/895/358
f 483/876/359 482/875/359 493/889/359 494/896/359
f 512/897/360 489/878/360 500/891/360
f 480/880/361 479/879/361 490/893/361 491/898/361
f 487/882/362 486/881/362 497/895/362 498/899/362
f 484/883/363 483/876/363 494/896/363 495/900/363
f 481/884/364 480/880/364 491/898/364 492/888/364
f 488/885/365 487/882/365 498/899/365 499/890/365
f 485/886/366 484/883/366 495/900/366 496/894/366
f 495/900/367 494/896/367 505/901/367 506/902/367
f 492/888/368 491/898/368 502/903/368 503/904/368
f 499/890/369 498/899/369 509/905/369 510/906/369
f 496/894/370 495/900/370 506/902/370 507/907/370
f 493/889/371 492/888/371 503/904/371 504/908/371
f 500/891/372 499/890/372 510/906/372 511/909/372
f 490/893/373 524/910/373 501/911/373
f 497/895/374 496/894/374 507/907/374 508/912/374
f 494/896/375 493/889/375 504/908/375 505/901/375
f 512/913/376 500/891/376 511/909/376
f 491/898/377 490/893/377 501/911/377 502/903/377
f 498/899/378 497/895/378 508/912/378 509/905/378
f 505/901/379 504/908/379 516/914/379 517/915/379
f 512/916/380 511/909/380 523/917/380
f 502/903/381 501/911/381 513/918/381 514/919/381
f 509/905/382 508/912/382 520/920/382 521/921/382
f 506/902/383 505/901/383 517/915/383 518/922/383
f 503/904/384 502/903/384 514/919/384 515/923/384
f 510/906/385 509/905/385 521/921/385 522/924/385
f 507/907/386 506/902/386 518/922/386 519/925/386
f 504/908/387 503/904/387 515/923/387 516/914/387
f 511/909/388 510/906/388 522/924/388 523/917/388
f 501/911/389 524/926/389 513/918/389
f 508/912/390 507/907/390 519/925/390 520/920/390
f 519/925/391 518/922/391 530/927/391 531/928/391
f 516/914/392 515/923/392 527/929/392 528/930/392
f 523/917/393 522/924/393 534/931/393 535/932/393
f 513/918/394 524/933/394 525/934/394
f 520/920/395 519/925/395 531/928/395 532/935/395
f 517/915/396 516/914/396 528/930/396 529/936/396
f 512/937/397 523/917/397 535/932/397
f 514/919/398 513/918/398 525/934/398 526/938/398
f 521/921/399 520/920/399 532/935/399 533/939/399
f 518/922/400 517/915/400 529/936/400 530/927/400
f 515/923/401 514/919/401 526/938/401 527/929/401
f 522/924/402 521/921/402 533/939/402 534/931/402
f 530/927/403 529/936/403 540/940/403 541/941/403
f 527/929/404 526/938/404 537/942/404 538/943/404
f 534/931/405 533/939/405 544/944/405 545/945/405
f 531/928/406 530/927/406 541/941/406 542/946/406
f 528/930/407 527/929/407 538/943/407 539/947/407
f 535/932/408 534/931/408 545/945/408 546/948/408
f 525/934/409 524/949/409 536/950/409
f 532/935/410 531/928/410 542/946/410 543/951/410
f 529/936/411 528/930/411 539/947/411 540/940/411
f 512/952/412 535/932/412 546/948/412
f 526/938/413 525/934/413 536/950/413 537/942/413
f 533/939/414 532/935/414 543/951/414 544/944/414
f 543/953/415 542/954/415 553/955/415 554/956/415
f 540/957/416 539/958/416 550/959/416 551/960/416
f 512/961/417 546/962/417 557/963/417
f 537/964/418 536/965/418 547/966/418 548/967/418
f 544/968/419 543/953/419 554/956/419 555/969/419
f 541/970/420 540/957/420 551/960/420 552/971/420
f 538/972/421 537/964/421 548/967/421 549/973/421
f 545/974/422 544/968/422 555/969/422 556/975/422
f 542/954/423 541/970/423 552/971/423 553/955/423
f 539/958/424 538/972/424 549/973/424 550/959/424
f 546/962/425 545/974/425 556/975/425 557/963/425
f 536/965/426 524/976/426 547/966/426
f 553/955/427 552/971/427 563/977/427 564/978/427
f 550/959/428 549/973/428 560/979/428 561/980/428
f 557/963/429 556/975/429 567/981/429 568/982/429
f 547/966/430 524/983/430 558/984/430
f 554/956/431 553/955/431 564/978/431 565/985/431
f 551/960/432 550/959/432 561/980/432 562/986/432
f 512/987/433 557/963/433 568/982/433
f 548/967/434 547/966/434 558/984/434 559/988/434
f 555/969/435 554/956/435 565/985/435 566/989/435
f 552/971/436 551/960/436 562/986/436 563/977/436
f 549/973/437 548/967/437 559/988/437 560/979/437
f 556/975/438 555/969/438 566/989/438 567/981/438
f 566/989/439 565/985/439 576/990/439 577/991/439
f 563/977/440 562/986/440 573/992/440 574/993/440
f 560/979/441 559/988/441 570/994/441 571/995/441
f 567/981/442 566/989/442 577/991/442 578/996/442
f 564/978/443 563/977/443 574/993/443 575/997/443
f 561/980/444 560/979/444 571/995/444 572/998/444
f 568/982/445 567/981/445 578/996/445 579/999/445
f 558/984/446 524/1000/446 569/1001/446
f 565/985/447 564/978/447 575/997/447 576/990/447
f 562/986/448 561/980/448 572/998/448 573/992/448
f 512/1002/449 568/982/449 579/999/449
f 559/988/450 558/984/450 569/1001/450 570/994/450
f 569/1001/451 524/1003/451 580/1004/451
f 576/990/452 575/997/452 586/1005/452 587/1006/452
f 573/992/453 572/998/453 583/1007/453 584/1008/453
f 512/1009/454 579/999/454 590/1010/454
f 570/994/455 569/1001/455 580/1004/455 581/1011/455
f 577/991/456 576/990/456 587/1006/456 588/1012/456
f 574/993/457 573/992/457 584/1008/457 585/1013/457
f 571/995/458 570/994/458 581/1011/458 582/1014/458
f 578/996/459 577/991/459 588/1012/459 589/1015/459
f 575/997/460 574/993/460 585/1013/460 586/1005/460
f 572/998/461 571/995/461 582/1014/461 583/1007/461
f 579/999/462 578/996/462 589/1015/462 590/1010/462
f 589/1015/463 588/1012/463 597/752/463 379/751/463
f 586/1005/464 585/1013/464 378/756/464 595/755/464
f 583/1007/465 582/1014/465 592/747/465 593/759/465
f 590/1010/466 589/1015/466 379/751/466 598/761/466
f 580/1004/467 524/1016/467 591/763/467
f 587/1006/468 586/1005/468 595/755/468 596/766/468
f 584/1008/469 583/1007/469 593/759/469 594/768/469
f 512/1017/470 590/1010/470 598/761/470
f 581/1011/471 580/1004/471 591/763/471 377/748/471
f 588/1012/472 587/1006/472 596/766/472 597/752/472
f 585/1013/473 584/1008/473 594/768/473 378/756/473
f 582/1014/474 581/1011/474 377/748/474 592/747/474
o Grate_0_0
v -0.250000 0.272500 0.005000
v -0.250000 0.279500 0.005000
v -0.250000 0.272500 -0.005000
v -0.250000 0.279500 -0.005000
v -0.120000 0.272500 0.005000
v -0.120000 0.279500 0.005000
v -0.120000 0.272500 -0.005000
v -0.120000 0.279500 -0.005000
vn -1.0000 -0.0000 -0.0000
vn -0.0000 -0.0000 -1.0000
vn 1.0000 -0.0000 -0.0000
vn -0.0000 -0.0000 1.0000
vn -0.0000 -1.0000 -0.0000
vn -0.0000 1.0000 -0.0000
vt 0.375000 0.000000
vt 0.625000 0.000000
vt 0.625000 0.250000
vt 0.375000 0.250000
vt 0.625000 0.500000
vt 0.375000 0.500000
vt 0.625000 0.750000
vt 0.375000 0.750000
vt 0.625000 1.000000
vt 0.375000 1.000000
vt 0.125000 0.500000
vt 0.125000 0.750000
vt 0.875000 0.500000
vt 0.875000 0.750000
s 0
usemtl Grate
f 599/1018/475 600/1019/475 602/1020/475 601/1021/475
f 601/1021/476 602/1020/476 606/1022/476 605/1023/476
f 605/1023/477 606/1022/477 604/1024/477 603/1025/477
f 603/1025/478 604/1024/478 600/1026/478 599/1027/478
f 601/1028/479 605/1023/479 603/1025/479 599/1029/479
f 606/1022/480 602/1030/480 600/1031/480 604/1024/480
o Grate_0_90
v -0.180000 0.272500 0.065000
v -0.180000 0.279500 0.065000
v -0.190000 0.272500 0.065000
v -0.190000 0.279500 0.065000
v -0.180000 0.272500 -0.065000
v -0.180000 0.279500 -0.065000
v -0.190000 0.272500 -0.065000
v -0.190000 0.279500 -0.065000
vn -0.0000 -0.0000 1.0000
vn -1.0000 -0.0000 -0.0000
vn -0.0000 -0.0000 -1.0000
vn 1.0000 -0.0000 -0.0000
vn -0.0000 -1.0000 -0.0000
vn -0.0000 1.0000 -0.0000
vt 0.375000 0.000000
vt 0.625000 0.000000
vt 0.625000 0.250000
vt 0.375000 0.250000
vt 0.625000 0.500000
vt 0.375000 0.500000
vt 0.625000 0.750000
vt 0.375000 0.750000
vt 0.625000 1.000000
vt 0.375000 1.000000
vt 0.125000 0.500000
vt 0.125000 0.750000
vt 0.875000 0.500000
vt 0.875000 0.750000
s 0
usemtl Grate
f 607/1032/481 608/1033/481 610/1034/481 609/1035/481
f 609/1035/482 610/1034/482 614/1036/482 613/1037/482
f 613/1037/483 614/1036/483 612/1038/483 611/1039/483
f 611/1039/484 612/1038/484 608/1040/484 607/1041/484
f 609/1042/485 613/1037/485 611/1039/485 607/1043/485
f 614/1036/486 610/1044/486 608/1045/486 612/1038/486
o Grate_0_45
v -0.220355 0.272500 0.042426
v -0.220355 0.279500 0.042426
v -0.227426 0.272500 0.035355
v -0.227426 0.279500 0.035355
v -0.142574 0.272500 -0.035355
v -0.142574 0.279500 -0.035355
v -0.149645 0.272500 -0.042426
v -0.149645 0.279500 -0.042426
vn -0.7071 -0.0000 0.7071
vn -0.7071 -0.0000 -0.7071
vn 0.7071 -0.0000 -0.7071
vn 0.7071 -0.0000 0.7071
vn -0.0000 -1.0000 -0.0000
vn -0.0000 1.0000 -0.0000
vt 0.375000 0.000000
vt 0.625000 0.000000
vt 0.625000 0.250000
vt 0.375000 0.250000
vt 0.625000 0.500000
vt 0.375000 0.500000
vt 0.625000 0.750000
vt 0.375000 0.750000
vt 0.625000 1.000000
vt 0.375000 1.000000
vt 0.125000 0.500000
vt 0.125000 0.750000
vt 0.875000 0.500000
vt 0.875000 0.750000
s 0
usemtl Grate
f 615/1046/487 616/1047/487 618/1048/487 617/1049/487
f 617/1049/488 618/1048/488 622/1050/488 621/1051/488
f 621/1051/489 622/1050/489 620/1052/489 619/1053/489
f 619/1053/490 620/1052/490 616/1054/490 615/1055/490
f 617/1056/491 621/1051/491 619/1053/491 615/1057/491
f 622/1050/492 618/1058/492 616/1059/492 620/1052/492
o Grate_0_135
v -0.142574 0.272500 0.035355
v -0.142574 0.279500 0.035355
v -0.149645 0.272500 0.042426
v -0.149645 0.279500 0.042426
v -0.220355 0.272500 -0.042426
v -0.220355 0.279500 -0.042426
v -0.227426 0.272500 -0.035355
v -0.227426 0.279500 -0.035355
vn 0.7071 -0.0000 0.7071
vn -0.7071 -0.0000 0.7071
vn -0.7071 -0.0000 -0.7071
vn 0.7071 -0.0000 -0.7071
vn -0.0000 -1.0000 -0.0000
vn -0.0000 1.0000 -0.0000
vt 0.375000 0.000000
vt 0.625000 0.000000
vt 0.625000 0.250000
vt 0.375000 0.250000
vt 0.625000 0.500000
vt 0.375000 0.500000
vt 0.625000 0.750000
vt 0.375000 0.750000
vt 0.625000 1.000000
vt 0.375000 1.000000
vt 0.125000 0.500000
vt 0.125000 0.750000
vt 0.875000 0.500000
vt 0.875000 0.750000
s 0
usemtl Grate
f 623/1060/493 624/1061/493 626/1062/493 625/1063/493
f 625/1063/494 626/1062/494 630/1064/494 629/1065/494
f 629/1065/495 630/1064/495 628/1066/495 627/1067/495
f 627/1067/496 628/1066/496 624/1068/496 623/1069/496
f 625/1070/497 629/1065/497 627/1067/497 623/1071/497
f 630/1064/498 626/1072/498 624/1073/498 628/1066/498
o Flame_0_0
v -0.114525 0.270124 -0.002475
v -0.112713 0.265000 -0.004287
v -0.112050 0.258000 -0.004950
v -0.112713 0.251000 -0.004287
v -0.114525 0.245876 -0.002475
v -0.113500 0.270124 0.000000
v -0.110938 0.265000 0.000000
v -0.110000 0.258000 0.000000
v -0.110938 0.251000 0.000000
v -0.113500 0.245876 0.000000
v -0.114525 0.270124 0.002475
v -0.112713 0.265000 0.004287
v -0.112050 0.258000 0.004950
v -0.112713 0.251000 0.004287
v -0.114525 0.245876 0.002475
v -0.117000 0.270124 0.003500
v -0.117000 0.265000 0.006062
v -0.117000 0.258000 0.007000
v -0.117000 0.251000 0.006062
v -0.117000 0.245876 0.003500
v -0.117000 0.272000 0.000000
v -0.119475 0.270124 0.002475
v -0.121287 0.265000 0.004287
v -0.121950 0.258000 0.004950
v -0.121287 0.251000 0.004287
v -0.119475 0.245876 0.002475
v -0.117000 0.244000 0.000000
v -0.120500 0.270124 0.000000
v -0.123062 0.265000 0.000000
v -0.124000 0.258000 0.000000
v -0.123062 0.251000 0.000000
v -0.120500 0.245876 0.000000
v -0.119475 0.270124 -0.002475
v -0.121287 0.265000 -0.004287
v -0.121950 0.258000 -0.004950
v -0.121287 0.251000 -0.004287
v -0.119475 0.245876 -0.002475
v -0.117000 0.270124 -0.003500
v -0.117000 0.265000 -0.006062
v -0.117000 0.258000 -0.007000
v -0.117000 0.251000 -0.006062
v -0.117000 0.245876 -0.003500
vn 0.1920 0.8650 -0.4636
vn 0.1920 -0.8650 -0.4636
vn 0.3798 -0.1228 -0.9169
vn 0.3474 0.4194 -0.8387
vn 0.3474 -0.4194 -0.8387
vn 0.3798 0.1228 -0.9169
vn 0.4636 -0.8650 -0.1920
vn 0.9169 -0.1228 -0.3798
vn 0.8387 0.4194 -0.3474
vn 0.8387 -0.4194 -0.3474
vn 0.9169 0.1228 -0.3798
vn 0.4636 0.8650 -0.1920
vn 0.9169 -0.1228 0.3798
vn 0.8387 0.4194 0.3474
vn 0.8387 -0.4194 0.3474
vn 0.9169 0.1228 0.3798
vn 0.4636 0.8650 0.1920
vn 0.4636 -0.8650 0.1920
vn 0.3474 0.4194 0.8387
vn 0.3474 -0.4194 0.8387
vn 0.3798 0.1228 0.9169
vn 0.1920 0.8650 0.4636
vn 0.1920 -0.8650 0.4636
vn 0.3798 -0.1228 0.9169
vn -0.3474 -0.4194 0.8387
vn -0.3798 0.1228 0.9169
vn -0.1920 0.8650 0.4636
vn -0.1920 -0.8650 0.4636
vn -0.3798 -0.1228 0.9169
vn -0.3474 0.4194 0.8387
vn -0.8387 -0.4194 0.3474
vn -0.9169 0.1228 0.3798
vn -0.4636 0.8650 0.1920
vn -0.4636 -0.8650 0.1920
vn -0.9169 -0.1228 0.3798
vn -0.8387 0.4194 0.3474
vn -0.8387 -0.4194 -0.3474
vn -0.9169 0.1228 -0.3798
vn -0.4636 0.8650 -0.1920
vn -0.4636 -0.8650 -0.1920
vn -0.9169 -0.1228 -0.3798
vn -0.8387 0.4194 -0.3474
vn -0.3474 -0.4194 -0.8387
vn -0.3798 0.1228 -0.9169
vn -0.1920 0.8650 -0.4636
vn -0.1920 -0.8650 -0.4636
vn -0.3798 -0.1228 -0.9169
vn -0.3474 0.4194 -0.8387
vt 0.750000 0.833333
vt 0.687500 1.000000
vt 0.625000 0.833333
vt 0.687500 0.000000
vt 0.750000 0.166667
vt 0.625000 0.166667
vt 0.750000 0.333333
vt 0.750000 0.500000
vt 0.625000 0.500000
vt 0.625000 0.333333
vt 0.750000 0.666667
vt 0.625000 0.666667
vt 0.562500 0.000000
vt 0.500000 0.166667
vt 0.500000 0.500000
vt 0.500000 0.333333
vt 0.500000 0.833333
vt 0.500000 0.666667
vt 0.562500 1.000000
vt 0.375000 0.500000
vt 0.375000 0.333333
vt 0.375000 0.833333
vt 0.375000 0.666667
vt 0.375000 0.166667
vt 0.437500 1.000000
vt 0.437500 0.000000
vt 0.250000 0.833333
vt 0.250000 0.666667
vt 0.250000 0.333333
vt 0.250000 0.166667
vt 0.250000 0.500000
vt 0.312500 1.000000
vt 0.312500 0.000000
vt 0.125000 0.333333
vt 0.125000 0.166667
vt 0.125000 0.666667
vt 0.125000 0.500000
vt 0.187500 1.000000
vt 0.125000 0.833333
vt 0.187500 0.000000
vt 0.000000 0.333333
vt 0.000000 0.166667
vt 0.000000 0.666667
vt 0.000000 0.500000
vt 0.062500 1.000000
vt 0.000000 0.833333
vt 0.062500 0.000000
vt 1.000000 0.166667
vt 1.000000 0.333333
vt 0.875000 0.333333
vt 0.875000 0.166667
vt 1.000000 0.500000
vt 1.000000 0.666667
vt 0.875000 0.666667
vt 0.875000 0.500000
vt 1.000000 0.833333
vt 0.937500 1.000000
vt 0.875000 0.833333
vt 0.937500 0.000000
vt 0.812500 1.000000
vt 0.812500 0.000000
s 0
usemtl Flame
f 668/1074/499 651/1075/499 631/1076/499
f 657/1077/500 672/1078/500 635/1079/500
f 671/1080/501 670/1081/501 633/1082/501 634/1083/501
f 669/1084/502 668/1074/502 631/1076/502 632/1085/502
f 672/1078/503 671/1080/503 634/1083/503 635/1079/503
f 670/1081/504 669/1084/504 632/1085/504 633/1082/504
f 657/1086/505 635/1079/505 640/1087/505
f 634/1083/506 633/1082/506 638/1088/506 639/1089/506
f 632/1085/507 631/1076/507 636/1090/507 637/1091/507
f 635/1079/508 634/1083/508 639/1089/508 640/1087/508
f 633/1082/509 632/1085/509 637/1091/509 638/1088/509
f 631/1076/510 651/1092/510 636/1090/510
f 639/1089/511 638/1088/511 643/1093/511 644/1094/511
f 637/1091/512 636/1090/512 641/1095/512 642/1096/512
f 640/1087/513 639/1089/513 644/1094/513 645/1097/513
f 638/1088/514 637/1091/514 642/1096/514 643/1093/514
f 636/1090/515 651/1098/515 641/1095/515
f 657/1099/516 640/1087/516 645/1097/516
f 642/1096/517 641/1095/517 646/1100/517 647/1101/517
f 645/1097/518 644/1094/518 649/1102/518 650/1103/518
f 643/1093/519 642/1096/519 647/1101/519 648/1104/519
f 641/1095/520 651/1105/520 646/1100/520
f 657/1106/521 645/1097/521 650/1103/521
f 644/1094/522 643/1093/522 648/1104/522 649/1102/522
f 650/1103/523 649/1102/523 655/1107/523 656/1108/523
f 648/1104/524 647/1101/524 653/1109/524 654/1110/524
f 646/1100/525 651/1111/525 652/1112/525
f 657/1113/526 650/1103/526 656/1108/526
f 649/1102/527 648/1104/527 654/1110/527 655/1107/527
f 647/1101/528 646/1100/528 652/1112/528 653/1109/528
f 656/1108/529 655/1107/529 661/1114/529 662/1115/529
f 654/1110/530 653/1109/530 659/1116/530 660/1117/530
f 652/1112/531 651/1118/531 658/1119/531
f 657/1120/532 656/1108/532 662/1115/532
f 655/1107/533 654/1110/533 660/1117/533 661/1114/533
f 653/1109/534 652/1112/534 658/1119/534 659/1116/534
f 662/1121/535 661/1122/535 666/1123/535 667/1124/535
f 660/1125/536 659/1126/536 664/1127/536 665/1128/536
f 658/1129/537 651/1130/537 663/1131/537
f 657/1132/538 662/1121/538 667/1124/538
f 661/1122/539 660/1125/539 665/1128/539 666/1123/539
f 659/1126/540 658/1129/540 663/1131/540 664/1127/540
f 667/1124/541 666/1123/541 671/1080/541 672/1078/541
f 665/1128/542 664/1127/542 669/1084/542 670/1081/542
f 663/1131/543 651/1133/543 668/1074/543
f 657/1134/544 667/1124/544 672/1078/544
f 666/1123/545 665/1128/545 670/1081/545 671/1080/545
f 664/1127/546 663/1131/546 668/1074/546 669/1084/546
o Flame_0_1
v -0.148525 0.270124 -0.061365
v -0.146713 0.265000 -0.063176
v -0.146050 0.258000 -0.063839
v -0.146713 0.251000 -0.063176
v -0.148525 0.245876 -0.061365
v -0.147500 0.270124 -0.058890
v -0.144938 0.265000 -0.058890
v -0.144000 0.258000 -0.058890
v -0.144938 0.251000 -0.058890
v -0.147500 0.245876 -0.058890
v -0.148525 0.270124 -0.056415
v -0.146713 0.265000 -0.054603
v -0.146050 0.258000 -0.053940
v -0.146713 0.251000 -0.054603
v -0.148525 0.245876 -0.056415
v -0.151000 0.270124 -0.055390
v -0.151000 0.265000 -0.052828
v -0.151000 0.258000 -0.051890
v -0.151000 0.251000 -0.052828
v -0.151000 0.245876 -0.055390
v -0.151000 0.272000 -0.058890
v -0.153475 0.270124 -0.056415
v -0.155287 0.265000 -0.054603
v -0.155950 0.258000 -0.053940
v -0.155287 0.251000 -0.054603
v -0.153475 0.245876 -0.056415
v -0.151000 0.244000 -0.058890
v -0.154500 0.270124 -0.058890
v -0.157062 0.265000 -0.058890
v -0.158000 0.258000 -0.058890
v -0.157062 0.251000 -0.058890
v -0.154500 0.245876 -0.058890
v -0.153475 0.270124 -0.061365
v -0.155287 0.265000 -0.063176
v -0.155950 0.258000 -0.063839
v -0.155287 0.251000 -0.063176
v -0.153475 0.245876 -0.061365
v -0.151000 0.270124 -0.062390
v -0.151000 0.265000 -0.064952
v -0.151000 0.258000 -0.065890
v -0.151000 0.251000 -0.064952
v -0.151000 0.245876 -0.062390
vn 0.3798 -0.1228 -0.9169
vn 0.3474 0.4194 -0.8387
vn 0.3474 -0.4194 -0.8387
vn 0.3798 0.1228 -0.9169
vn 0.1920 0.8650 -0.4636
vn 0.1920 -0.8650 -0.4636
vn 0.8387 -0.4194 -0.3474
vn 0.9169 0.1228 -0.3798
vn 0.4636 0.8650 -0.1920
vn 0.4636 -0.8650 -0.1920
vn 0.9169 -0.1228 -0.3798
vn 0.8387 0.4194 -0.3474
vn 0.8387 -0.4194 0.3474
vn 0.9169 0.1228 0.3798
vn 0.4636 0.8650 0.1920
vn 0.4636 -0.8650 0.1920
vn 0.9169 -0.1228 0.3798
vn 0.8387 0.4194 0.3474
vn 0.3474 -0.4194 0.8387
vn 0.3798 0.1228 0.9169
vn 0.1920 0.8650 0.4636
vn 0.1920 -0.8650 0.4636
vn 0.3798 -0.1228 0.9169
vn 0.3474 0.4194 0.8387
vn -0.3798 0.1228 0.9169
vn -0.1920 0.8650 0.4636
vn -0.1920 -0.8650 0.4636
vn -0.3798 -0.1228 0.9169
vn -0.3474 0.4194 0.8387
vn -0.3474 -0.4194 0.8387
vn -0.4636 0.8650 0.1920
vn -0.4636 -0.8650 0.1920
vn -0.9169 -0.1228 0.3798
vn -0.8387 0.4194 0.3474
vn -0.8387 -0.4194 0.3474
vn -0.9169 0.1228 0.3798
vn -0.4636 -0.8650 -0.1920
vn -0.9169 -0.1228 -0.3798
vn -0.8387 0.4194 -0.3474
vn -0.8387 -0.4194 -0.3474
vn -0.9169 0.1228 -0.3798
vn -0.4636 0.8650 -0.1920
vn -0.1920 -0.8650 -0.4636
vn -0.3798 -0.1228 -0.9169
vn -0.3474 0.4194 -0.8387
vn -0.3474 -0.4194 -0.8387
vn -0.3798 0.1228 -0.9169
vn -0.1920 0.8650 -0.4636
vt 0.750000 0.333333
vt 0.750000 0.500000
vt 0.625000 0.500000
vt 0.625000 0.333333
vt 0.750000 0.666667
vt 0.750000 0.833333
vt 0.625000 0.833333
vt 0.625000 0.666667
vt 0.750000 0.166667
vt 0.625000 0.166667
vt 0.687500 1.000000
vt 0.687500 0.000000
vt 0.500000 0.333333
vt 0.500000 0.166667
vt 0.500000 0.666667
vt 0.500000 0.500000
vt 0.562500 1.000000
vt 0.500000 0.833333
vt 0.562500 0.000000
vt 0.375000 0.333333
vt 0.375000 0.166667
vt 0.375000 0.666667
vt 0.375000 0.500000
vt 0.437500 1.000000
vt 0.375000 0.833333
vt 0.437500 0.000000
vt 0.250000 0.333333
vt 0.250000 0.166667
vt 0.250000 0.666667
vt 0.250000 0.500000
vt 0.312500 1.000000
vt 0.250000 0.833333
vt 0.312500 0.000000
vt 0.125000 0.666667
vt 0.125000 0.500000
vt 0.187500 1.000000
vt 0.125000 0.833333
vt 0.187500 0.000000
vt 0.125000 0.166667
vt 0.125000 0.333333
vt 0.062500 1.000000
vt 0.000000 0.833333
vt 0.062500 0.000000
vt 0.000000 0.166667
vt 0.000000 0.500000
vt 0.000000 0.333333
vt 0.000000 0.666667
vt 0.937500 0.000000
vt 1.000000 0.166667
vt 0.875000 0.166667
vt 1.000000 0.333333
vt 1.000000 0.500000
vt 0.875000 0.500000
vt 0.875000 0.333333
vt 1.000000 0.666667
vt 1.000000 0.833333
vt 0.875000 0.833333
vt 0.875000 0.666667
vt 0.937500 1.000000
vt 0.812500 0.000000
vt 0.812500 1.000000
s 0
usemtl Flame
f 713/1135/547 712/1136/547 675/1137/547 676/1138/547
f 711/1139/548 710/1140/548 673/1141/548 674/1142/548
f 714/1143/549 713/1135/549 676/1138/549 677/1144/549
f 712/1136/550 711/1139/550 674/1142/550 675/1137/550
f 710/1140/551 693/1145/551 673/1141/551
f 699/1146/552 714/1143/552 677/1144/552
f 677/1144/553 676/1138/553 681/1147/553 682/1148/553
f 675/1137/554 674/1142/554 679/1149/554 680/1150/554
f 673/1141/555 693/1151/555 678/1152/555
f 699/1153/556 677/1144/556 682/1148/556
f 676/1138/557 675/1137/557 680/1150/557 681/1147/557
f 674/1142/558 673/1141/558 678/1152/558 679/1149/558
f 682/1148/559 681/1147/559 686/1154/559 687/1155/559
f 680/1150/560 679/1149/560 684/1156/560 685/1157/560
f 678/1152/561 693/1158/561 683/1159/561
f 699/1160/562 682/1148/562 687/1155/562
f 681/1147/563 680/1150/563 685/1157/563 686/1154/563
f 679/1149/564 678/1152/564 683/1159/564 684/1156/564
f 687/1155/565 686/1154/565 691/1161/565 692/1162/565
f 685/1157/566 684/1156/566 689/1163/566 690/1164/566
f 683/1159/567 693/1165/567 688/1166/567
f 699/1167/568 687/1155/568 692/1162/568
f 686/1154/569 685/1157/569 690/1164/569 691/1161/569
f 684/1156/570 683/1159/570 688/1166/570 689/1163/570
f 690/1164/571 689/1163/571 695/1168/571 696/1169/571
f 688/1166/572 693/1170/572 694/1171/572
f 699/1172/573 692/1162/573 698/1173/573
f 691/1161/574 690/1164/574 696/1169/574 697/1174/574
f 689/1163/575 688/1166/575 694/1171/575 695/1168/575
f 692/1162/576 691/1161/576 697/1174/576 698/1173/576
f 694/1171/577 693/1175/577 700/1176/577
f 699/1177/578 698/1173/578 704/1178/578
f 697/1174/579 696/1169/579 702/1179/579 703/1180/579
f 695/1168/580 694/1171/580 700/1176/580 701/1181/580
f 698/1173/581 697/1174/581 703/1180/581 704/1178/581
f 696/1169/582 695/1168/582 701/1181/582 702/1179/582
f 699/1182/583 704/1183/583 709/1184/583
f 703/1185/584 702/1186/584 707/1187/584 708/1188/584
f 701/1189/585 700/1190/585 705/1191/585 706/1192/585
f 704/1183/586 703/1185/586 708/1188/586 709/1184/586
f 702/1186/587 701/1189/587 706/1192/587 707/1187/587
f 700/1190/588 693/1193/588 705/1191/588
f 699/1194/589 709/1184/589 714/1143/589
f 708/1188/590 707/1187/590 712/1136/590 713/1135/590
f 706/1192/591 705/1191/591 710/1140/591 711/1139/591
f 709/1184/592 708/1188/592 713/1135/592 714/1143/592
f 707/1187/593 706/1192/593 711/1139/593 712/1136/593
f 705/1191/594 693/1195/594 710/1140/594
o Flame_0_2
v -0.216525 0.270124 -0.061365
v -0.214713 0.265000 -0.063176
v -0.214050 0.258000 -0.063839
v -0.214713 0.251000 -0.063176
v -0.216525 0.245876 -0.061365
v -0.215500 0.270124 -0.058890
v -0.212938 0.265000 -0.058890
v -0.212000 0.258000 -0.058890
v -0.212938 0.251000 -0.058890
v -0.215500 0.245876 -0.058890
v -0.216525 0.270124 -0.056415
v -0.214713 0.265000 -0.054603
v -0.214050 0.258000 -0.053940
v -0.214713 0.251000 -0.054603
v -0.216525 0.245876 -0.056415
v -0.219000 0.270124 -0.055390
v -0.219000 0.265000 -0.052828
v -0.219000 0.258000 -0.051890
v -0.219000 0.251000 -0.052828
v -0.219000 0.245876 -0.055390
v -0.219000 0.272000 -0.058890
v -0.221475 0.270124 -0.056415
v -0.223287 0.265000 -0.054603
v -0.223950 0.258000 -0.053940
v -0.223287 0.251000 -0.054603
v -0.221475 0.245876 -0.056415
v -0.219000 0.244000 -0.058890
v -0.222500 0.270124 -0.058890
v -0.225062 0.265000 -0.058890
v -0.226000 0.258000 -0.058890
v -0.225062 0.251000 -0.058890
v -0.222500 0.245876 -0.058890
v -0.221475 0.270124 -0.061365
v -0.223287 0.265000 -0.063176
v -0.223950 0.258000 -0.063839
v -0.223287 0.251000 -0.063176
v -0.221475 0.245876 -0.061365
v -0.219000 0.270124 -0.062390
v -0.219000 0.265000 -0.064952
v -0.219000 0.258000 -0.065890
v -0.219000 0.251000 -0.064952
v -0.219000 0.245876 -0.062390
vn 0.3798 0.1228 -0.9169
vn 0.1920 0.8650 -0.4636
vn 0.1920 -0.8650 -0.4636
vn 0.3798 -0.1228 -0.9169
vn 0.3474 0.4194 -0.8387
vn 0.3474 -0.4194 -0.8387
vn 0.4636 -0.8650 -0.1920
vn 0.9169 -0.1228 -0.3798
vn 0.8387 0.4194 -0.3474
vn 0.8387 -0.4194 -0.3474
vn 0.9169 0.1228 -0.3798
vn 0.4636 0.8650 -0.1920
vn 0.4636 -0.8650 0.1920
vn 0.9169 -0.1228 0.3798
vn 0.8387 0.4194 0.3474
vn 0.8387 -0.4194 0.3474
vn 0.9169 0.1228 0.3798
vn 0.4636 0.8650 0.1920
vn 0.3798 -0.1228 0.9169
vn 0.3474 0.4194 0.8387
vn 0.3474 -0.4194 0.8387
vn 0.3798 0.1228 0.9169
vn 0.1920 0.8650 0.4636
vn 0.1920 -0.8650 0.4636
vn -0.3474 0.4194 0.8387
vn -0.3474 -0.4194 0.8387
vn -0.3798 0.1228 0.9169
vn -0.1920 0.8650 0.4636
vn -0.1920 -0.8650 0.4636
vn -0.3798 -0.1228 0.9169
vn -0.8387 -0.4194 0.3474
vn -0.9169 0.1228 0.3798
vn -0.4636 0.8650 0.1920
vn -0.4636 -0.8650 0.1920
vn -0.9169 -0.1228 0.3798
vn -0.8387 0.4194 0.3474
vn -0.8387 -0.4194 -0.3474
vn -0.9169 0.1228 -0.3798
vn -0.4636 0.8650 -0.1920
vn -0.4636 -0.8650 -0.1920
vn -0.9169 -0.1228 -0.3798
vn -0.8387 0.4194 -0.3474
vn -0.3474 -0.4194 -0.8387
vn -0.3798 0.1228 -0.9169
vn -0.1920 0.8650 -0.4636
vn -0.1920 -0.8650 -0.4636
vn -0.3798 -0.1228 -0.9169
vn -0.3474 0.4194 -0.8387
vt 0.750000 0.500000
vt 0.750000 0.666667
vt 0.625000 0.666667
vt 0.625000 0.500000
vt 0.750000 0.833333
vt 0.687500 1.000000
vt 0.625000 0.833333
vt 0.687500 0.000000
vt 0.750000 0.166667
vt 0.625000 0.166667
vt 0.750000 0.333333
vt 0.625000 0.333333
vt 0.562500 0.000000
vt 0.500000 0.166667
vt 0.500000 0.500000
vt 0.500000 0.333333
vt 0.500000 0.833333
vt 0.500000 0.666667
vt 0.562500 1.000000
vt 0.437500 0.000000
vt 0.375000 0.166667
vt 0.375000 0.500000
vt 0.375000 0.333333
vt 0.375000 0.833333
vt 0.375000 0.666667
vt 0.437500 1.000000
vt 0.250000 0.500000
vt 0.250000 0.333333
vt 0.250000 0.833333
vt 0.250000 0.666667
vt 0.250000 0.166667
vt 0.312500 1.000000
vt 0.312500 0.000000
vt 0.125000 0.833333
vt 0.125000 0.666667
vt 0.125000 0.333333
vt 0.125000 0.166667
vt 0.125000 0.500000
vt 0.187500 1.000000
vt 0.187500 0.000000
vt 0.000000 0.333333
vt 0.000000 0.166667
vt 0.000000 0.666667
vt 0.000000 0.500000
vt 0.062500 1.000000
vt 0.000000 0.833333
vt 0.062500 0.000000
vt 1.000000 0.166667
vt 1.000000 0.333333
vt 0.875000 0.333333
vt 0.875000 0.166667
vt 1.000000 0.500000
vt 1.000000 0.666667
vt 0.875000 0.666667
vt 0.875000 0.500000
vt 1.000000 0.833333
vt 0.937500 1.000000
vt 0.875000 0.833333
vt 0.937500 0.000000
vt 0.812500 1.000000
vt 0.812500 0.000000
s 0
usemtl Flame
f 754/1196/595 753/1197/595 716/1198/595 717/1199/595
f 752/1200/596 735/1201/596 715/1202/596
f 741/1203/597 756/1204/597 719/1205/597
f 755/1206/598 754/1196/598 717/1199/598 718/1207/598
f 753/1197/599 752/1200/599 715/1202/599 716/1198/599
f 756/1204/600 755/1206/600 718/1207/600 719/1205/600
f 741/1208/601 719/1205/601 724/1209/601
f 718/1207/602 717/1199/602 722/1210/602 723/1211/602
f 716/1198/603 715/1202/603 720/1212/603 721/1213/603
f 719/1205/604 718/1207/604 723/1211/604 724/1209/604
f 717/1199/605 716/1198/605 721/1213/605 722/1210/605
f 715/1202/606 735/1214/606 720/1212/606
f 741/1215/607 724/1209/607 729/1216/607
f 723/1211/608 722/1210/608 727/1217/608 728/1218/608
f 721/1213/609 720/1212/609 725/1219/609 726/1220/609
f 724/1209/610 723/1211/610 728/1218/610 729/1216/610
f 722/1210/611 721/1213/611 726/1220/611 727/1217/611
f 720/1212/612 735/1221/612 725/1219/612
f 728/1218/613 727/1217/613 732/1222/613 733/1223/613
f 726/1220/614 725/1219/614 730/1224/614 731/1225/614
f 729/1216/615 728/1218/615 733/1223/615 734/1226/615
f 727/1217/616 726/1220/616 731/1225/616 732/1222/616
f 725/1219/617 735/1227/617 730/1224/617
f 741/1228/618 729/1216/618 734/1226/618
f 731/1225/619 730/1224/619 736/1229/619 737/1230/619
f 734/1226/620 733/1223/620 739/1231/620 740/1232/620
f 732/1222/621 731/1225/621 737/1230/621 738/1233/621
f 730/1224/622 735/1234/622 736/1229/622
f 741/1235/623 734/1226/623 740/1232/623
f 733/1223/624 732/1222/624 738/1233/624 739/1231/624
f 740/1232/625 739/1231/625 745/1236/625 746/1237/625
f 738/1233/626 737/1230/626 743/1238/626 744/1239/626
f 736/1229/627 735/1240/627 742/1241/627
f 741/1242/628 740/1232/628 746/1237/628
f 739/1231/629 738/1233/629 744/1239/629 745/1236/629
f 737/1230/630 736/1229/630 742/1241/630 743/1238/630
f 746/1243/631 745/1244/631 750/1245/631 751/1246/631
f 744/1247/632 743/1248/632 748/1249/632 749/1250/632
f 742/1251/633 735/1252/633 747/1253/633
f 741/1254/634 746/1243/634 751/1246/634
f 745/1244/635 744/1247/635 749/1250/635 750/1245/635
f 743/1248/636 742/1251/636 747/1253/636 748/1249/636
f 751/1246/637 750/1245/637 755/1206/637 756/1204/637
f 749/1250/638 748/1249/638 753/1197/638 754/1196/638
f 747/1253/639 735/1255/639 752/1200/639
f 741/1256/640 751/1246/640 756/1204/640
f 750/1245/641 749/1250/641 754/1196/641 755/1206/641
f 748/1249/642 747/1253/642 752/1200/642 753/1197/642
o Flame_0_3
v -0.250525 0.270124 -0.002475
v -0.248713 0.265000 -0.004287
v -0.248050 0.258000 -0.004950
v -0.248713 0.251000 -0.004287
v -0.250525 0.245876 -0.002475
v -0.249500 0.270124 -0.000000
v -0.246938 0.265000 -0.000000
v -0.246000 0.258000 -0.000000
v -0.246938 0.251000 -0.000000
v -0.249500 0.245876 -0.000000
v -0.250525 0.270124 0.002475
v -0.248713 0.265000 0.004287
v -0.248050 0.258000 0.004950
v -0.248713 0.251000 0.004287
v -0.250525 0.245876 0.002475
v -0.253000 0.270124 0.003500
v -0.253000 0.265000 0.006062
v -0.253000 0.258000 0.007000
v -0.253000 0.251000 0.006062
v -0.253000 0.245876 0.003500
v -0.253000 0.272000 -0.000000
v -0.255475 0.270124 0.002475
v -0.257287 0.265000 0.004287
v -0.257950 0.258000 0.004950
v -0.257287 0.251000 0.004287
v -0.255475 0.245876 0.002475
v -0.253000 0.244000 -0.000000
v -0.256500 0.270124 -0.000000
v -0.259062 0.265000 -0.000000
v -0.260000 0.258000 -0.000000
v -0.259062 0.251000 -0.000000
v -0.256500 0.245876 -0.000000
v -0.255475 0.270124 -0.002475
v -0.257287 0.265000 -0.004287
v -0.257950 0.258000 -0.004950
v -0.257287 0.251000 -0.004287
v -0.255475 0.245876 -0.002475
v -0.253000 0.270124 -0.003500
v -0.253000 0.265000 -0.006062
v -0.253000 0.258000 -0.007000
v -0.253000 0.251000 -0.006062
v -0.253000 0.245876 -0.003500
vn 0.1920 -0.8650 -0.4636
vn 0.3798 -0.1228 -0.9169
vn 0.3474 0.4194 -0.8387
vn 0.3474 -0.4194 -0.8387
vn 0.3798 0.1228 -0.9169
vn 0.1920 0.8650 -0.4636
vn 0.8387 -0.4194 -0.3474
vn 0.9169 0.1228 -0.3798
vn 0.4636 0.8650 -0.1920
vn 0.4636 -0.8650 -0.1920
vn 0.9169 -0.1228 -0.3798
vn 0.8387 0.4194 -0.3474
vn 0.8387 -0.4194 0.3474
vn 0.9169 0.1228 0.3798
vn 0.4636 0.8650 0.1920
vn 0.4636 -0.8650 0.1920
vn 0.9169 -0.1228 0.3798
vn 0.8387 0.4194 0.3474
vn 0.3474 -0.4194 0.8387
vn 0.3798 0.1228 0.9169
vn 0.1920 0.8650 0.4636
vn 0.1920 -0.8650 0.4636
vn 0.3798 -0.1228 0.9169
vn 0.3474 0.4194 0.8387
vn -0.3474 -0.4194 0.8387
vn -0.3798 0.1228 0.9169
vn -0.1920 0.8650 0.4636
vn -0.1920 -0.8650 0.4636
vn -0.3798 -0.1228 0.9169
vn -0.3474 0.4194 0.8387
vn -0.9169 0.1228 0.3798
vn -0.4636 0.8650 0.1920
vn -0.4636 -0.8650 0.1920
vn -0.9169 -0.1228 0.3798
vn -0.8387 0.4194 0.3474
vn -0.8387 -0.4194 0.3474
vn -0.4636 0.8650 -0.1920
vn -0.4636 -0.8650 -0.1920
vn -0.9169 -0.1228 -0.3798
vn -0.8387 0.4194 -0.3474
vn -0.8387 -0.4194 -0.3474
vn -0.9169 0.1228 -0.3798
vn -0.1920 -0.8650 -0.4636
vn -0.3798 -0.1228 -0.9169
vn -0.3474 0.4194 -0.8387
vn -0.3474 -0.4194 -0.8387
vn -0.3798 0.1228 -0.9169
vn -0.1920 0.8650 -0.4636
vt 0.687500 0.000000
vt 0.750000 0.166667
vt 0.625000 0.166667
vt 0.750000 0.333333
vt 0.750000 0.500000
vt 0.625000 0.500000
vt 0.625000 0.333333
vt 0.750000 0.666667
vt 0.750000 0.833333
vt 0.625000 0.833333
vt 0.625000 0.666667
vt 0.687500 1.000000
vt 0.500000 0.333333
vt 0.500000 0.166667
vt 0.500000 0.666667
vt 0.500000 0.500000
vt 0.562500 1.000000
vt 0.500000 0.833333
vt 0.562500 0.000000
vt 0.375000 0.333333
vt 0.375000 0.166667
vt 0.375000 0.666667
vt 0.375000 0.500000
vt 0.437500 1.000000
vt 0.375000 0.833333
vt 0.437500 0.000000
vt 0.250000 0.333333
vt 0.250000 0.166667
vt 0.250000 0.666667
vt 0.250000 0.500000
vt 0.312500 1.000000
vt 0.250000 0.833333
vt 0.312500 0.000000
vt 0.125000 0.333333
vt 0.125000 0.166667
vt 0.125000 0.666667
vt 0.125000 0.500000
vt 0.187500 1.000000
vt 0.125000 0.833333
vt 0.187500 0.000000
vt 0.000000 0.666667
vt 0.000000 0.500000
vt 0.062500 1.000000
vt 0.000000 0.833333
vt 0.062500 0.000000
vt 0.000000 0.166667
vt 0.000000 0.333333
vt 1.000000 0.833333
vt 0.937500 1.000000
vt 0.875000 0.833333
vt 0.937500 0.000000
vt 1.000000 0.166667
vt 0.875000 0.166667
vt 1.000000 0.333333
vt 1.000000 0.500000
vt 0.875000 0.500000
vt 0.875000 0.333333
vt 1.000000 0.666667
vt 0.875000 0.666667
vt 0.812500 0.000000
vt 0.812500 1.000000
s 0
usemtl Flame
f 783/1257/643 798/1258/643 761/1259/643
f 797/1260/644 796/1261/644 759/1262/644 760/1263/644
f 795/1264/645 794/1265/645 757/1266/645 758/1267/645
f 798/1258/646 797/1260/646 760/1263/646 761/1259/646
f 796/1261/647 795/1264/647 758/1267/647 759/1262/647
f 794/1265/648 777/1268/648 757/1266/648
f 761/1259/649 760/1263/649 765/1269/649 766/1270/649
f 759/1262/650 758/1267/650 763/1271/650 764/1272/650
f 757/1266/651 777/1273/651 762/1274/651
f 783/1275/652 761/1259/652 766/1270/652
f 760/1263/653 759/1262/653 764/1272/653 765/1269/653
f 758/1267/654 757/1266/654 762/1274/654 763/1271/654
f 766/1270/655 765/1269/655 770/1276/655 771/1277/655
f 764/1272/656 763/1271/656 768/1278/656 769/1279/656
f 762/1274/657 777/1280/657 767/1281/657
f 783/1282/658 766/1270/658 771/1277/658
f 765/1269/659 764/1272/659 769/1279/659 770/1276/659
f 763/1271/660 762/1274/660 767/1281/660 768/1278/660
f 771/1277/661 770/1276/661 775/1283/661 776/1284/661
f 769/1279/662 768/1278/662 773/1285/662 774/1286/662
f 767/1281/663 777/1287/663 772/1288/663
f 783/1289/664 771/1277/664 776/1284/664
f 770/1276/665 769/1279/665 774/1286/665 775/1283/665
f 768/1278/666 767/1281/666 772/1288/666 773/1285/666
f 776/1284/667 775/1283/667 781/1290/667 782/1291/667
f 774/1286/668 773/1285/668 779/1292/668 780/1293/668
f 772/1288/669 777/1294/669 778/1295/669
f 783/1296/670 776/1284/670 782/1291/670
f 775/1283/671 774/1286/671 780/1293/671 781/1290/671
f 773/1285/672 772/1288/672 778/1295/672 779/1292/672
f 780/1293/673 779/1292/673 785/1297/673 786/1298/673
f 778/1295/674 777/1299/674 784/1300/674
f 783/1301/675 782/1291/675 788/1302/675
f 781/1290/676 780/1293/676 786/1298/676 787/1303/676
f 779/1292/677 778/1295/677 784/1300/677 785/1297/677
f 782/1291/678 781/1290/678 787/1303/678 788/1302/678
f 784/1304/679 777/1305/679 789/1306/679
f 783/1307/680 788/1308/680 793/1309/680
f 787/1310/681 786/1311/681 791/1312/681 792/1313/681
f 785/1314/682 784/1304/682 789/1306/682 790/1315/682
f 788/1308/683 787/1310/683 792/1313/683 793/1309/683
f 786/1311/684 785/1314/684 790/1315/684 791/1312/684
f 783/1316/685 793/1309/685 798/1258/685
f 792/1313/686 791/1312/686 796/1261/686 797/1260/686
f 790/1315/687 789/1306/687 794/1265/687 795/1264/687
f 793/1309/688 792/1313/688 797/1260/688 798/1258/688
f 791/1312/689 790/1315/689 795/1264/689 796/1261/689
f 789/1306/690 777/1317/690 794/1265/690
o Flame_0_4
v -0.216525 0.270124 0.056415
v -0.214713 0.265000 0.054603
v -0.214050 0.258000 0.053940
v -0.214713 0.251000 0.054603
v -0.216525 0.245876 0.056415
v -0.215500 0.270124 0.058890
v -0.212938 0.265000 0.058890
v -0.212000 0.258000 0.058890
v -0.212938 0.251000 0.058890
v -0.215500 0.245876 0.058890
v -0.216525 0.270124 0.061365
v -0.214713 0.265000 0.063176
v -0.214050 0.258000 0.063839
v -0.214713 0.251000 0.063176
v -0.216525 0.245876 0.061365
v -0.219000 0.270124 0.062390
v -0.219000 0.265000 0.064952
v -0.219000 0.258000 0.065890
v -0.219000 0.251000 0.064952
v -0.219000 0.245876 0.062390
v -0.219000 0.272000 0.058890
v -0.221475 0.270124 0.061365
v -0.223287 0.265000 0.063176
v -0.223950 0.258000 0.063839
v -0.223287 0.251000 0.063176
v -0.221475 0.245876 0.061365
v -0.219000 0.244000 0.058890
v -0.222500 0.270124 0.058890
v -0.225062 0.265000 0.058890
v -0.226000 0.258000 0.058890
v -0.225062 0.251000 0.058890
v -0.222500 0.245876 0.058890
v -0.221475 0.270124 0.056415
v -0.223287 0.265000 0.054603
v -0.223950 0.258000 0.053940
v -0.223287 0.251000 0.054603
v -0.221475 0.245876 0.056415
v -0.219000 0.270124 0.055390
v -0.219000 0.265000 0.052828
v -0.219000 0.258000 0.051890
v -0.219000 0.251000 0.052828
v -0.219000 0.245876 0.055390
vn 0.3474 -0.4194 -0.8387
vn 0.3798 0.1228 -0.9169
vn 0.1920 0.8650 -0.4636
vn 0.1920 -0.8650 -0.4636
vn 0.3798 -0.1228 -0.9169
vn 0.3474 0.4194 -0.8387
vn 0.9169 0.1228 -0.3798
vn 0.4636 0.8650 -0.1920
vn 0.4636 -0.8650 -0.1920
vn 0.9169 -0.1228 -0.3798
vn 0.8387 0.4194 -0.3474
vn 0.8387 -0.4194 -0.3474
vn 0.4636 0.8650 0.1920
vn 0.4636 -0.8650 0.1920
vn 0.9169 -0.1228 0.3798
vn 0.8387 0.4194 0.3474
vn 0.8387 -0.4194 0.3474
vn 0.9169 0.1228 0.3798
vn 0.1920 -0.8650 0.4636
vn 0.3798 -0.1228 0.9169
vn 0.3474 0.4194 0.8387
vn 0.3474 -0.4194 0.8387
vn 0.3798 0.1228 0.9169
vn 0.1920 0.8650 0.4636
vn -0.1920 -0.8650 0.4636
vn -0.3798 -0.1228 0.9169
vn -0.3474 0.4194 0.8387
vn -0.3474 -0.4194 0.8387
vn -0.3798 0.1228 0.9169
vn -0.1920 0.8650 0.4636
vn -0.4636 -0.8650 0.1920
vn -0.9169 -0.1228 0.3798
vn -0.8387 0.4194 0.3474
vn -0.8387 -0.4194 0.3474
vn -0.9169 0.1228 0.3798
vn -0.4636 0.8650 0.1920
vn -0.9169 -0.1228 -0.3798
vn -0.8387 0.4194 -0.3474
vn -0.8387 -0.4194 -0.3474
vn -0.9169 0.1228 -0.3798
vn -0.4636 0.8650 -0.1920
vn -0.4636 -0.8650 -0.1920
vn -0.3474 0.4194 -0.8387
vn -0.3474 -0.4194 -0.8387
vn -0.3798 0.1228 -0.9169
vn -0.1920 0.8650 -0.4636
vn -0.1920 -0.8650 -0.4636
vn -0.3798 -0.1228 -0.9169
vt 0.750000 0.166667
vt 0.750000 0.333333
vt 0.625000 0.333333
vt 0.625000 0.166667
vt 0.750000 0.500000
vt 0.750000 0.666667
vt 0.625000 0.666667
vt 0.625000 0.500000
vt 0.750000 0.833333
vt 0.687500 1.000000
vt 0.625000 0.833333
vt 0.687500 0.000000
vt 0.500000 0.666667
vt 0.500000 0.500000
vt 0.562500 1.000000
vt 0.500000 0.833333
vt 0.562500 0.000000
vt 0.500000 0.166667
vt 0.500000 0.333333
vt 0.437500 1.000000
vt 0.375000 0.833333
vt 0.437500 0.000000
vt 0.375000 0.166667
vt 0.375000 0.500000
vt 0.375000 0.333333
vt 0.375000 0.666667
vt 0.312500 0.000000
vt 0.250000 0.166667
vt 0.250000 0.500000
vt 0.250000 0.333333
vt 0.250000 0.833333
vt 0.250000 0.666667
vt 0.312500 1.000000
vt 0.187500 0.000000
vt 0.125000 0.166667
vt 0.125000 0.500000
vt 0.125000 0.333333
vt 0.125000 0.833333
vt 0.125000 0.666667
vt 0.187500 1.000000
vt 0.062500 0.000000
vt 0.000000 0.166667
vt 0.000000 0.500000
vt 0.000000 0.333333
vt 0.000000 0.833333
vt 0.000000 0.666667
vt 0.062500 1.000000
vt 1.000000 0.333333
vt 1.000000 0.500000
vt 0.875000 0.500000
vt 0.875000 0.333333
vt 1.000000 0.666667
vt 1.000000 0.833333
vt 0.875000 0.833333
vt 0.875000 0.666667
vt 1.000000 0.166667
vt 0.875000 0.166667
vt 0.937500 1.000000
vt 0.937500 0.000000
vt 0.812500 1.000000
vt 0.812500 0.000000
s 0
usemtl Flame
f 840/1318/691 839/1319/691 802/1320/691 803/1321/691
f 838/1322/692 837/1323/692 800/1324/692 801/1325/692
f 836/1326/693 819/1327/693 799/1328/693
f 825/1329/694 840/1318/694 803/1321/694
f 839/1319/695 838/1322/695 801/1325/695 802/1320/695
f 837/1323/696 836/1326/696 799/1328/696 800/1324/696
f 801/1325/697 800/1324/697 805/1330/697 806/1331/697
f 799/1328/698 819/1332/698 804/1333/698
f 825/1334/699 803/1321/699 808/1335/699
f 802/1320/700 801/1325/700 806/1331/700 807/1336/700
f 800/1324/701 799/1328/701 804/1333/701 805/1330/701
f 803/1321/702 802/1320/702 807/1336/702 808/1335/702
f 804/1333/703 819/1337/703 809/1338/703
f 825/1339/704 808/1335/704 813/1340/704
f 807/1336/705 806/1331/705 811/1341/705 812/1342/705
f 805/1330/706 804/1333/706 809/1338/706 810/1343/706
f 808/1335/707 807/1336/707 812/1342/707 813/1340/707
f 806/1331/708 805/1330/708 810/1343/708 811/1341/708
f 825/1344/709 813/1340/709 818/1345/709
f 812/1342/710 811/1341/710 816/1346/710 817/1347/710
f 810/1343/711 809/1338/711 814/1348/711 815/1349/711
f 813/1340/712 812/1342/712 817/1347/712 818/1345/712
f 811/1341/713 810/1343/713 815/1349/713 816/1346/713
f 809/1338/714 819/1350/714 814/1348/714
f 825/1351/715 818/1345/715 824/1352/715
f 817/1347/716 816/1346/716 822/1353/716 823/1354/716
f 815/1349/717 814/1348/717 820/1355/717 821/1356/717
f 818/1345/718 817/1347/718 823/1354/718 824/1352/718
f 816/1346/719 815/1349/719 821/1356/719 822/1353/719
f 814/1348/720 819/1357/720 820/1355/720
f 825/1358/721 824/1352/721 830/1359/721
f 823/1354/722 822/1353/722 828/1360/722 829/1361/722
f 821/1356/723 820/1355/723 826/1362/723 827/1363/723
f 824/1352/724 823/1354/724 829/1361/724 830/1359/724
f 822/1353/725 821/1356/725 827/1363/725 828/1360/725
f 820/1355/726 819/1364/726 826/1362/726
f 829/1365/727 828/1366/727 833/1367/727 834/1368/727
f 827/1369/728 826/1370/728 831/1371/728 832/1372/728
f 830/1373/729 829/1365/729 834/1368/729 835/1374/729
f 828/1366/730 827/1369/730 832/1372/730 833/1367/730
f 826/1370/731 819/1375/731 831/1371/731
f 825/1376/732 830/1373/732 835/1374/732
f 832/1372/733 831/1371/733 836/1326/733 837/1323/733
f 835/1374/734 834/1368/734 839/1319/734 840/1318/734
f 833/1367/735 832/1372/735 837/1323/735 838/1322/735
f 831/1371/736 819/1377/736 836/1326/736
f 825/1378/737 835/1374/737 840/1318/737
f 834/1368/738 833/1367/738 838/1322/738 839/1319/738
o Flame_0_5
v -0.148525 0.270124 0.056415
v -0.146713 0.265000 0.054603
v -0.146050 0.258000 0.053940
v -0.146713 0.251000 0.054603
v -0.148525 0.245876 0.056415
v -0.147500 0.270124 0.058890
v -0.144938 0.265000 0.058890
v -0.144000 0.258000 0.058890
v -0.144938 0.251000 0.058890
v -0.147500 0.245876 0.058890
v -0.148525 0.270124 0.061365
v -0.146713 0.265000 0.063176
v -0.146050 0.258000 0.063839
v -0.146713 0.251000 0.063176
v -0.148525 0.245876 0.061365
v -0.151000 0.270124 0.062390
v -0.151000 0.265000 0.064952
v -0.151000 0.258000 0.065890
v -0.151000 0.251000 0.064952
v -0.151000 0.245876 0.062390
v -0.151000 0.272000 0.058890
v -0.153475 0.270124 0.061365
v -0.155287 0.265000 0.063176
v -0.155950 0.258000 0.063839
v -0.155287 0.251000 0.063176
v -0.153475 0.245876 0.061365
v -0.151000 0.244000 0.058890
v -0.154500 0.270124 0.058890
v -0.157062 0.265000 0.058890
v -0.158000 0.258000 0.058890
v -0.157062 0.251000 0.058890
v -0.154500 0.245876 0.058890
v -0.153475 0.270124 0.056415
v -0.155287 0.265000 0.054603
v -0.155950 0.258000 0.053940
v -0.155287 0.251000 0.054603
v -0.153475 0.245876 0.056415
v -0.151000 0.270124 0.055390
v -0.151000 0.265000 0.052828
v -0.151000 0.258000 0.051890
v -0.151000 0.251000 0.052828
v -0.151000 0.245876 0.055390
vn 0.1920 0.8650 -0.4636
vn 0.1920 -0.8650 -0.4636
vn 0.3798 -0.1228 -0.9169
vn 0.3474 0.4194 -0.8387
vn 0.3474 -0.4194 -0.8387
vn 0.3798 0.1228 -0.9169
vn 0.4636 -0.8650 -0.1920
vn 0.9169 -0.1228 -0.3798
vn 0.8387 0.4194 -0.3474
vn 0.8387 -0.4194 -0.3474
vn 0.9169 0.1228 -0.3798
vn 0.4636 0.8650 -0.1920
vn 0.9169 -0.1228 0.3798
vn 0.8387 0.4194 0.3474
vn 0.8387 -0.4194 0.3474
vn 0.9169 0.1228 0.3798
vn 0.4636 0.8650 0.1920
vn 0.4636 -0.8650 0.1920
vn 0.3474 0.4194 0.8387
vn 0.3474 -0.4194 0.8387
vn 0.3798 0.1228 0.9169
vn 0.1920 0.8650 0.4636
vn 0.1920 -0.8650 0.4636
vn 0.3798 -0.1228 0.9169
vn -0.3474 -0.4194 0.8387
vn -0.3798 0.1228 0.9169
vn -0.1920 0.8650 0.4636
vn -0.1920 -0.8650 0.4636
vn -0.3798 -0.1228 0.9169
vn -0.3474 0.4194 0.8387
vn -0.8387 -0.4194 0.3474
vn -0.9169 0.1228 0.3798
vn -0.4636 0.8650 0.1920
vn -0.4636 -0.8650 0.1920
vn -0.9169 -0.1228 0.3798
vn -0.8387 0.4194 0.3474
vn -0.8387 -0.4194 -0.3474
vn -0.9169 0.1228 -0.3798
vn -0.4636 0.8650 -0.1920
vn -0.4636 -0.8650 -0.1920
vn -0.9169 -0.1228 -0.3798
vn -0.8387 0.4194 -0.3474
vn -0.3474 -0.4194 -0.8387
vn -0.3798 0.1228 -0.9169
vn -0.1920 0.8650 -0.4636
vn -0.1920 -0.8650 -0.4636
vn -0.3798 -0.1228 -0.9169
vn -0.3474 0.4194 -0.8387
vt 0.750000 0.833333
vt 0.687500 1.000000
vt 0.625000 0.833333
vt 0.687500 0.000000
vt 0.750000 0.166667
vt 0.625000 0.166667
vt 0.750000 0.333333
vt 0.750000 0.500000
vt 0.625000 0.500000
vt 0.625000 0.333333
vt 0.750000 0.666667
vt 0.625000 0.666667
vt 0.562500 0.000000
vt 0.500000 0.166667
vt 0.500000 0.500000
vt 0.500000 0.333333
vt 0.500000 0.833333
vt 0.500000 0.666667
vt 0.562500 1.000000
vt 0.375000 0.500000
vt 0.375000 0.333333
vt 0.375000 0.833333
vt 0.375000 0.666667
vt 0.375000 0.166667
vt 0.437500 1.000000
vt 0.437500 0.000000
vt 0.250000 0.833333
vt 0.250000 0.666667
vt 0.250000 0.333333
vt 0.250000 0.166667
vt 0.250000 0.500000
vt 0.312500 1.000000
vt 0.312500 0.000000
vt 0.125000 0.333333
vt 0.125000 0.166667
vt 0.125000 0.666667
vt 0.125000 0.500000
vt 0.187500 1.000000
vt 0.125000 0.833333
vt 0.187500 0.000000
vt 0.000000 0.333333
vt 0.000000 0.166667
vt 0.000000 0.666667
vt 0.000000 0.500000
vt 0.062500 1.000000
vt 0.000000 0.833333
vt 0.062500 0.000000
vt 1.000000 0.166667
vt 1.000000 0.333333
vt 0.875000 0.333333
vt 0.875000 0.166667
vt 1.000000 0.500000
vt 1.000000 0.666667
vt 0.875000 0.666667
vt 0.875000 0.500000
vt 1.000000 0.833333
vt 0.937500 1.000000
vt 0.875000 0.833333
vt 0.937500 0.000000
vt 0.812500 1.000000
vt 0.812500 0.000000
s 0
usemtl Flame
f 878/1379/739 861/1380/739 841/1381/739
f 867/1382/740 882/1383/740 845/1384/740
f 881/1385/741 880/1386/741 843/1387/741 844/1388/741
f 879/1389/742 878/1379/742 841/1381/742 842/1390/742
f 882/1383/743 881/1385/743 844/1388/743 845/1384/743
f 880/1386/744 879/1389/744 842/1390/744 843/1387/744
f 867/1391/745 845/1384/745 850/1392/745
f 844/1388/746 843/1387/746 848/1393/746 849/1394/746
f 842/1390/747 841/1381/747 846/1395/747 847/1396/747
f 845/1384/748 844/1388/748 849/1394/748 850/1392/748
f 843/1387/749 842/1390/749 847/1396/749 848/1393/749
f 841/1381/750 861/1397/750 846/1395/750
f 849/1394/751 848/1393/751 853/1398/751 854/1399/751
f 847/1396/752 846/1395/752 851/1400/752 852/1401/752
f 850/1392/753 849/1394/753 854/1399/753 855/1402/753
f 848/1393/754 847/1396/754 852/1401/754 853/1398/754
f 846/1395/755 861/1403/755 851/1400/755
f 867/1404/756 850/1392/756 855/1402/756
f 852/1401/757 851/1400/757 856/1405/757 857/1406/757
f 855/1402/758 854/1399/758 859/1407/758 860/1408/758
f 853/1398/759 852/1401/759 857/1406/759 858/1409/759
f 851/1400/760 861/1410/760 856/1405/760
f 867/1411/761 855/1402/761 860/1408/761
f 854/1399/762 853/1398/762 858/1409/762 859/1407/762
f 860/1408/763 859/1407/763 865/1412/763 866/1413/763
f 858/1409/764 857/1406/764 863/1414/764 864/1415/764
f 856/1405/765 861/1416/765 862/1417/765
f 867/1418/766 860/1408/766 866/1413/766
f 859/1407/767 858/1409/767 864/1415/767 865/1412/767
f 857/1406/768 856/1405/768 862/1417/768 863/1414/768
f 866/1413/769 865/1412/769 871/1419/769 872/1420/769
f 864/1415/770 863/1414/770 869/1421/770 870/1422/770
f 862/1417/771 861/1423/771 868/1424/771
f 867/1425/772 866/1413/772 872/1420/772
f 865/1412/773 864/1415/773 870/1422/773 871/1419/773
f 863/1414/774 862/1417/774 868/1424/774 869/1421/774
f 872/1426/775 871/1427/775 876/1428/775 877/1429/775
f 870/1430/776 869/1431/776 874/1432/776 875/1433/776
f 868/1434/777 861/1435/777 873/1436/777
f 867/1437/778 872/1426/778 877/1429/778
f 871/1427/779 870/1430/779 875/1433/779 876/1428/779
f 869/1431/780 868/1434/780 873/1436/780 874/1432/780
f 877/1429/781 876/1428/781 881/1385/781 882/1383/781
f 875/1433/782 874/1432/782 879/1389/782 880/1386/782
f 873/1436/783 861/1438/783 878/1379/783
f 867/1439/784 877/1429/784 882/1383/784
f 876/1428/785 875/1433/785 880/1386/785 881/1385/785
f 874/1432/786 873/1436/786 878/1379/786 879/1389/786
o Q_Plate_1
v 0.185000 0.228000 -0.095000
v 0.185000 0.250000 -0.095000
v 0.201497 0.228000 -0.093557
v 0.201497 0.250000 -0.093557
v 0.217492 0.228000 -0.089271
v 0.217492 0.250000 -0.089271
v 0.232500 0.228000 -0.082272
v 0.232500 0.250000 -0.082272
v 0.246065 0.228000 -0.072774
v 0.246065 0.250000 -0.072774
v 0.257774 0.228000 -0.061065
v 0.257774 0.250000 -0.061065
v 0.267272 0.228000 -0.047500
v 0.267272 0.250000 -0.047500
v 0.274271 0.228000 -0.032492
v 0.274271 0.250000 -0.032492
v 0.278557 0.228000 -0.016497
v 0.278557 0.250000 -0.016497
v 0.280000 0.228000 0.000000
v 0.280000 0.250000 0.000000
v 0.278557 0.228000 0.016497
v 0.278557 0.250000 0.016497
v 0.274271 0.228000 0.032492
v 0.274271 0.250000 0.032492
v 0.267272 0.228000 0.047500
v 0.267272 0.250000 0.047500
v 0.257774 0.228000 0.061065
v 0.257774 0.250000 0.061065
v 0.246065 0.228000 0.072774
v 0.246065 0.250000 0.072774
v 0.232500 0.228000 0.082272
v 0.232500 0.250000 0.082272
v 0.217492 0.228000 0.089271
v 0.217492 0.250000 0.089271
v 0.201497 0.228000 0.093557
v 0.201497 0.250000 0.093557
v 0.185000 0.228000 0.095000
v 0.185000 0.250000 0.095000
v 0.168503 0.228000 0.093557
v 0.168503 0.250000 0.093557
v 0.152508 0.228000 0.089271
v 0.152508 0.250000 0.089271
v 0.137500 0.228000 0.082272
v 0.137500 0.250000 0.082272
v 0.123935 0.228000 0.072774
v 0.123935 0.250000 0.072774
v 0.112226 0.228000 0.061065
v 0.112226 0.250000 0.061065
v 0.102728 0.228000 0.047500
v 0.102728 0.250000 0.047500
v 0.095729 0.228000 0.032492
v 0.095729 0.250000 0.032492
v 0.091443 0.228000 0.016497
v 0.091443 0.250000 0.016497
v 0.090000 0.228000 0.000000
v 0.090000 0.250000 0.000000
v 0.091443 0.228000 -0.016497
v 0.091443 0.250000 -0.016497
v 0.095729 0.228000 -0.032492
v 0.095729 0.250000 -0.032492
v 0.102728 0.228000 -0.047500
v 0.102728 0.250000 -0.047500
v 0.112226 0.228000 -0.061065
v 0.112226 0.250000 -0.061065
v 0.123935 0.228000 -0.072774
v 0.123935 0.250000 -0.072774
v 0.137500 0.228000 -0.082272
v 0.137500 0.250000 -0.082272
v 0.152508 0.228000 -0.089271
v 0.152508 0.250000 -0.089271
v 0.168503 0.228000 -0.093557
v 0.168503 0.250000 -0.093557
vn 0.0872 -0.0000 -0.9962
vn 0.2588 -0.0000 -0.9659
vn 0.4226 -0.0000 -0.9063
vn 0.5736 -0.0000 -0.8192
vn 0.7071 -0.0000 -0.7071
vn 0.8192 -0.0000 -0.5736
vn 0.9063 -0.0000 -0.4226
vn 0.9659 -0.0000 -0.2588
vn 0.9962 -0.0000 -0.0872
vn 0.9962 -0.0000 0.0872
vn 0.9659 -0.0000 0.2588
vn 0.9063 -0.0000 0.4226
vn 0.8192 -0.0000 0.5736
vn 0.7071 -0.0000 0.7071
vn 0.5736 -0.0000 0.8192
vn 0.4226 -0.0000 0.9063
vn 0.2588 -0.0000 0.9659
vn 0.0872 -0.0000 0.9962
vn -0.0872 -0.0000 0.9962
vn -0.2588 -0.0000 0.9659
vn -0.4226 -0.0000 0.9063
vn -0.5736 -0.0000 0.8192
vn -0.7071 -0.0000 0.7071
vn -0.8192 -0.0000 0.5736
vn -0.9063 -0.0000 0.4226
vn -0.9659 -0.0000 0.2588
vn -0.9962 -0.0000 0.0872
vn -0.9962 -0.0000 -0.0872
vn -0.9659 -0.0000 -0.2588
vn -0.9063 -0.0000 -0.4226
vn -0.8192 -0.0000 -0.5736
vn -0.7071 -0.0000 -0.7071
vn -0.5736 -0.0000 -0.8192
vn -0.4226 -0.0000 -0.9063
vn -0.0000 1.0000 -0.0000
vn -0.2588 -0.0000 -0.9659
vn -0.0872 -0.0000 -0.9962
vn -0.0000 -1.0000 -0.0000
vt 1.000000 0.500000
vt 1.000000 1.000000
vt 0.972222 1.000000
vt 0.972222 0.500000
vt 0.944444 1.000000
vt 0.944444 0.500000
vt 0.916667 1.000000
vt 0.916667 0.500000
vt 0.888889 1.000000
vt 0.888889 0.500000
vt 0.861111 1.000000
vt 0.861111 0.500000
vt 0.833333 1.000000
vt 0.833333 0.500000
vt 0.805555 1.000000
vt 0.805555 0.500000
vt 0.777778 1.000000
vt 0.777778 0.500000
vt 0.750000 1.000000
vt 0.750000 0.500000
vt 0.722222 1.000000
vt 0.722222 0.500000
vt 0.694444 1.000000
vt 0.694444 0.500000
vt 0.666667 1.000000
vt 0.666667 0.500000
vt 0.638889 1.000000
vt 0.638889 0.500000
vt 0.611111 1.000000
vt 0.611111 0.500000
vt 0.583333 1.000000
vt 0.583333 0.500000
vt 0.555555 1.000000
vt 0.555555 0.500000
vt 0.527778 1.000000
vt 0.527778 0.500000
vt 0.500000 1.000000
vt 0.500000 0.500000
vt 0.472222 1.000000
vt 0.472222 0.500000
vt 0.444444 1.000000
vt 0.444444 0.500000
vt 0.416666 1.000000
vt 0.416666 0.500000
vt 0.388889 1.000000
vt 0.388889 0.500000
vt 0.361111 1.000000
vt 0.361111 0.500000
vt 0.333333 1.000000
vt 0.333333 0.500000
vt 0.305555 1.000000
vt 0.305555 0.500000
vt 0.277777 1.000000
vt 0.277777 0.500000
vt 0.250000 1.000000
vt 0.250000 0.500000
vt 0.222222 1.000000
vt 0.222222 0.500000
vt 0.194444 1.000000
vt 0.194444 0.500000
vt 0.166666 1.000000
vt 0.166666 0.500000
vt 0.138889 1.000000
vt 0.138889 0.500000
vt 0.111111 1.000000
vt 0.111111 0.500000
vt 0.083333 1.000000
vt 0.083333 0.500000
vt 0.055555 1.000000
vt 0.055555 0.500000
vt 0.291676 0.486354
vt 0.250000 0.490000
vt 0.208324 0.486354
vt 0.167915 0.475526
vt 0.130000 0.457846
vt 0.095731 0.433851
vt 0.066149 0.404269
vt 0.042154 0.370000
vt 0.024474 0.332085
vt 0.013646 0.291676
vt 0.010000 0.250000
vt 0.013646 0.208324
vt 0.024474 0.167915
vt 0.042154 0.130000
vt 0.066149 0.095731
vt 0.095731 0.066149
vt 0.130000 0.042154
vt 0.167915 0.024474
vt 0.208324 0.013646
vt 0.250000 0.010000
vt 0.291676 0.013646
vt 0.332085 0.024474
vt 0.370000 0.042154
vt 0.404269 0.066149
vt 0.433851 0.095731
vt 0.457846 0.130000
vt 0.475526 0.167915
vt 0.486354 0.208324
vt 0.490000 0.250000
vt 0.486354 0.291676
vt 0.475526 0.332085
vt 0.457846 0.370000
vt 0.433851 0.404269
vt 0.404269 0.433851
vt 0.370000 0.457846
vt 0.332085 0.475526
vt 0.027777 1.000000
vt 0.027777 0.500000
vt -0.000000 1.000000
vt -0.000000 0.500000
vt 0.750000 0.490000
vt 0.791676 0.486354
vt 0.832085 0.475526
vt 0.870000 0.457846
vt 0.904269 0.433851
vt 0.933851 0.404269
vt 0.957846 0.370000
vt 0.975526 0.332085
vt 0.986354 0.291676
vt 0.990000 0.250000
vt 0.986354 0.208324
vt 0.975526 0.167915
vt 0.957846 0.130000
vt 0.933851 0.095731
vt 0.904269 0.066149
vt 0.870000 0.042154
vt 0.832085 0.024474
vt 0.791676 0.013646
vt 0.750000 0.010000
vt 0.708324 0.013646
vt 0.667915 0.024474
vt 0.630000 0.042154
vt 0.595731 0.066149
vt 0.566149 0.095731
vt 0.542154 0.130000
vt 0.524474 0.167915
vt 0.513646 0.208324
vt 0.510000 0.250000
vt 0.513646 0.291676
vt 0.524474 0.332085
vt 0.542154 0.370000
vt 0.566149 0.404269
vt 0.595731 0.433851
vt 0.630000 0.457846
vt 0.667915 0.475526
vt 0.708324 0.486354
s 0
usemtl Burner
f 883/1440/787 884/1441/787 886/1442/787 885/1443/787
f 885/1443/788 886/1442/788 888/1444/788 887/1445/788
f 887/1445/789 888/1444/789 890/1446/789 889/1447/789
f 889/1447/790 890/1446/790 892/1448/790 891/1449/790
f 891/1449/791 892/1448/791 894/1450/791 893/1451/791
f 893/1451/792 894/1450/792 896/1452/792 895/1453/792
f 895/1453/793 896/1452/793 898/1454/793 897/1455/793
f 897/1455/794 898/1454/794 900/1456/794 899/1457/794
f 899/1457/795 900/1456/795 902/1458/795 901/1459/795
f 901/1459/796 902/1458/796 904/1460/796 903/1461/796
f 903/1461/797 904/1460/797 906/1462/797 905/1463/797
f 905/1463/798 906/1462/798 908/1464/798 907/1465/798
f 907/1465/799 908/1464/799 910/1466/799 909/1467/799
f 909/1467/800 910/1466/800 912/1468/800 911/1469/800
f 911/1469/801 912/1468/801 914/1470/801 913/1471/801
f 913/1471/802 914/1470/802 916/1472/802 915/1473/802
f 915/1473/803 916/1472/803 918/1474/803 917/1475/803
f 917/1475/804 918/1474/804 920/1476/804 919/1477/804
f 919/1477/805 920/1476/805 922/1478/805 921/1479/805
f 921/1479/806 922/1478/806 924/1480/806 923/1481/806
f 923/1481/807 924/1480/807 926/1482/807 925/1483/807
f 925/1483/808 926/1482/808 928/1484/808 927/1485/808
f 927/1485/809 928/1484/809 930/1486/809 929/1487/809
f 929/1487/810 930/1486/810 932/1488/810 931/1489/810
f 931/1489/811 932/1488/811 934/1490/811 933/1491/811
f 933/1491/812 934/1490/812 936/1492/812 935/1493/812
f 935/1493/813 936/1492/813 938/1494/813 937/1495/813
f 937/1495/814 938/1494/814 940/1496/814 939/1497/814
f 939/1497/815 940/1496/815 942/1498/815 941/1499/815
f 941/1499/816 942/1498/816 944/1500/816 943/1501/816
f 943/1501/817 944/1500/817 946/1502/817 945/1503/817
f 945/1503/818 946/1502/818 948/1504/818 947/1505/818
f 947/1505/819 948/1504/819 950/1506/819 949/1507/819
f 949/1507/820 950/1506/820 952/1508/820 951/1509/820
f 886/1510/821 884/1511/821 954/1512/821 952/1513/821 950/1514/821 948/1515/821 946/1516/821 944/1517/821 942/1518/821 940/1519/821 938/1520/821 936/1521/821 934/1522/821 932/1523/821 930/1524/821 928/1525/821 926/1526/821 924/1527/821 922/1528/821 920/1529/821 918/1530/821 916/1531/821 914/1532/821 912/1533/821 910/1534/821 908/1535/821 906/1536/821 904/1537/821 902/1538/821 900/1539/821 898/1540/821 896/1541/821 894/1542/821 892/1543/821 890/1544/821 888/1545/821
f 951/1509/822 952/1508/822 954/1546/822 953/1547/822
f 953/1547/823 954/1546/823 884/1548/823 883/1549/823
f 883/1550/824 885/1551/824 887/1552/824 889/1553/824 891/1554/824 893/1555/824 895/1556/824 897/1557/824 899/1558/824 901/1559/824 903/1560/824 905/1561/824 907/1562/824 909/1563/824 911/1564/824 913/1565/824 915/1566/824 917/1567/824 919/1568/824 921/1569/824 923/1570/824 925/1571/824 927/1572/824 929/1573/824 931/1574/824 933/1575/824 935/1576/824 937/1577/824 939/1578/824 941/1579/824 943/1580/824 945/1581/824 947/1582/824 949/1583/824 951/1584/824 953/1585/824
o Q_Ring_1
v 0.185000 0.246000 -0.078000
v 0.185000 0.262000 -0.078000
v 0.198545 0.246000 -0.076815
v 0.198545 0.262000 -0.076815
v 0.211678 0.246000 -0.073296
v 0.211678 0.262000 -0.073296
v 0.224000 0.246000 -0.067550
v 0.224000 0.262000 -0.067550
v 0.235137 0.246000 -0.059751
v 0.235137 0.262000 -0.059751
v 0.244751 0.246000 -0.050137
v 0.244751 0.262000 -0.050137
v 0.252550 0.246000 -0.039000
v 0.252550 0.262000 -0.039000
v 0.258296 0.246000 -0.026678
v 0.258296 0.262000 -0.026678
v 0.261815 0.246000 -0.013545
v 0.261815 0.262000 -0.013545
v 0.263000 0.246000 0.000000
v 0.263000 0.262000 0.000000
v 0.261815 0.246000 0.013545
v 0.261815 0.262000 0.013545
v 0.258296 0.246000 0.026678
v 0.258296 0.262000 0.026678
v 0.252550 0.246000 0.039000
v 0.252550 0.262000 0.039000
v 0.244751 0.246000 0.050137
v 0.244751 0.262000 0.050137
v 0.235137 0.246000 0.059751
v 0.235137 0.262000 0.059751
v 0.224000 0.246000 0.067550
v 0.224000 0.262000 0.067550
v 0.211678 0.246000 0.073296
v 0.211678 0.262000 0.073296
v 0.198545 0.246000 0.076815
v 0.198545 0.262000 0.076815
v 0.185000 0.246000 0.078000
v 0.185000 0.262000 0.078000
v 0.171455 0.246000 0.076815
v 0.171455 0.262000 0.076815
v 0.158322 0.246000 0.073296
v 0.158322 0.262000 0.073296
v 0.146000 0.246000 0.067550
v 0.146000 0.262000 0.067550
v 0.134863 0.246000 0.059751
v 0.134863 0.262000 0.059751
v 0.125249 0.246000 0.050137
v 0.125249 0.262000 0.050137
v 0.117450 0.246000 0.039000
v 0.117450 0.262000 0.039000
v 0.111704 0.246000 0.026678
v 0.111704 0.262000 0.026678
v 0.108185 0.246000 0.013545
v 0.108185 0.262000 0.013545
v 0.107000 0.246000 0.000000
v 0.107000 0.262000 0.000000
v 0.108185 0.246000 -0.013545
v 0.108185 0.262000 -0.013545
v 0.111704 0.246000 -0.026678
v 0.111704 0.262000 -0.026678
v 0.117450 0.246000 -0.039000
v 0.117450 0.262000 -0.039000
v 0.125249 0.246000 -0.050137
v 0.125249 0.262000 -0.050137
v 0.134863 0.246000 -0.059751
v 0.134863 0.262000 -0.059751
v 0.146000 0.246000 -0.067550
v 0.146000 0.262000 -0.067550
v 0.158322 0.246000 -0.073296
v 0.158322 0.262000 -0.073296
v 0.171455 0.246000 -0.076815
v 0.171455 0.262000 -0.076815
vn 0.0872 -0.0000 -0.9962
vn 0.2588 -0.0000 -0.9659
vn 0.4226 -0.0000 -0.9063
vn 0.5736 -0.0000 -0.8192
vn 0.7071 -0.0000 -0.7071
vn 0.8192 -0.0000 -0.5736
vn 0.9063 -0.0000 -0.4226
vn 0.9659 -0.0000 -0.2588
vn 0.9962 -0.0000 -0.0872
vn 0.9962 -0.0000 0.0872
vn 0.9659 -0.0000 0.2588
vn 0.9063 -0.0000 0.4226
vn 0.8192 -0.0000 0.5736
vn 0.7071 -0.0000 0.7071
vn 0.5736 -0.0000 0.8192
vn 0.4226 -0.0000 0.9063
vn 0.2588 -0.0000 0.9659
vn 0.0872 -0.0000 0.9962
vn -0.0872 -0.0000 0.9962
vn -0.2588 -0.0000 0.9659
vn -0.4226 -0.0000 0.9063
vn -0.5736 -0.0000 0.8192
vn -0.7071 -0.0000 0.7071
vn -0.8192 -0.0000 0.5736
vn -0.9063 -0.0000 0.4226
vn -0.9659 -0.0000 0.2588
vn -0.9962 -0.0000 0.0872
vn -0.9962 -0.0000 -0.0872
vn -0.9659 -0.0000 -0.2588
vn -0.9063 -0.0000 -0.4226
vn -0.8192 -0.0000 -0.5736
vn -0.7071 -0.0000 -0.7071
vn -0.5736 -0.0000 -0.8192
vn -0.4226 -0.0000 -0.9063
vn -0.0000 1.0000 -0.0000
vn -0.2588 -0.0000 -0.9659
vn -0.0872 -0.0000 -0.9962
vn -0.0000 -1.0000 -0.0000
vt 1.000000 0.500000
vt 1.000000 1.000000
vt 0.972222 1.000000
vt 0.972222 0.500000
vt 0.944444 1.000000
vt 0.944444 0.500000
vt 0.916667 1.000000
vt 0.916667 0.500000
vt 0.888889 1.000000
vt 0.888889 0.500000
vt 0.861111 1.000000
vt 0.861111 0.500000
vt 0.833333 1.000000
vt 0.833333 0.500000
vt 0.805555 1.000000
vt 0.805555 0.500000
vt 0.777778 1.000000
vt 0.777778 0.500000
vt 0.750000 1.000000
vt 0.750000 0.500000
vt 0.722222 1.000000
vt 0.722222 0.500000
vt 0.694444 1.000000
vt 0.694444 0.500000
vt 0.666667 1.000000
vt 0.666667 0.500000
vt 0.638889 1.000000
vt 0.638889 0.500000
vt 0.611111 1.000000
vt 0.611111 0.500000
vt 0.583333 1.000000
vt 0.583333 0.500000
vt 0.555555 1.000000
vt 0.555555 0.500000
vt 0.527778 1.000000
vt 0.527778 0.500000
vt 0.500000 1.000000
vt 0.500000 0.500000
vt 0.472222 1.000000
vt 0.472222 0.500000
vt 0.444444 1.000000
vt 0.444444 0.500000
vt 0.416666 1.000000
vt 0.416666 0.500000
vt 0.388889 1.000000
vt 0.388889 0.500000
vt 0.361111 1.000000
vt 0.361111 0.500000
vt 0.333333 1.000000
vt 0.333333 0.500000
vt 0.305555 1.000000
vt 0.305555 0.500000
vt 0.277777 1.000000
vt 0.277777 0.500000
vt 0.250000 1.000000
vt 0.250000 0.500000
vt 0.222222 1.000000
vt 0.222222 0.500000
vt 0.194444 1.000000
vt 0.194444 0.500000
vt 0.166666 1.000000
vt 0.166666 0.500000
vt 0.138889 1.000000
vt 0.138889 0.500000
vt 0.111111 1.000000
vt 0.111111 0.500000
vt 0.083333 1.000000
vt 0.083333 0.500000
vt 0.055555 1.000000
vt 0.055555 0.500000
vt 0.291676 0.486354
vt 0.250000 0.490000
vt 0.208324 0.486354
vt 0.167915 0.475526
vt 0.130000 0.457846
vt 0.095731 0.433851
vt 0.066149 0.404269
vt 0.042154 0.370000
vt 0.024474 0.332085
vt 0.013646 0.291676
vt 0.010000 0.250000
vt 0.013646 0.208324
vt 0.024474 0.167915
vt 0.042154 0.130000
vt 0.066149 0.095731
vt 0.095731 0.066149
vt 0.130000 0.042154
vt 0.167915 0.024474
vt 0.208324 0.013646
vt 0.250000 0.010000
vt 0.291676 0.013646
vt 0.332085 0.024474
vt 0.370000 0.042154
vt 0.404269 0.066149
vt 0.433851 0.095731
vt 0.457846 0.130000
vt 0.475526 0.167915
vt 0.486354 0.208324
vt 0.490000 0.250000
vt 0.486354 0.291676
vt 0.475526 0.332085
vt 0.457846 0.370000
vt 0.433851 0.404269
vt 0.404269 0.433851
vt 0.370000 0.457846
vt 0.332085 0.475526
vt 0.027777 1.000000
vt 0.027777 0.500000
vt -0.000000 1.000000
vt -0.000000 0.500000
vt 0.750000 0.490000
vt 0.791676 0.486354
vt 0.832085 0.475526
vt 0.870000 0.457846
vt 0.904269 0.433851
vt 0.933851 0.404269
vt 0.957846 0.370000
vt 0.975526 0.332085
vt 0.986354 0.291676
vt 0.990000 0.250000
vt 0.986354 0.208324
vt 0.975526 0.167915
vt 0.957846 0.130000
vt 0.933851 0.095731
vt 0.904269 0.066149
vt 0.870000 0.042154
vt 0.832085 0.024474
vt 0.791676 0.013646
vt 0.750000 0.010000
vt 0.708324 0.013646
vt 0.667915 0.024474
vt 0.630000 0.042154
vt 0.595731 0.066149
vt 0.566149 0.095731
vt 0.542154 0.130000
vt 0.524474 0.167915
vt 0.513646 0.208324
vt 0.510000 0.250000
vt 0.513646 0.291676
vt 0.524474 0.332085
vt 0.542154 0.370000
vt 0.566149 0.404269
vt 0.595731 0.433851
vt 0.630000 0.457846
vt 0.667915 0.475526
vt 0.708324 0.486354
s 0
usemtl Burner
f 955/1586/825 956/1587/825 958/1588/825 957/1589/825
f 957/1589/826 958/1588/826 960/1590/826 959/1591/826
f 959/1591/827 960/1590/827 962/1592/827 961/1593/827
f 961/1593/828 962/1592/828 964/1594/828 963/1595/828
f 963/1595/829 964/1594/829 966/1596/829 965/1597/829
f 965/1597/830 966/1596/830 968/1598/830 967/1599/830
f 967/1599/831 968/1598/831 970/1600/831 969/1601/831
f 969/1601/832 970/1600/832 972/1602/832 971/1603/832
f 971/1603/833 972/1602/833 974/1604/833 973/1605/833
f 973/1605/834 974/1604/834 976/1606/834 975/1607/834
f 975/1607/835 976/1606/835 978/1608/835 977/1609/835
f 977/1609/836 978/1608/836 980/1610/836 979/1611/836
f 979/1611/837 980/1610/837 982/1612/837 981/1613/837
f 981/1613/838 982/1612/838 984/1614/838 983/1615/838
f 983/1615/839 984/1614/839 986/1616/839 985/1617/839
f 985/1617/840 986/1616/840 988/1618/840 987/1619/840
f 987/1619/841 988/1618/841 990/1620/841 989/1621/841
f 989/1621/842 990/1620/842 992/1622/842 991/1623/842
f 991/1623/843 992/1622/843 994/1624/843 993/1625/843
f 993/1625/844 994/1624/844 996/1626/844 995/1627/844
f 995/1627/845 996/1626/845 998/1628/845 997/1629/845
f 997/1629/846 998/1628/846 1000/1630/846 999/1631/846
f 999/1631/847 1000/1630/847 1002/1632/847 1001/1633/847
f 1001/1633/848 1002/1632/848 1004/1634/848 1003/1635/848
f 1003/1635/849 1004/1634/849 1006/1636/849 1005/1637/849
f 1005/1637/850 1006/1636/850 1008/1638/850 1007/1639/850
f 1007/1639/851 1008/1638/851 1010/1640/851 1009/1641/851
f 1009/1641/852 1010/1640/852 1012/1642/852 1011/1643/852
f 1011/1643/853 1012/1642/853 1014/1644/853 1013/1645/853
f 1013/1645/854 1014/1644/854 1016/1646/854 1015/1647/854
f 1015/1647/855 1016/1646/855 1018/1648/855 1017/1649/855
f 1017/1649/856 1018/1648/856 1020/1650/856 1019/1651/856
f 1019/1651/857 1020/1650/857 1022/1652/857 1021/1653/857
f 1021/1653/858 1022/1652/858 1024/1654/858 1023/1655/858
f 958/1656/859 956/1657/859 1026/1658/859 1024/1659/859 1022/1660/859 1020/1661/859 1018/1662/859 1016/1663/859 1014/1664/859 1012/1665/859 1010/1666/859 1008/1667/859 1006/1668/859 1004/1669/859 1002/1670/859 1000/1671/859 998/1672/859 996/1673/859 994/1674/859 992/1675/859 990/1676/859 988/1677/859 986/1678/859 984/1679/859 982/1680/859 980/1681/859 978/1682/859 976/1683/859 974/1684/859 972/1685/859 970/1686/859 968/1687/859 966/1688/859 964/1689/859 962/1690/859 960/1691/859
f 1023/1655/860 1024/1654/860 1026/1692/860 1025/1693/860
f 1025/1693/861 1026/1692/861 956/1694/861 955/1695/861
f 955/1696/862 957/1697/862 959/1698/862 961/1699/862 963/1700/862 965/1701/862 967/1702/862 969/1703/862 971/1704/862 973/1705/862 975/1706/862 977/1707/862 979/1708/862 981/1709/862 983/1710/862 985/1711/862 987/1712/862 989/1713/862 991/1714/862 993/1715/862 995/1716/862 997/1717/862 999/1718/862 1001/1719/862 1003/1720/862 1005/1721/862 1007/1722/862 1009/1723/862 1011/1724/862 1013/1725/862 1015/1726/862 1017/1727/862 1019/1728/862 1021/1729/862 1023/1730/862 1025/1731/862
o Q_Slot_1_0
v 0.257000 0.245000 -0.009000
v 0.257000 0.263000 -0.009000
v 0.259546 0.245000 -0.006364
v 0.259546 0.263000 -0.006364
v 0.260600 0.245000 0.000000
v 0.260600 0.263000 0.000000
v 0.259546 0.245000 0.006364
v 0.259546 0.263000 0.006364
v 0.257000 0.245000 0.009000
v 0.257000 0.263000 0.009000
v 0.254454 0.245000 0.006364
v 0.254454 0.263000 0.006364
v 0.253400 0.245000 0.000000
v 0.253400 0.263000 0.000000
v 0.254454 0.245000 -0.006364
v 0.254454 0.263000 -0.006364
vn 0.7193 -0.0000 -0.6947
vn 0.9866 -0.0000 -0.1635
vn 0.9866 -0.0000 0.1635
vn 0.7193 -0.0000 0.6947
vn -0.7193 -0.0000 0.6947
vn -0.9866 -0.0000 0.1635
vn -0.0000 1.0000 -0.0000
vn -0.9866 -0.0000 -0.1635
vn -0.7193 -0.0000 -0.6947
vn -0.0000 -1.0000 -0.0000
vt 1.000000 0.500000
vt 1.000000 1.000000
vt 0.875000 1.000000
vt 0.875000 0.500000
vt 0.750000 1.000000
vt 0.750000 0.500000
vt 0.625000 1.000000
vt 0.625000 0.500000
vt 0.500000 1.000000
vt 0.500000 0.500000
vt 0.375000 1.000000
vt 0.375000 0.500000
vt 0.250000 1.000000
vt 0.250000 0.500000
vt 0.419706 0.419706
vt 0.250000 0.490000
vt 0.080294 0.419706
vt 0.010000 0.250000
vt 0.080294 0.080294
vt 0.250000 0.010000
vt 0.419706 0.080294
vt 0.490000 0.250000
vt 0.125000 1.000000
vt 0.125000 0.500000
vt 0.000000 1.000000
vt 0.000000 0.500000
vt 0.750000 0.490000
vt 0.919706 0.419706
vt 0.990000 0.250000
vt 0.919706 0.080294
vt 0.750000 0.010000
vt 0.580294 0.080294
vt 0.510000 0.250000
vt 0.580294 0.419706
s 0
usemtl Burner
f 1027/1732/863 1028/1733/863 1030/1734/863 1029/1735/863
f 1029/1735/864 1030/1734/864 1032/1736/864 1031/1737/864
f 1031/1737/865 1032/1736/865 1034/1738/865 1033/1739/865
f 1033/1739/866 1034/1738/866 1036/1740/866 1035/1741/866
f 1035/1741/867 1036/1740/867 1038/1742/867 1037/1743/867
f 1037/1743/868 1038/1742/868 1040/1744/868 1039/1745/868
f 1030/1746/869 1028/1747/869 1042/1748/869 1040/1749/869 1038/1750/869 1036/1751/869 1034/1752/869 1032/1753/869
f 1039/1745/870 1040/1744/870 1042/1754/870 1041/1755/870
f 1041/1755/871 1042/1754/871 1028/1756/871 1027/1757/871
f 1027/1758/872 1029/1759/872 1031/1760/872 1033/1761/872 1035/1762/872 1037/1763/872 1039/1764/872 1041/1765/872
o Q_Slot_1_1
v 0.229548 0.245000 -0.057276
v 0.229548 0.263000 -0.057276
v 0.233212 0.245000 -0.057212
v 0.233212 0.263000 -0.057212
v 0.238457 0.245000 -0.053457
v 0.238457 0.263000 -0.053457
v 0.242212 0.245000 -0.048212
v 0.242212 0.263000 -0.048212
v 0.242276 0.245000 -0.044548
v 0.242276 0.263000 -0.044548
v 0.238612 0.245000 -0.044612
v 0.238612 0.263000 -0.044612
v 0.233366 0.245000 -0.048366
v 0.233366 0.263000 -0.048366
v 0.229612 0.245000 -0.053612
v 0.229612 0.263000 -0.053612
vn 0.0175 -0.0000 -0.9998
vn 0.5820 -0.0000 -0.8132
vn 0.8132 -0.0000 -0.5820
vn 0.9998 -0.0000 -0.0175
vn -0.0175 -0.0000 0.9998
vn -0.5820 -0.0000 0.8132
vn -0.0000 1.0000 -0.0000
vn -0.8132 -0.0000 0.5820
vn -0.9998 -0.0000 0.0175
vn -0.0000 -1.0000 -0.0000
vt 1.000000 0.500000
vt 1.000000 1.000000
vt 0.875000 1.000000
vt 0.875000 0.500000
vt 0.750000 1.000000
vt 0.750000 0.500000
vt 0.625000 1.000000
vt 0.625000 0.500000
vt 0.500000 1.000000
vt 0.500000 0.500000
vt 0.375000 1.000000
vt 0.375000 0.500000
vt 0.250000 1.000000
vt 0.250000 0.500000
vt 0.419706 0.419706
vt 0.250000 0.490000
vt 0.080294 0.419706
vt 0.010000 0.250000
vt 0.080294 0.080294
vt 0.250000 0.010000
vt 0.419706 0.080294
vt 0.490000 0.250000
vt 0.125000 1.000000
vt 0.125000 0.500000
vt 0.000000 1.000000
vt 0.000000 0.500000
vt 0.750000 0.490000
vt 0.919706 0.419706
vt 0.990000 0.250000
vt 0.919706 0.080294
vt 0.750000 0.010000
vt 0.580294 0.080294
vt 0.510000 0.250000
vt 0.580294 0.419706
s 0
usemtl Burner
f 1043/1766/873 1044/1767/873 1046/1768/873 1045/1769/873
f 1045/1769/874 1046/1768/874 1048/1770/874 1047/1771/874
f 1047/1771/875 1048/1770/875 1050/1772/875 1049/1773/875
f 1049/1773/876 1050/1772/876 1052/1774/876 1051/1775/876
f 1051/1775/877 1052/1774/877 1054/1776/877 1053/1777/877
f 1053/1777/878 1054/1776/878 1056/1778/878 1055/1779/878
f 1046/1780/879 1044/1781/879 1058/1782/879 1056/1783/879 1054/1784/879 1052/1785/879 1050/1786/879 1048/1787/879
f 1055/1779/880 1056/1778/880 1058/1788/880 1057/1789/880
f 1057/1789/881 1058/1788/881 1044/1790/881 1043/1791/881
f 1043/1792/882 1045/1793/882 1047/1794/882 1049/1795/882 1051/1796/882 1053/1797/882 1055/1798/882 1057/1799/882
o Q_Slot_1_2
v 0.176000 0.245000 -0.072000
v 0.176000 0.263000 -0.072000
v 0.178636 0.245000 -0.074546
v 0.178636 0.263000 -0.074546
v 0.185000 0.245000 -0.075600
v 0.185000 0.263000 -0.075600
v 0.191364 0.245000 -0.074546
v 0.191364 0.263000 -0.074546
v 0.194000 0.245000 -0.072000
v 0.194000 0.263000 -0.072000
v 0.191364 0.245000 -0.069454
v 0.191364 0.263000 -0.069454
v 0.185000 0.245000 -0.068400
v 0.185000 0.263000 -0.068400
v 0.178636 0.245000 -0.069454
v 0.178636 0.263000 -0.069454
vn -0.6947 -0.0000 -0.7193
vn -0.1635 -0.0000 -0.9866
vn 0.1635 -0.0000 -0.9866
vn 0.6947 -0.0000 -0.7193
vn 0.6947 -0.0000 0.7193
vn 0.1635 -0.0000 0.9866
vn -0.0000 1.0000 -0.0000
vn -0.1635 -0.0000 0.9866
vn -0.6947 -0.0000 0.7193
vn -0.0000 -1.0000 -0.0000
vt 1.000000 0.500000
vt 1.000000 1.000000
vt 0.875000 1.000000
vt 0.875000 0.500000
vt 0.750000 1.000000
vt 0.750000 0.500000
vt 0.625000 1.000000
vt 0.625000 0.500000
vt 0.500000 1.000000
vt 0.500000 0.500000
vt 0.375000 1.000000
vt 0.375000 0.500000
vt 0.250000 1.000000
vt 0.250000 0.500000
vt 0.419706 0.419706
vt 0.250000 0.490000
vt 0.080294 0.419706
vt 0.010000 0.250000
vt 0.080294 0.080294
vt 0.250000 0.010000
vt 0.419706 0.080294
vt 0.490000 0.250000
vt 0.125000 1.000000
vt 0.125000 0.500000
vt 0.000000 1.000000
vt 0.000000 0.500000
vt 0.750000 0.490000
vt 0.919706 0.419706
vt 0.990000 0.250000
vt 0.919706 0.080294
vt 0.750000 0.010000
vt 0.580294 0.080294
vt 0.510000 0.250000
vt 0.580294 0.419706
s 0
usemtl Burner
f 1059/1800/883 1060/1801/883 1062/1802/883 1061/1803/883
f 1061/1803/884 1062/1802/884 1064/1804/884 1063/1805/884
f 1063/1805/885 1064/1804/885 1066/1806/885 1065/1807/885
f 1065/1807/886 1066/1806/886 1068/1808/886 1067/1809/886
f 1067/1809/887 1068/1808/887 1070/1810/887 1069/1811/887
f 1069/1811/888 1070/1810/888 1072/1812/888 1071/1813/888
f 1062/1814/889 1060/1815/889 1074/1816/889 1072/1817/889 1070/1818/889 1068/1819/889 1066/1820/889 1064/1821/889
f 1071/1813/890 1072/1812/890 1074/1822/890 1073/1823/890
f 1073/1823/891 1074/1822/891 1060/1824/891 1059/1825/891
f 1059/1826/892 1061/1827/892 1063/1828/892 1065/1829/892 1067/1830/892 1069/1831/892 1071/1832/892 1073/1833/892
o Q_Slot_1_3
v 0.127724 0.245000 -0.044548
v 0.127724 0.263000 -0.044548
v 0.127788 0.245000 -0.048212
v 0.127788 0.263000 -0.048212
v 0.131543 0.245000 -0.053457
v 0.131543 0.263000 -0.053457
v 0.136788 0.245000 -0.057212
v 0.136788 0.263000 -0.057212
v 0.140452 0.245000 -0.057276
v 0.140452 0.263000 -0.057276
v 0.140388 0.245000 -0.053612
v 0.140388 0.263000 -0.053612
v 0.136634 0.245000 -0.048366
v 0.136634 0.263000 -0.048366
v 0.131388 0.245000 -0.044612
v 0.131388 0.263000 -0.044612
vn -0.9998 -0.0000 -0.0175
vn -0.8132 -0.0000 -0.5820
vn -0.5820 -0.0000 -0.8132
vn -0.0175 -0.0000 -0.9998
vn 0.9998 -0.0000 0.0175
vn 0.8132 -0.0000 0.5820
vn -0.0000 1.0000 -0.0000
vn 0.5820 -0.0000 0.8132
vn 0.0175 -0.0000 0.9998
vn -0.0000 -1.0000 -0.0000
vt 1.000000 0.500000
vt 1.000000 1.000000
vt 0.875000 1.000000
vt 0.875000 0.500000
vt 0.750000 1.000000
vt 0.750000 0.500000
vt 0.625000 1.000000
vt 0.625000 0.500000
vt 0.500000 1.000000
vt 0.500000 0.500000
vt 0.375000 1.000000
vt 0.375000 0.500000
vt 0.250000 1.000000
vt 0.250000 0.500000
vt 0.419706 0.419706
vt 0.250000 0.490000
vt 0.080294 0.419706
vt 0.010000 0.250000
vt 0.080294 0.080294
vt 0.250000 0.010000
vt 0.419706 0.080294
vt 0.490000 0.250000
vt 0.125000 1.000000
vt 0.125000 0.500000
vt 0.000000 1.000000
vt 0.000000 0.500000
vt 0.750000 0.490000
vt 0.919706 0.419706
vt 0.990000 0.250000
vt 0.919706 0.080294
vt 0.750000 0.010000
vt 0.580294 0.080294
vt 0.510000 0.250000
vt 0.580294 0.419706
s 0
usemtl Burner
f 1075/1834/893 1076/1835/893 1078/1836/893 1077/1837/893
f 1077/1837/894 1078/1836/894 1080/1838/894 1079/1839/894
f 1079/1839/895 1080/1838/895 1082/1840/895 1081/1841/895
f 1081/1841/896 1082/1840/896 1084/1842/896 1083/1843/896
f 1083/1843/897 1084/1842/897 1086/1844/897 1085/1845/897
f 1085/1845/898 1086/1844/898 1088/1846/898 1087/1847/898
f 1078/1848/899 1076/1849/899 1090/1850/899 1088/1851/899 1086/1852/899 1084/1853/899 1082/1854/899 1080/1855/899
f 1087/1847/900 1088/1846/900 1090/1856/900 1089/1857/900
f 1089/1857/901 1090/1856/901 1076/1858/901 1075/1859/901
f 1075/1860/902 1077/1861/902 1079/1862/902 1081/1863/902 1083/1864/902 1085/1865/902 1087/1866/902 1089/1867/902
o Q_Slot_1_4
v 0.113000 0.245000 0.009000
v 0.113000 0.263000 0.009000
v 0.110454 0.245000 0.006364
v 0.110454 0.263000 0.006364
v 0.109400 0.245000 0.000000
v 0.109400 0.263000 0.000000
v 0.110454 0.245000 -0.006364
v 0.110454 0.263000 -0.006364
v 0.113000 0.245000 -0.009000
v 0.113000 0.263000 -0.009000
v 0.115546 0.245000 -0.006364
v 0.115546 0.263000 -0.006364
v 0.116600 0.245000 -0.000000
v 0.116600 0.263000 -0.000000
v 0.115546 0.245000 0.006364
v 0.115546 0.263000 0.006364
vn -0.7193 -0.0000 0.6947
vn -0.9866 -0.0000 0.1635
vn -0.9866 -0.0000 -0.1635
vn -0.7193 -0.0000 -0.6947
vn 0.7193 -0.0000 -0.6947
vn 0.9866 -0.0000 -0.1635
vn -0.0000 1.0000 -0.0000
vn 0.9866 -0.0000 0.1635
vn 0.7193 -0.0000 0.6947
vn -0.0000 -1.0000 -0.0000
vt 1.000000 0.500000
vt 1.000000 1.000000
vt 0.875000 1.000000
vt 0.875000 0.500000
vt 0.750000 1.000000
vt 0.750000 0.500000
vt 0.625000 1.000000
vt 0.625000 0.500000
vt 0.500000 1.000000
vt 0.500000 0.500000
vt 0.375000 1.000000
vt 0.375000 0.500000
vt 0.250000 1.000000
vt 0.250000 0.500000
vt 0.419706 0.419706
vt 0.250000 0.490000
vt 0.080294 0.419706
vt 0.010000 0.250000
vt 0.080294 0.080294
vt 0.250000 0.010000
vt 0.419706 0.080294
vt 0.490000 0.250000
vt 0.125000 1.000000
vt 0.125000 0.500000
vt 0.000000 1.000000
vt 0.000000 0.500000
vt 0.750000 0.490000
vt 0.919706 0.419706
vt 0.990000 0.250000
vt 0.919706 0.080294
vt 0.750000 0.010000
vt 0.580294 0.080294
vt 0.510000 0.250000
vt 0.580294 0.419706
s 0
usemtl Burner
f 1091/1868/903 1092/1869/903 1094/1870/903 1093/1871/903
f 1093/1871/904 1094/1870/904 1096/1872/904 1095/1873/904
f 1095/1873/905 1096/1872/905 1098/1874/905 1097/1875/905
f 1097/1875/906 1098/1874/906 1100/1876/906 1099/1877/906
f 1099/1877/907 1100/1876/907 1102/1878/907 1101/1879/907
f 1101/1879/908 1102/1878/908 1104/1880/908 1103/1881/908
f 1094/1882/909 1092/1883/909 1106/1884/909 1104/1885/909 1102/1886/909 1100/1887/909 1098/1888/909 1096/1889/909
f 1103/1881/910 1104/1880/910 1106/1890/910 1105/1891/910
f 1105/1891/911 1106/1890/911 1092/1892/911 1091/1893/911
f 1091/1894/912 1093/1895/912 1095/1896/912 1097/1897/912 1099/1898/912 1101/1899/912 1103/1900/912 1105/1901/912
o Q_Slot_1_5
v 0.140452 0.245000 0.057276
v 0.140452 0.263000 0.057276
v 0.136788 0.245000 0.057212
v 0.136788 0.263000 0.057212
v 0.131543 0.245000 0.053457
v 0.131543 0.263000 0.053457
v 0.127788 0.245000 0.048212
v 0.127788 0.263000 0.048212
v 0.127724 0.245000 0.044548
v 0.127724 0.263000 0.044548
v 0.131388 0.245000 0.044612
v 0.131388 0.263000 0.044612
v 0.136634 0.245000 0.048366
v 0.136634 0.263000 0.048366
v 0.140388 0.245000 0.053612
v 0.140388 0.263000 0.053612
vn -0.0175 -0.0000 0.9998
vn -0.5820 -0.0000 0.8132
vn -0.8132 -0.0000 0.5820
vn -0.9998 -0.0000 0.0175
vn 0.0175 -0.0000 -0.9998
vn 0.5820 -0.0000 -0.8132
vn -0.0000 1.0000 -0.0000
vn 0.8132 -0.0000 -0.5820
vn 0.9998 -0.0000 -0.0175
vn -0.0000 -1.0000 -0.0000
vt 1.000000 0.500000
vt 1.000000 1.000000
vt 0.875000 1.000000
vt 0.875000 0.500000
vt 0.750000 1.000000
vt 0.750000 0.500000
vt 0.625000 1.000000
vt 0.625000 0.500000
vt 0.500000 1.000000
vt 0.500000 0.500000
vt 0.375000 1.000000
vt 0.375000 0.500000
vt 0.250000 1.000000
vt 0.250000 0.500000
vt 0.419706 0.419706
vt 0.250000 0.490000
vt 0.080294 0.419706
vt 0.010000 0.250000
vt 0.080294 0.080294
vt 0.250000 0.010000
vt 0.419706 0.080294
vt 0.490000 0.250000
vt 0.125000 1.000000
vt 0.125000 0.500000
vt 0.000000 1.000000
vt 0.000000 0.500000
vt 0.750000 0.490000
vt 0.919706 0.419706
vt 0.990000 0.250000
vt 0.919706 0.080294
vt 0.750000 0.010000
vt 0.580294 0.080294
vt 0.510000 0.250000
vt 0.580294 0.419706
s 0
usemtl Burner
f 1107/1902/913 1108/1903/913 1110/1904/913 1109/1905/913
f 1109/1905/914 1110/1904/914 1112/1906/914 1111/1907/914
f 1111/1907/915 1112/1906/915 1114/1908/915 1113/1909/915
f 1113/1909/916 1114/1908/916 1116/1910/916 1115/1911/916
f 1115/1911/917 1116/1910/917 1118/1912/917 1117/1913/917
f 1117/1913/918 1118/1912/918 1120/1914/918 1119/1915/918
f 1110/1916/919 1108/1917/919 1122/1918/919 1120/1919/919 1118/1920/919 1116/1921/919 1114/1922/919 1112/1923/919
f 1119/1915/920 1120/1914/920 1122/1924/920 1121/1925/920
f 1121/1925/921 1122/1924/921 1108/1926/921 1107/1927/921
f 1107/1928/922 1109/1929/922 1111/1930/922 1113/1931/922 1115/1932/922 1117/1933/922 1119/1934/922 1121/1935/922
o Q_Slot_1_6
v 0.194000 0.245000 0.072000
v 0.194000 0.263000 0.072000
v 0.191364 0.245000 0.074546
v 0.191364 0.263000 0.074546
v 0.185000 0.245000 0.075600
v 0.185000 0.263000 0.075600
v 0.178636 0.245000 0.074546
v 0.178636 0.263000 0.074546
v 0.176000 0.245000 0.072000
v 0.176000 0.263000 0.072000
v 0.178636 0.245000 0.069454
v 0.178636 0.263000 0.069454
v 0.185000 0.245000 0.068400
v 0.185000 0.263000 0.068400
v 0.191364 0.245000 0.069454
v 0.191364 0.263000 0.069454
vn 0.6947 -0.0000 0.7193
vn 0.1635 -0.0000 0.9866
vn -0.1635 -0.0000 0.9866
vn -0.6947 -0.0000 0.7193
vn -0.6947 -0.0000 -0.7193
vn -0.1635 -0.0000 -0.9866
vn -0.0000 1.0000 -0.0000
vn 0.1635 -0.0000 -0.9866
vn 0.6947 -0.0000 -0.7193
vn -0.0000 -1.0000 -0.0000
vt 1.000000 0.500000
vt 1.000000 1.000000
vt 0.875000 1.000000
vt 0.875000 0.500000
vt 0.750000 1.000000
vt 0.750000 0.500000
vt 0.625000 1.000000
vt 0.625000 0.500000
vt 0.500000 1.000000
vt 0.500000 0.500000
vt 0.375000 1.000000
vt 0.375000 0.500000
vt 0.250000 1.000000
vt 0.250000 0.500000
vt 0.419706 0.419706
vt 0.250000 0.490000
vt 0.080294 0.419706
vt 0.010000 0.250000
vt 0.080294 0.080294
vt 0.250000 0.010000
vt 0.419706 0.080294
vt 0.490000 0.250000
vt 0.125000 1.000000
vt 0.125000 0.500000
vt 0.000000 1.000000
vt 0.000000 0.500000
vt 0.750000 0.490000
vt 0.919706 0.419706
vt 0.990000 0.250000
vt 0.919706 0.080294
vt 0.750000 0.010000
vt 0.580294 0.080294
vt 0.510000 0.250000
vt 0.580294 0.419706
s 0
usemtl Burner
f 1123/1936/923 1124/1937/923 1126/1938/923 1125/1939/923
f 1125/1939/924 1126/1938/924 1128/1940/924 1127/1941/924
f 1127/1941/925 1128/1940/925 1130/1942/925 1129/1943/925
f 1129/1943/926 1130/1942/926 1132/1944/926 1131/1945/926
f 1131/1945/927 1132/1944/927 1134/1946/927 1133/1947/927
f 1133/1947/928 1134/1946/928 1136/1948/928 1135/1949/928
f 1126/1950/929 1124/1951/929 1138/1952/929 1136/1953/929 1134/1954/929 1132/1955/929 1130/1956/929 1128/1957/929
f 1135/1949/930 1136/1948/930 1138/1958/930 1137/1959/930
f 1137/1959/931 1138/1958/931 1124/1960/931 1123/1961/931
f 1123/1962/932 1125/1963/932 1127/1964/932 1129/1965/932 1131/1966/932 1133/1967/932 1135/1968/932 1137/1969/932
o Q_Slot_1_7
v 0.242276 0.245000 0.044548
v 0.242276 0.263000 0.044548
v 0.242212 0.245000 0.048212
v 0.242212 0.263000 0.048212
v 0.238457 0.245000 0.053457
v 0.238457 0.263000 0.053457
v 0.233212 0.245000 0.057212
v 0.233212 0.263000 0.057212
v 0.229548 0.245000 0.057276
v 0.229548 0.263000 0.057276
v 0.229612 0.245000 0.053612
v 0.229612 0.263000 0.053612
v 0.233366 0.245000 0.048366
v 0.233366 0.263000 0.048366
v 0.238612 0.245000 0.044612
v 0.238612 0.263000 0.044612
vn 0.9998 -0.0000 0.0175
vn 0.8132 -0.0000 0.5820
vn 0.5820 -0.0000 0.8132
vn 0.0175 -0.0000 0.9998
vn -0.9998 -0.0000 -0.0175
vn -0.8132 -0.0000 -0.5820
vn -0.0000 1.0000 -0.0000
vn -0.5820 -0.0000 -0.8132
vn -0.0175 -0.0000 -0.9998
vn -0.0000 -1.0000 -0.0000
vt 1.000000 0.500000
vt 1.000000 1.000000
vt 0.875000 1.000000
vt 0.875000 0.500000
vt 0.750000 1.000000
vt 0.750000 0.500000
vt 0.625000 1.000000
vt 0.625000 0.500000
vt 0.500000 1.000000
vt 0.500000 0.500000
vt 0.375000 1.000000
vt 0.375000 0.500000
vt 0.250000 1.000000
vt 0.250000 0.500000
vt 0.419706 0.419706
vt 0.250000 0.490000
vt 0.080294 0.419706
vt 0.010000 0.250000
vt 0.080294 0.080294
vt 0.250000 0.010000
vt 0.419706 0.080294
vt 0.490000 0.250000
vt 0.125000 1.000000
vt 0.125000 0.500000
vt 0.000000 1.000000
vt 0.000000 0.500000
vt 0.750000 0.490000
vt 0.919706 0.419706
vt 0.990000 0.250000
vt 0.919706 0.080294
vt 0.750000 0.010000
vt 0.580294 0.080294
vt 0.510000 0.250000
vt 0.580294 0.419706
s 0
usemtl Burner
f 1139/1970/933 1140/1971/933 1142/1972/933 1141/1973/933
f 1141/1973/934 1142/1972/934 1144/1974/934 1143/1975/934
f 1143/1975/935 1144/1974/935 1146/1976/935 1145/1977/935
f 1145/1977/936 1146/1976/936 1148/1978/936 1147/1979/936
f 1147/1979/937 1148/1978/937 1150/1980/937 1149/1981/937
f 1149/1981/938 1150/1980/938 1152/1982/938 1151/1983/938
f 1142/1984/939 1140/1985/939 1154/1986/939 1152/1987/939 1150/1988/939 1148/1989/939 1146/1990/939 1144/1991/939
f 1151/1983/940 1152/1982/940 1154/1992/940 1153/1993/940
f 1153/1993/941 1154/1992/941 1140/1994/941 1139/1995/941
f 1139/1996/942 1141/1997/942 1143/1998/942 1145/1999/942 1147/2000/942 1149/2001/942 1151/2002/942 1153/2003/942
o Q_Dome_1
v 0.185000 0.279588 -0.015000
v 0.185000 0.264000 -0.030000
v 0.185000 0.248412 -0.015000
v 0.187399 0.281387 -0.007385
v 0.189635 0.279588 -0.014266
v 0.191555 0.276728 -0.020175
v 0.193028 0.273000 -0.024709
v 0.193955 0.268659 -0.027560
v 0.194271 0.264000 -0.028532
v 0.193955 0.259341 -0.027560
v 0.193028 0.255000 -0.024709
v 0.191555 0.251272 -0.020175
v 0.189635 0.248412 -0.014266
v 0.187399 0.246613 -0.007385
v 0.189564 0.281387 -0.006282
v 0.193817 0.279588 -0.012135
v 0.197469 0.276728 -0.017162
v 0.200271 0.273000 -0.021019
v 0.202033 0.268659 -0.023444
v 0.202634 0.264000 -0.024271
v 0.202033 0.259341 -0.023444
v 0.200271 0.255000 -0.021019
v 0.197469 0.251272 -0.017162
v 0.193817 0.248412 -0.012135
v 0.189564 0.246613 -0.006282
v 0.191282 0.281387 -0.004564
v 0.197135 0.279588 -0.008817
v 0.202162 0.276728 -0.012469
v 0.206019 0.273000 -0.015271
v 0.208444 0.268659 -0.017033
v 0.209271 0.264000 -0.017634
v 0.208444 0.259341 -0.017033
v 0.206019 0.255000 -0.015271
v 0.202162 0.251272 -0.012469
v 0.197135 0.248412 -0.008817
v 0.191282 0.246613 -0.004564
v 0.192385 0.281387 -0.002399
v 0.199266 0.279588 -0.004635
v 0.205175 0.276728 -0.006555
v 0.209709 0.273000 -0.008028
v 0.212560 0.268659 -0.008955
v 0.213532 0.264000 -0.009271
v 0.212560 0.259341 -0.008955
v 0.209709 0.255000 -0.008028
v 0.205175 0.251272 -0.006555
v 0.199266 0.248412 -0.004635
v 0.192385 0.246613 -0.002399
v 0.192765 0.281387 -0.000000
v 0.200000 0.279588 0.000000
v 0.206213 0.276728 -0.000000
v 0.210981 0.273000 -0.000000
v 0.213978 0.268659 -0.000000
v 0.215000 0.264000 0.000000
v 0.213978 0.259341 -0.000000
v 0.210981 0.255000 -0.000000
v 0.206213 0.251272 -0.000000
v 0.200000 0.248412 0.000000
v 0.192765 0.246613 -0.000000
v 0.192385 0.281387 0.002399
v 0.199266 0.279588 0.004635
v 0.205175 0.276728 0.006555
v 0.209709 0.273000 0.008028
v 0.212560 0.268659 0.008955
v 0.213532 0.264000 0.009271
v 0.212560 0.259341 0.008955
v 0.209709 0.255000 0.008028
v 0.205175 0.251272 0.006555
v 0.199266 0.248412 0.004635
v 0.192385 0.246613 0.002399
v 0.191282 0.281387 0.004564
v 0.197135 0.279588 0.008817
v 0.202162 0.276728 0.012469
v 0.206019 0.273000 0.015271
v 0.208444 0.268659 0.017033
v 0.209271 0.264000 0.017634
v 0.208444 0.259341 0.017033
v 0.206019 0.255000 0.015271
v 0.202162 0.251272 0.012469
v 0.197135 0.248412 0.008817
v 0.191282 0.246613 0.004564
v 0.189564 0.281387 0.006282
v 0.193817 0.279588 0.012135
v 0.197469 0.276728 0.017162
v 0.200271 0.273000 0.021019
v 0.202033 0.268659 0.023444
v 0.202634 0.264000 0.024271
v 0.202033 0.259341 0.023444
v 0.200271 0.255000 0.021019
v 0.197469 0.251272 0.017162
v 0.193817 0.248412 0.012135
v 0.189564 0.246613 0.006282
v 0.187399 0.281387 0.007385
v 0.189635 0.279588 0.014266
v 0.191555 0.276728 0.020175
v 0.193028 0.273000 0.024709
v 0.193955 0.268659 0.027560
v 0.194271 0.264000 0.028532
v 0.193955 0.259341 0.027560
v 0.193028 0.255000 0.024709
v 0.191555 0.251272 0.020175
v 0.189635 0.248412 0.014266
v 0.187399 0.246613 0.007385
v 0.185000 0.281387 0.007765
v 0.185000 0.279588 0.015000
v 0.185000 0.276728 0.021213
v 0.185000 0.273000 0.025981
v 0.185000 0.268659 0.028978
v 0.185000 0.264000 0.030000
v 0.185000 0.259341 0.028978
v 0.185000 0.255000 0.025981
v 0.185000 0.251272 0.021213
v 0.185000 0.248412 0.015000
v 0.185000 0.246613 0.007765
v 0.182601 0.281387 0.007385
v 0.180365 0.279588 0.014266
v 0.178445 0.276728 0.020175
v 0.176971 0.273000 0.024709
v 0.176045 0.268659 0.027560
v 0.175729 0.264000 0.028532
v 0.176045 0.259341 0.027560
v 0.176971 0.255000 0.024709
v 0.178445 0.251272 0.020175
v 0.180365 0.248412 0.014266
v 0.182601 0.246613 0.007385
v 0.180436 0.281387 0.006282
v 0.176183 0.279588 0.012135
v 0.172531 0.276728 0.017162
v 0.169729 0.273000 0.021019
v 0.167967 0.268659 0.023444
v 0.167366 0.264000 0.024271
v 0.167967 0.259341 0.023444
v 0.169729 0.255000 0.021019
v 0.172531 0.251272 0.017162
v 0.176183 0.248412 0.012135
v 0.180436 0.246613 0.006282
v 0.185000 0.246000 0.000000
v 0.178718 0.281387 0.004564
v 0.172865 0.279588 0.008817
v 0.167838 0.276728 0.012469
v 0.163981 0.273000 0.015271
v 0.161556 0.268659 0.017033
v 0.160729 0.264000 0.017634
v 0.161556 0.259341 0.017033
v 0.163981 0.255000 0.015271
v 0.167838 0.251272 0.012469
v 0.172865 0.248412 0.008817
v 0.178718 0.246613 0.004564
v 0.185000 0.282000 0.000000
v 0.177615 0.281387 0.002399
v 0.170734 0.279588 0.004635
v 0.164825 0.276728 0.006555
v 0.160291 0.273000 0.008028
v 0.157440 0.268659 0.008955
v 0.156468 0.264000 0.009271
v 0.157440 0.259341 0.008955
v 0.160291 0.255000 0.008028
v 0.164825 0.251272 0.006555
v 0.170734 0.248412 0.004635
v 0.177615 0.246613 0.002399
v 0.177235 0.281387 0.000000
v 0.170000 0.279588 -0.000000
v 0.163787 0.276728 0.000000
v 0.159019 0.273000 -0.000000
v 0.156022 0.268659 0.000000
v 0.155000 0.264000 -0.000000
v 0.156022 0.259341 0.000000
v 0.159019 0.255000 -0.000000
v 0.163787 0.251272 0.000000
v 0.170000 0.248412 -0.000000
v 0.177235 0.246613 0.000000
v 0.177615 0.281387 -0.002399
v 0.170734 0.279588 -0.004635
v 0.164825 0.276728 -0.006555
v 0.160291 0.273000 -0.008029
v 0.157440 0.268659 -0.008955
v 0.156468 0.264000 -0.009271
v 0.157440 0.259341 -0.008955
v 0.160291 0.255000 -0.008029
v 0.164825 0.251272 -0.006555
v 0.170734 0.248412 -0.004635
v 0.177615 0.246613 -0.002399
v 0.178718 0.281387 -0.004564
v 0.172865 0.279588 -0.008817
v 0.167838 0.276728 -0.012469
v 0.163981 0.273000 -0.015271
v 0.161556 0.268659 -0.017033
v 0.160729 0.264000 -0.017634
v 0.161556 0.259341 -0.017033
v 0.163981 0.255000 -0.015271
v 0.167838 0.251272 -0.012469
v 0.172865 0.248412 -0.008817
v 0.178718 0.246613 -0.004564
v 0.180436 0.281387 -0.006282
v 0.176183 0.279588 -0.012135
v 0.172531 0.276728 -0.017162
v 0.169729 0.273000 -0.021019
v 0.167967 0.268659 -0.023444
v 0.167366 0.264000 -0.024271
v 0.167967 0.259341 -0.023444
v 0.169729 0.255000 -0.021019
v 0.172531 0.251272 -0.017162
v 0.176183 0.248412 -0.012135
v 0.180436 0.246613 -0.006282
v 0.182601 0.281387 -0.007385
v 0.180365 0.279588 -0.014266
v 0.178445 0.276728 -0.020175
v 0.176971 0.273000 -0.024709
v 0.176045 0.268659 -0.027560
v 0.175729 0.264000 -0.028532
v 0.176045 0.259341 -0.027560
v 0.176971 0.255000 -0.024709
v 0.178445 0.251272 -0.020175
v 0.180365 0.248412 -0.014266
v 0.182601 0.246613 -0.007385
v 0.185000 0.281387 -0.007765
v 0.185000 0.276728 -0.021213
v 0.185000 0.273000 -0.025981
v 0.185000 0.268659 -0.028978
v 0.185000 0.259341 -0.028978
v 0.185000 0.255000 -0.025981
v 0.185000 0.251272 -0.021213
v 0.185000 0.246613 -0.007765
vn 0.0125 -0.9968 -0.0787
vn 0.0382 0.9698 -0.2410
vn 0.0971 -0.7840 -0.6131
vn 0.1529 0.2118 -0.9653
vn 0.0661 0.9064 -0.4173
vn 0.0661 -0.9064 -0.4173
vn 0.1529 -0.2118 -0.9653
vn 0.0971 0.7840 -0.6131
vn 0.0382 -0.9698 -0.2410
vn 0.0125 0.9968 -0.0787
vn 0.1292 -0.5634 -0.8160
vn 0.1292 0.5634 -0.8160
vn 0.4437 -0.2118 -0.8708
vn 0.2818 0.7840 -0.5531
vn 0.1108 -0.9698 -0.2174
vn 0.0362 0.9968 -0.0710
vn 0.3751 -0.5634 -0.7362
vn 0.3751 0.5634 -0.7362
vn 0.0362 -0.9968 -0.0710
vn 0.1108 0.9698 -0.2174
vn 0.2818 -0.7840 -0.5531
vn 0.4437 0.2118 -0.8708
vn 0.1918 0.9064 -0.3764
vn 0.1918 -0.9064 -0.3764
vn 0.4389 -0.7840 -0.4389
vn 0.6911 0.2118 -0.6911
vn 0.2987 0.9064 -0.2987
vn 0.2987 -0.9064 -0.2987
vn 0.6911 -0.2118 -0.6911
vn 0.4389 0.7840 -0.4389
vn 0.1725 -0.9698 -0.1725
vn 0.0564 0.9968 -0.0564
vn 0.5842 -0.5634 -0.5842
vn 0.5842 0.5634 -0.5842
vn 0.0564 -0.9968 -0.0564
vn 0.1725 0.9698 -0.1725
vn 0.0710 0.9968 -0.0362
vn 0.7362 -0.5634 -0.3751
vn 0.7362 0.5634 -0.3751
vn 0.0710 -0.9968 -0.0362
vn 0.2174 0.9698 -0.1108
vn 0.5531 -0.7840 -0.2818
vn 0.8708 0.2118 -0.4437
vn 0.3764 0.9064 -0.1918
vn 0.3764 -0.9064 -0.1918
vn 0.8708 -0.2118 -0.4437
vn 0.5531 0.7840 -0.2818
vn 0.2174 -0.9698 -0.1108
vn 0.4173 -0.9064 -0.0661
vn 0.9653 -0.2118 -0.1529
vn 0.6131 0.7840 -0.0971
vn 0.2410 -0.9698 -0.0382
vn 0.0787 0.9968 -0.0125
vn 0.8160 -0.5634 -0.1292
vn 0.8160 0.5634 -0.1292
vn 0.0787 -0.9968 -0.0125
vn 0.2410 0.9698 -0.0382
vn 0.6131 -0.7840 -0.0971
vn 0.9653 0.2118 -0.1529
vn 0.4173 0.9064 -0.0661
vn 0.2410 0.9698 0.0382
vn 0.6131 -0.7840 0.0971
vn 0.9653 0.2118 0.1529
vn 0.4173 0.9064 0.0661
vn 0.4173 -0.9064 0.0661
vn 0.9653 -0.2118 0.1529
vn 0.6131 0.7840 0.0971
vn 0.2410 -0.9698 0.0382
vn 0.0787 0.9968 0.0125
vn 0.8160 -0.5634 0.1292
vn 0.8160 0.5634 0.1292
vn 0.0787 -0.9968 0.0125
vn 0.2174 -0.9698 0.1108
vn 0.0710 0.9968 0.0362
vn 0.7362 -0.5634 0.3751
vn 0.7362 0.5634 0.3751
vn 0.0710 -0.9968 0.0362
vn 0.2174 0.9698 0.1108
vn 0.5531 -0.7840 0.2818
vn 0.8708 0.2118 0.4437
vn 0.3764 0.9064 0.1918
vn 0.3764 -0.9064 0.1918
vn 0.8708 -0.2118 0.4437
vn 0.5531 0.7840 0.2818
vn 0.2987 0.9064 0.2987
vn 0.2987 -0.9064 0.2987
vn 0.6911 -0.2118 0.6911
vn 0.4389 0.7840 0.4389
vn 0.1725 -0.9698 0.1725
vn 0.0564 0.9968 0.0564
vn 0.5842 -0.5634 0.5842
vn 0.5842 0.5634 0.5842
vn 0.0564 -0.9968 0.0564
vn 0.1725 0.9698 0.1725
vn 0.4389 -0.7840 0.4389
vn 0.6911 0.2118 0.6911
vn 0.0362 -0.9968 0.0710
vn 0.1108 0.9698 0.2174
vn 0.2818 -0.7840 0.5531
vn 0.4437 0.2118 0.8708
vn 0.1918 0.9064 0.3764
vn 0.1918 -0.9064 0.3764
vn 0.4437 -0.2118 0.8708
vn 0.2818 0.7840 0.5531
vn 0.1108 -0.9698 0.2174
vn 0.0362 0.9968 0.0710
vn 0.3751 -0.5634 0.7362
vn 0.3751 0.5634 0.7362
vn 0.0971 0.7840 0.6131
vn 0.0382 -0.9698 0.2410
vn 0.0125 0.9968 0.0787
vn 0.1292 -0.5634 0.8160
vn 0.1292 0.5634 0.8160
vn 0.0125 -0.9968 0.0787
vn 0.0382 0.9698 0.2410
vn 0.0971 -0.7840 0.6131
vn 0.1529 0.2118 0.9653
vn 0.0661 0.9064 0.4173
vn 0.0661 -0.9064 0.4173
vn 0.1529 -0.2118 0.9653
vn -0.0661 0.9064 0.4173
vn -0.0661 -0.9064 0.4173
vn -0.1529 -0.2118 0.9653
vn -0.0971 0.7840 0.6131
vn -0.0382 -0.9698 0.2410
vn -0.0125 0.9968 0.0787
vn -0.1292 -0.5634 0.8160
vn -0.1292 0.5634 0.8160
vn -0.0125 -0.9968 0.0787
vn -0.0382 0.9698 0.2410
vn -0.0971 -0.7840 0.6131
vn -0.1529 0.2118 0.9653
vn -0.3751 0.5634 0.7362
vn -0.0362 -0.9968 0.0710
vn -0.1108 0.9698 0.2174
vn -0.2818 -0.7840 0.5531
vn -0.4437 0.2118 0.8708
vn -0.1918 0.9064 0.3764
vn -0.1918 -0.9064 0.3764
vn -0.4437 -0.2118 0.8708
vn -0.2818 0.7840 0.5531
vn -0.1108 -0.9698 0.2174
vn -0.0362 0.9968 0.0710
vn -0.3751 -0.5634 0.7362
vn -0.4389 0.7840 0.4389
vn -0.1725 -0.9698 0.1725
vn -0.0564 0.9968 0.0564
vn -0.5842 -0.5634 0.5842
vn -0.5842 0.5634 0.5842
vn -0.0564 -0.9968 0.0564
vn -0.1725 0.9698 0.1725
vn -0.4389 -0.7840 0.4389
vn -0.6911 0.2118 0.6911
vn -0.2987 0.9064 0.2987
vn -0.2987 -0.9064 0.2987
vn -0.6911 -0.2118 0.6911
vn -0.8708 0.2118 0.4437
vn -0.3764 0.9064 0.1918
vn -0.3764 -0.9064 0.1918
vn -0.8708 -0.2118 0.4437
vn -0.5531 0.7840 0.2818
vn -0.2174 -0.9698 0.1108
vn -0.0710 0.9968 0.0362
vn -0.7362 -0.5634 0.3751
vn -0.7362 0.5634 0.3751
vn -0.0710 -0.9968 0.0362
vn -0.2174 0.9698 0.1108
vn -0.5531 -0.7840 0.2818
vn -0.8160 0.5634 0.1292
vn -0.0787 -0.9968 0.0125
vn -0.2410 0.9698 0.0382
vn -0.6131 -0.7840 0.0971
vn -0.9653 0.2118 0.1529
vn -0.4173 0.9064 0.0661
vn -0.4173 -0.9064 0.0661
vn -0.9653 -0.2118 0.1529
vn -0.6131 0.7840 0.0971
vn -0.2410 -0.9698 0.0382
vn -0.0787 0.9968 0.0125
vn -0.8160 -0.5634 0.1292
vn -0.9653 -0.2118 -0.1529
vn -0.6131 0.7840 -0.0971
vn -0.2410 -0.9698 -0.0382
vn -0.0787 0.9968 -0.0125
vn -0.8160 -0.5634 -0.1292
vn -0.8160 0.5634 -0.1292
vn -0.0787 -0.9968 -0.0125
vn -0.2410 0.9698 -0.0382
vn -0.6131 -0.7840 -0.0971
vn -0.9653 0.2118 -0.1529
vn -0.4173 0.9064 -0.0661
vn -0.4173 -0.9064 -0.0661
vn -0.8708 0.2118 -0.4437
vn -0.3764 0.9064 -0.1918
vn -0.3764 -0.9064 -0.1918
vn -0.8708 -0.2118 -0.4437
vn -0.5531 0.7840 -0.2818
vn -0.2174 -0.9698 -0.1108
vn -0.0710 0.9968 -0.0362
vn -0.7362 -0.5634 -0.3751
vn -0.7362 0.5634 -0.3751
vn -0.0710 -0.9968 -0.0362
vn -0.2174 0.9698 -0.1108
vn -0.5531 -0.7840 -0.2818
vn -0.5842 -0.5634 -0.5842
vn -0.5842 0.5634 -0.5842
vn -0.0564 -0.9968 -0.0564
vn -0.1725 0.9698 -0.1725
vn -0.4389 -0.7840 -0.4389
vn -0.6911 0.2118 -0.6911
vn -0.2987 0.9064 -0.2987
vn -0.2987 -0.9064 -0.2987
vn -0.6911 -0.2118 -0.6911
vn -0.4389 0.7840 -0.4389
vn -0.1725 -0.9698 -0.1725
vn -0.0564 0.9968 -0.0564
vn -0.4437 -0.2118 -0.8708
vn -0.2818 0.7840 -0.5531
vn -0.1108 -0.9698 -0.2174
vn -0.0362 0.9968 -0.0710
vn -0.3751 -0.5634 -0.7362
vn -0.3751 0.5634 -0.7362
vn -0.0362 -0.9968 -0.0710
vn -0.1108 0.9698 -0.2174
vn -0.2818 -0.7840 -0.5531
vn -0.4437 0.2118 -0.8708
vn -0.1918 0.9064 -0.3764
vn -0.1918 -0.9064 -0.3764
vn -0.0971 -0.7840 -0.6131
vn -0.1529 0.2118 -0.9653
vn -0.0661 0.9064 -0.4173
vn -0.0661 -0.9064 -0.4173
vn -0.1529 -0.2118 -0.9653
vn -0.0971 0.7840 -0.6131
vn -0.0382 -0.9698 -0.2410
vn -0.0125 0.9968 -0.0787
vn -0.1292 -0.5634 -0.8160
vn -0.1292 0.5634 -0.8160
vn -0.0125 -0.9968 -0.0787
vn -0.0382 0.9698 -0.2410
vt 0.725000 0.000000
vt 0.750000 0.083333
vt 0.700000 0.083333
vt 0.750000 0.833333
vt 0.750000 0.916667
vt 0.700000 0.916667
vt 0.700000 0.833333
vt 0.750000 0.250000
vt 0.750000 0.333333
vt 0.700000 0.333333
vt 0.700000 0.250000
vt 0.750000 0.500000
vt 0.750000 0.583333
vt 0.700000 0.583333
vt 0.700000 0.500000
vt 0.750000 0.750000
vt 0.700000 0.750000
vt 0.750000 0.166667
vt 0.700000 0.166667
vt 0.750000 0.416667
vt 0.700000 0.416667
vt 0.750000 0.666667
vt 0.700000 0.666667
vt 0.725000 1.000000
vt 0.650000 0.500000
vt 0.650000 0.416667
vt 0.650000 0.750000
vt 0.650000 0.666667
vt 0.650000 0.166667
vt 0.650000 0.083333
vt 0.675000 1.000000
vt 0.650000 0.916667
vt 0.650000 0.333333
vt 0.650000 0.583333
vt 0.675000 0.000000
vt 0.650000 0.833333
vt 0.650000 0.250000
vt 0.600000 0.333333
vt 0.600000 0.250000
vt 0.600000 0.583333
vt 0.600000 0.500000
vt 0.600000 0.833333
vt 0.600000 0.750000
vt 0.600000 0.166667
vt 0.600000 0.416667
vt 0.600000 0.666667
vt 0.600000 0.083333
vt 0.625000 1.000000
vt 0.600000 0.916667
vt 0.625000 0.000000
vt 0.575000 1.000000
vt 0.550000 0.916667
vt 0.550000 0.416667
vt 0.550000 0.333333
vt 0.550000 0.666667
vt 0.550000 0.583333
vt 0.575000 0.000000
vt 0.550000 0.083333
vt 0.550000 0.833333
vt 0.550000 0.250000
vt 0.550000 0.500000
vt 0.550000 0.750000
vt 0.550000 0.166667
vt 0.500000 0.250000
vt 0.500000 0.166667
vt 0.500000 0.500000
vt 0.500000 0.416667
vt 0.500000 0.750000
vt 0.500000 0.666667
vt 0.500000 0.083333
vt 0.525000 1.000000
vt 0.500000 0.916667
vt 0.500000 0.333333
vt 0.500000 0.583333
vt 0.525000 0.000000
vt 0.500000 0.833333
vt 0.450000 0.916667
vt 0.450000 0.833333
vt 0.450000 0.333333
vt 0.450000 0.250000
vt 0.450000 0.583333
vt 0.450000 0.500000
vt 0.450000 0.750000
vt 0.450000 0.166667
vt 0.450000 0.416667
vt 0.450000 0.666667
vt 0.450000 0.083333
vt 0.475000 1.000000
vt 0.475000 0.000000
vt 0.400000 0.166667
vt 0.400000 0.083333
vt 0.425000 1.000000
vt 0.400000 0.916667
vt 0.400000 0.416667
vt 0.400000 0.333333
vt 0.400000 0.666667
vt 0.400000 0.583333
vt 0.425000 0.000000
vt 0.400000 0.833333
vt 0.400000 0.250000
vt 0.400000 0.500000
vt 0.400000 0.750000
vt 0.350000 0.833333
vt 0.350000 0.750000
vt 0.350000 0.250000
vt 0.350000 0.166667
vt 0.350000 0.500000
vt 0.350000 0.416667
vt 0.350000 0.666667
vt 0.350000 0.083333
vt 0.375000 1.000000
vt 0.350000 0.916667
vt 0.350000 0.333333
vt 0.350000 0.583333
vt 0.375000 0.000000
vt 0.325000 0.000000
vt 0.300000 0.083333
vt 0.300000 0.916667
vt 0.300000 0.833333
vt 0.300000 0.333333
vt 0.300000 0.250000
vt 0.300000 0.583333
vt 0.300000 0.500000
vt 0.300000 0.750000
vt 0.300000 0.166667
vt 0.300000 0.416667
vt 0.300000 0.666667
vt 0.325000 1.000000
vt 0.250000 0.750000
vt 0.250000 0.666667
vt 0.250000 0.166667
vt 0.250000 0.083333
vt 0.275000 1.000000
vt 0.250000 0.916667
vt 0.250000 0.416667
vt 0.250000 0.333333
vt 0.250000 0.583333
vt 0.275000 0.000000
vt 0.250000 0.833333
vt 0.250000 0.250000
vt 0.250000 0.500000
vt 0.200000 0.833333
vt 0.200000 0.750000
vt 0.200000 0.250000
vt 0.200000 0.166667
vt 0.200000 0.500000
vt 0.200000 0.416667
vt 0.200000 0.666667
vt 0.200000 0.083333
vt 0.225000 1.000000
vt 0.200000 0.916667
vt 0.200000 0.333333
vt 0.200000 0.583333
vt 0.225000 0.000000
vt 0.150000 0.666667
vt 0.150000 0.583333
vt 0.175000 0.000000
vt 0.150000 0.083333
vt 0.150000 0.916667
vt 0.150000 0.833333
vt 0.150000 0.333333
vt 0.150000 0.250000
vt 0.150000 0.500000
vt 0.150000 0.750000
vt 0.150000 0.166667
vt 0.150000 0.416667
vt 0.175000 1.000000
vt 0.100000 0.750000
vt 0.100000 0.666667
vt 0.100000 0.166667
vt 0.100000 0.083333
vt 0.125000 1.000000
vt 0.100000 0.916667
vt 0.100000 0.416667
vt 0.100000 0.333333
vt 0.100000 0.583333
vt 0.125000 0.000000
vt 0.100000 0.833333
vt 0.100000 0.250000
vt 0.100000 0.500000
vt 0.050000 0.583333
vt 0.050000 0.500000
vt 0.050000 0.833333
vt 0.050000 0.750000
vt 0.050000 0.250000
vt 0.050000 0.166667
vt 0.050000 0.416667
vt 0.050000 0.666667
vt 0.050000 0.083333
vt 0.075000 1.000000
vt 0.050000 0.916667
vt 0.050000 0.333333
vt 0.075000 0.000000
vt 0.000000 0.666667
vt 0.000000 0.583333
vt 0.025000 0.000000
vt 0.000000 0.083333
vt 0.000000 0.916667
vt 0.000000 0.833333
vt 0.000000 0.333333
vt 0.000000 0.250000
vt 0.000000 0.500000
vt 0.000000 0.750000
vt 0.000000 0.166667
vt 0.000000 0.416667
vt 0.025000 1.000000
vt 1.000000 0.416667
vt 1.000000 0.500000
vt 0.950000 0.500000
vt 0.950000 0.416667
vt 1.000000 0.666667
vt 1.000000 0.750000
vt 0.950000 0.750000
vt 0.950000 0.666667
vt 1.000000 0.083333
vt 1.000000 0.166667
vt 0.950000 0.166667
vt 0.950000 0.083333
vt 1.000000 0.916667
vt 0.975000 1.000000
vt 0.950000 0.916667
vt 1.000000 0.333333
vt 0.950000 0.333333
vt 1.000000 0.583333
vt 0.950000 0.583333
vt 0.975000 0.000000
vt 1.000000 0.833333
vt 0.950000 0.833333
vt 1.000000 0.250000
vt 0.950000 0.250000
vt 0.900000 0.583333
vt 0.900000 0.500000
vt 0.900000 0.833333
vt 0.900000 0.750000
vt 0.900000 0.250000
vt 0.900000 0.166667
vt 0.900000 0.416667
vt 0.900000 0.666667
vt 0.900000 0.083333
vt 0.925000 1.000000
vt 0.900000 0.916667
vt 0.900000 0.333333
vt 0.925000 0.000000
vt 0.850000 0.416667
vt 0.850000 0.333333
vt 0.850000 0.666667
vt 0.850000 0.583333
vt 0.875000 0.000000
vt 0.850000 0.083333
vt 0.850000 0.916667
vt 0.850000 0.833333
vt 0.850000 0.250000
vt 0.850000 0.500000
vt 0.850000 0.750000
vt 0.850000 0.166667
vt 0.875000 1.000000
vt 0.800000 0.500000
vt 0.800000 0.416667
vt 0.800000 0.750000
vt 0.800000 0.666667
vt 0.800000 0.166667
vt 0.800000 0.083333
vt 0.825000 1.000000
vt 0.800000 0.916667
vt 0.800000 0.333333
vt 0.800000 0.583333
vt 0.825000 0.000000
vt 0.800000 0.833333
vt 0.800000 0.250000
vt 0.775000 1.000000
vt 0.775000 0.000000
s 0
usemtl Chrome
f 1290/2004/943 1376/2005/943 1168/2006/943
f 1155/2007/944 1369/2008/944 1158/2009/944 1159/2010/944
f 1375/2011/945 1374/2012/945 1165/2013/945 1166/2014/945
f 1156/2015/946 1372/2016/946 1162/2017/946 1163/2018/946
f 1370/2019/947 1155/2007/947 1159/2010/947 1160/2020/947
f 1157/2021/948 1375/2011/948 1166/2014/948 1167/2022/948
f 1373/2023/949 1156/2015/949 1163/2018/949 1164/2024/949
f 1371/2025/950 1370/2019/950 1160/2020/950 1161/2026/950
f 1376/2005/951 1157/2021/951 1167/2022/951 1168/2006/951
f 1369/2008/952 1302/2027/952 1158/2009/952
f 1374/2012/953 1373/2023/953 1164/2024/953 1165/2013/953
f 1372/2016/954 1371/2025/954 1161/2026/954 1162/2017/954
f 1164/2024/955 1163/2018/955 1174/2028/955 1175/2029/955
f 1161/2026/956 1160/2020/956 1171/2030/956 1172/2031/956
f 1168/2006/957 1167/2022/957 1178/2032/957 1179/2033/957
f 1158/2009/958 1302/2034/958 1169/2035/958
f 1165/2013/959 1164/2024/959 1175/2029/959 1176/2036/959
f 1162/2017/960 1161/2026/960 1172/2031/960 1173/2037/960
f 1290/2038/961 1168/2006/961 1179/2033/961
f 1159/2010/962 1158/2009/962 1169/2035/962 1170/2039/962
f 1166/2014/963 1165/2013/963 1176/2036/963 1177/2040/963
f 1163/2018/964 1162/2017/964 1173/2037/964 1174/2028/964
f 1160/2020/965 1159/2010/965 1170/2039/965 1171/2030/965
f 1167/2022/966 1166/2014/966 1177/2040/966 1178/2032/966
f 1177/2040/967 1176/2036/967 1187/2041/967 1188/2042/967
f 1174/2028/968 1173/2037/968 1184/2043/968 1185/2044/968
f 1171/2030/969 1170/2039/969 1181/2045/969 1182/2046/969
f 1178/2032/970 1177/2040/970 1188/2042/970 1189/2047/970
f 1175/2029/971 1174/2028/971 1185/2044/971 1186/2048/971
f 1172/2031/972 1171/2030/972 1182/2046/972 1183/2049/972
f 1179/2033/973 1178/2032/973 1189/2047/973 1190/2050/973
f 1169/2035/974 1302/2051/974 1180/2052/974
f 1176/2036/975 1175/2029/975 1186/2048/975 1187/2041/975
f 1173/2037/976 1172/2031/976 1183/2049/976 1184/2043/976
f 1290/2053/977 1179/2033/977 1190/2050/977
f 1170/2039/978 1169/2035/978 1180/2052/978 1181/2045/978
f 1180/2052/979 1302/2054/979 1191/2055/979
f 1187/2041/980 1186/2048/980 1197/2056/980 1198/2057/980
f 1184/2043/981 1183/2049/981 1194/2058/981 1195/2059/981
f 1290/2060/982 1190/2050/982 1201/2061/982
f 1181/2045/983 1180/2052/983 1191/2055/983 1192/2062/983
f 1188/2042/984 1187/2041/984 1198/2057/984 1199/2063/984
f 1185/2044/985 1184/2043/985 1195/2059/985 1196/2064/985
f 1182/2046/986 1181/2045/986 1192/2062/986 1193/2065/986
f 1189/2047/987 1188/2042/987 1199/2063/987 1200/2066/987
f 1186/2048/988 1185/2044/988 1196/2064/988 1197/2056/988
f 1183/2049/989 1182/2046/989 1193/2065/989 1194/2058/989
f 1190/2050/990 1189/2047/990 1200/2066/990 1201/2061/990
f 1200/2066/991 1199/2063/991 1210/2067/991 1211/2068/991
f 1197/2056/992 1196/2064/992 1207/2069/992 1208/2070/992
f 1194/2058/993 1193/2065/993 1204/2071/993 1205/2072/993
f 1201/2061/994 1200/2066/994 1211/2068/994 1212/2073/994
f 1191/2055/995 1302/2074/995 1202/2075/995
f 1198/2057/996 1197/2056/996 1208/2070/996 1209/2076/996
f 1195/2059/997 1194/2058/997 1205/2072/997 1206/2077/997
f 1290/2078/998 1201/2061/998 1212/2073/998
f 1192/2062/999 1191/2055/999 1202/2075/999 1203/2079/999
f 1199/2063/1000 1198/2057/1000 1209/2076/1000 1210/2067/1000
f 1196/2064/1001 1195/2059/1001 1206/2077/1001 1207/2069/1001
f 1193/2065/1002 1192/2062/1002 1203/2079/1002 1204/2071/1002
f 1203/2079/1003 1202/2075/1003 1213/2080/1003 1214/2081/1003
f 1210/2067/1004 1209/2076/1004 1220/2082/1004 1221/2083/1004
f 1207/2069/1005 1206/2077/1005 1217/2084/1005 1218/2085/1005
f 1204/2071/1006 1203/2079/1006 1214/2081/1006 1215/2086/1006
f 1211/2068/1007 1210/2067/1007 1221/2083/1007 1222/2087/1007
f 1208/2070/1008 1207/2069/1008 1218/2085/1008 1219/2088/1008
f 1205/2072/1009 1204/2071/1009 1215/2086/1009 1216/2089/1009
f 1212/2073/1010 1211/2068/1010 1222/2087/1010 1223/2090/1010
f 1202/2075/1011 1302/2091/1011 1213/2080/1011
f 1209/2076/1012 1208/2070/1012 1219/2088/1012 1220/2082/1012
f 1206/2077/1013 1205/2072/1013 1216/2089/1013 1217/2084/1013
f 1290/2092/1014 1212/2073/1014 1223/2090/1014
f 1223/2090/1015 1222/2087/1015 1233/2093/1015 1234/2094/1015
f 1213/2080/1016 1302/2095/1016 1224/2096/1016
f 1220/2082/1017 1219/2088/1017 1230/2097/1017 1231/2098/1017
f 1217/2084/1018 1216/2089/1018 1227/2099/1018 1228/2100/1018
f 1290/2101/1019 1223/2090/1019 1234/2094/1019
f 1214/2081/1020 1213/2080/1020 1224/2096/1020 1225/2102/1020
f 1221/2083/1021 1220/2082/1021 1231/2098/1021 1232/2103/1021
f 1218/2085/1022 1217/2084/1022 1228/2100/1022 1229/2104/1022
f 1215/2086/1023 1214/2081/1023 1225/2102/1023 1226/2105/1023
f 1222/2087/1024 1221/2083/1024 1232/2103/1024 1233/2093/1024
f 1219/2088/1025 1218/2085/1025 1229/2104/1025 1230/2097/1025
f 1216/2089/1026 1215/2086/1026 1226/2105/1026 1227/2099/1026
f 1226/2105/1027 1225/2102/1027 1236/2106/1027 1237/2107/1027
f 1233/2093/1028 1232/2103/1028 1243/2108/1028 1244/2109/1028
f 1230/2097/1029 1229/2104/1029 1240/2110/1029 1241/2111/1029
f 1227/2099/1030 1226/2105/1030 1237/2107/1030 1238/2112/1030
f 1234/2094/1031 1233/2093/1031 1244/2109/1031 1245/2113/1031
f 1224/2096/1032 1302/2114/1032 1235/2115/1032
f 1231/2098/1033 1230/2097/1033 1241/2111/1033 1242/2116/1033
f 1228/2100/1034 1227/2099/1034 1238/2112/1034 1239/2117/1034
f 1290/2118/1035 1234/2094/1035 1245/2113/1035
f 1225/2102/1036 1224/2096/1036 1235/2115/1036 1236/2106/1036
f 1232/2103/1037 1231/2098/1037 1242/2116/1037 1243/2108/1037
f 1229/2104/1038 1228/2100/1038 1239/2117/1038 1240/2110/1038
f 1290/2119/1039 1245/2113/1039 1256/2120/1039
f 1236/2106/1040 1235/2115/1040 1246/2121/1040 1247/2122/1040
f 1243/2108/1041 1242/2116/1041 1253/2123/1041 1254/2124/1041
f 1240/2110/1042 1239/2117/1042 1250/2125/1042 1251/2126/1042
f 1237/2107/1043 1236/2106/1043 1247/2122/1043 1248/2127/1043
f 1244/2109/1044 1243/2108/1044 1254/2124/1044 1255/2128/1044
f 1241/2111/1045 1240/2110/1045 1251/2126/1045 1252/2129/1045
f 1238/2112/1046 1237/2107/1046 1248/2127/1046 1249/2130/1046
f 1245/2113/1047 1244/2109/1047 1255/2128/1047 1256/2120/1047
f 1235/2115/1048 1302/2131/1048 1246/2121/1048
f 1242/2116/1049 1241/2111/1049 1252/2129/1049 1253/2123/1049
f 1239/2117/1050 1238/2112/1050 1249/2130/1050 1250/2125/1050
f 1249/2130/1051 1248/2127/1051 1259/2132/1051 1260/2133/1051
f 1256/2120/1052 1255/2128/1052 1266/2134/1052 1267/2135/1052
f 1246/2121/1053 1302/2136/1053 1257/2137/1053
f 1253/2123/1054 1252/2129/1054 1263/2138/1054 1264/2139/1054
f 1250/2125/1055 1249/2130/1055 1260/2133/1055 1261/2140/1055
f 1290/2141/1056 1256/2120/1056 1267/2135/1056
f 1247/2122/1057 1246/2121/1057 1257/2137/1057 1258/2142/1057
f 1254/2124/1058 1253/2123/1058 1264/2139/1058 1265/2143/1058
f 1251/2126/1059 1250/2125/1059 1261/2140/1059 1262/2144/1059
f 1248/2127/1060 1247/2122/1060 1258/2142/1060 1259/2132/1060
f 1255/2128/1061 1254/2124/1061 1265/2143/1061 1266/2134/1061
f 1252/2129/1062 1251/2126/1062 1262/2144/1062 1263/2138/1062
f 1259/2132/1063 1258/2142/1063 1269/2145/1063 1270/2146/1063
f 1266/2134/1064 1265/2143/1064 1276/2147/1064 1277/2148/1064
f 1263/2138/1065 1262/2144/1065 1273/2149/1065 1274/2150/1065
f 1260/2133/1066 1259/2132/1066 1270/2146/1066 1271/2151/1066
f 1267/2135/1067 1266/2134/1067 1277/2148/1067 1278/2152/1067
f 1257/2137/1068 1302/2153/1068 1268/2154/1068
f 1264/2139/1069 1263/2138/1069 1274/2150/1069 1275/2155/1069
f 1261/2140/1070 1260/2133/1070 1271/2151/1070 1272/2156/1070
f 1290/2157/1071 1267/2135/1071 1278/2152/1071
f 1258/2142/1072 1257/2137/1072 1268/2154/1072 1269/2145/1072
f 1265/2143/1073 1264/2139/1073 1275/2155/1073 1276/2147/1073
f 1262/2144/1074 1261/2140/1074 1272/2156/1074 1273/2149/1074
f 1272/2156/1075 1271/2151/1075 1282/2158/1075 1283/2159/1075
f 1290/2160/1076 1278/2152/1076 1289/2161/1076
f 1269/2145/1077 1268/2154/1077 1279/2162/1077 1280/2163/1077
f 1276/2147/1078 1275/2155/1078 1286/2164/1078 1287/2165/1078
f 1273/2149/1079 1272/2156/1079 1283/2159/1079 1284/2166/1079
f 1270/2146/1080 1269/2145/1080 1280/2163/1080 1281/2167/1080
f 1277/2148/1081 1276/2147/1081 1287/2165/1081 1288/2168/1081
f 1274/2150/1082 1273/2149/1082 1284/2166/1082 1285/2169/1082
f 1271/2151/1083 1270/2146/1083 1281/2167/1083 1282/2158/1083
f 1278/2152/1084 1277/2148/1084 1288/2168/1084 1289/2161/1084
f 1268/2154/1085 1302/2170/1085 1279/2162/1085
f 1275/2155/1086 1274/2150/1086 1285/2169/1086 1286/2164/1086
f 1282/2158/1087 1281/2167/1087 1293/2171/1087 1294/2172/1087
f 1289/2161/1088 1288/2168/1088 1300/2173/1088 1301/2174/1088
f 1279/2162/1089 1302/2175/1089 1291/2176/1089
f 1286/2164/1090 1285/2169/1090 1297/2177/1090 1298/2178/1090
f 1283/2159/1091 1282/2158/1091 1294/2172/1091 1295/2179/1091
f 1290/2180/1092 1289/2161/1092 1301/2174/1092
f 1280/2163/1093 1279/2162/1093 1291/2176/1093 1292/2181/1093
f 1287/2165/1094 1286/2164/1094 1298/2178/1094 1299/2182/1094
f 1284/2166/1095 1283/2159/1095 1295/2179/1095 1296/2183/1095
f 1281/2167/1096 1280/2163/1096 1292/2181/1096 1293/2171/1096
f 1288/2168/1097 1287/2165/1097 1299/2182/1097 1300/2173/1097
f 1285/2169/1098 1284/2166/1098 1296/2183/1098 1297/2177/1098
f 1296/2183/1099 1295/2179/1099 1307/2184/1099 1308/2185/1099
f 1293/2171/1100 1292/2181/1100 1304/2186/1100 1305/2187/1100
f 1300/2173/1101 1299/2182/1101 1311/2188/1101 1312/2189/1101
f 1297/2177/1102 1296/2183/1102 1308/2185/1102 1309/2190/1102
f 1294/2172/1103 1293/2171/1103 1305/2187/1103 1306/2191/1103
f 1301/2174/1104 1300/2173/1104 1312/2189/1104 1313/2192/1104
f 1291/2176/1105 1302/2193/1105 1303/2194/1105
f 1298/2178/1106 1297/2177/1106 1309/2190/1106 1310/2195/1106
f 1295/2179/1107 1294/2172/1107 1306/2191/1107 1307/2184/1107
f 1290/2196/1108 1301/2174/1108 1313/2192/1108
f 1292/2181/1109 1291/2176/1109 1303/2194/1109 1304/2186/1109
f 1299/2182/1110 1298/2178/1110 1310/2195/1110 1311/2188/1110
f 1307/2184/1111 1306/2191/1111 1317/2197/1111 1318/2198/1111
f 1290/2199/1112 1313/2192/1112 1324/2200/1112
f 1304/2186/1113 1303/2194/1113 1314/2201/1113 1315/2202/1113
f 1311/2188/1114 1310/2195/1114 1321/2203/1114 1322/2204/1114
f 1308/2185/1115 1307/2184/1115 1318/2198/1115 1319/2205/1115
f 1305/2187/1116 1304/2186/1116 1315/2202/1116 1316/2206/1116
f 1312/2189/1117 1311/2188/1117 1322/2204/1117 1323/2207/1117
f 1309/2190/1118 1308/2185/1118 1319/2205/1118 1320/2208/1118
f 1306/2191/1119 1305/2187/1119 1316/2206/1119 1317/2197/1119
f 1313/2192/1120 1312/2189/1120 1323/2207/1120 1324/2200/1120
f 1303/2194/1121 1302/2209/1121 1314/2201/1121
f 1310/2195/1122 1309/2190/1122 1320/2208/1122 1321/2203/1122
f 1320/2210/1123 1319/2211/1123 1330/2212/1123 1331/2213/1123
f 1317/2214/1124 1316/2215/1124 1327/2216/1124 1328/2217/1124
f 1324/2218/1125 1323/2219/1125 1334/2220/1125 1335/2221/1125
f 1314/2222/1126 1302/2223/1126 1325/2224/1126
f 1321/2225/1127 1320/2210/1127 1331/2213/1127 1332/2226/1127
f 1318/2227/1128 1317/2214/1128 1328/2217/1128 1329/2228/1128
f 1290/2229/1129 1324/2218/1129 1335/2221/1129
f 1315/2230/1130 1314/2222/1130 1325/2224/1130 1326/2231/1130
f 1322/2232/1131 1321/2225/1131 1332/2226/1131 1333/2233/1131
f 1319/2211/1132 1318/2227/1132 1329/2228/1132 1330/2212/1132
f 1316/2215/1133 1315/2230/1133 1326/2231/1133 1327/2216/1133
f 1323/2219/1134 1322/2232/1134 1333/2233/1134 1334/2220/1134
f 1330/2212/1135 1329/2228/1135 1340/2234/1135 1341/2235/1135
f 1327/2216/1136 1326/2231/1136 1337/2236/1136 1338/2237/1136
f 1334/2220/1137 1333/2233/1137 1344/2238/1137 1345/2239/1137
f 1331/2213/1138 1330/2212/1138 1341/2235/1138 1342/2240/1138
f 1328/2217/1139 1327/2216/1139 1338/2237/1139 1339/2241/1139
f 1335/2221/1140 1334/2220/1140 1345/2239/1140 1346/2242/1140
f 1325/2224/1141 1302/2243/1141 1336/2244/1141
f 1332/2226/1142 1331/2213/1142 1342/2240/1142 1343/2245/1142
f 1329/2228/1143 1328/2217/1143 1339/2241/1143 1340/2234/1143
f 1290/2246/1144 1335/2221/1144 1346/2242/1144
f 1326/2231/1145 1325/2224/1145 1336/2244/1145 1337/2236/1145
f 1333/2233/1146 1332/2226/1146 1343/2245/1146 1344/2238/1146
f 1343/2245/1147 1342/2240/1147 1353/2247/1147 1354/2248/1147
f 1340/2234/1148 1339/2241/1148 1350/2249/1148 1351/2250/1148
f 1290/2251/1149 1346/2242/1149 1357/2252/1149
f 1337/2236/1150 1336/2244/1150 1347/2253/1150 1348/2254/1150
f 1344/2238/1151 1343/2245/1151 1354/2248/1151 1355/2255/1151
f 1341/2235/1152 1340/2234/1152 1351/2250/1152 1352/2256/1152
f 1338/2237/1153 1337/2236/1153 1348/2254/1153 1349/2257/1153
f 1345/2239/1154 1344/2238/1154 1355/2255/1154 1356/2258/1154
f 1342/2240/1155 1341/2235/1155 1352/2256/1155 1353/2247/1155
f 1339/2241/1156 1338/2237/1156 1349/2257/1156 1350/2249/1156
f 1346/2242/1157 1345/2239/1157 1356/2258/1157 1357/2252/1157
f 1336/2244/1158 1302/2259/1158 1347/2253/1158
f 1353/2247/1159 1352/2256/1159 1363/2260/1159 1364/2261/1159
f 1350/2249/1160 1349/2257/1160 1360/2262/1160 1361/2263/1160
f 1357/2252/1161 1356/2258/1161 1367/2264/1161 1368/2265/1161
f 1347/2253/1162 1302/2266/1162 1358/2267/1162
f 1354/2248/1163 1353/2247/1163 1364/2261/1163 1365/2268/1163
f 1351/2250/1164 1350/2249/1164 1361/2263/1164 1362/2269/1164
f 1290/2270/1165 1357/2252/1165 1368/2265/1165
f 1348/2254/1166 1347/2253/1166 1358/2267/1166 1359/2271/1166
f 1355/2255/1167 1354/2248/1167 1365/2268/1167 1366/2272/1167
f 1352/2256/1168 1351/2250/1168 1362/2269/1168 1363/2260/1168
f 1349/2257/1169 1348/2254/1169 1359/2271/1169 1360/2262/1169
f 1356/2258/1170 1355/2255/1170 1366/2272/1170 1367/2264/1170
f 1366/2272/1171 1365/2268/1171 1374/2012/1171 1375/2011/1171
f 1363/2260/1172 1362/2269/1172 1372/2016/1172 1156/2015/1172
f 1360/2262/1173 1359/2271/1173 1155/2007/1173 1370/2019/1173
f 1367/2264/1174 1366/2272/1174 1375/2011/1174 1157/2021/1174
f 1364/2261/1175 1363/2260/1175 1156/2015/1175 1373/2023/1175
f 1361/2263/1176 1360/2262/1176 1370/2019/1176 1371/2025/1176
f 1368/2265/1177 1367/2264/1177 1157/2021/1177 1376/2005/1177
f 1358/2267/1178 1302/2273/1178 1369/2008/1178
f 1365/2268/1179 1364/2261/1179 1373/2023/1179 1374/2012/1179
f 1362/2269/1180 1361/2263/1180 1371/2025/1180 1372/2016/1180
f 1290/2274/1181 1368/2265/1181 1376/2005/1181
f 1359/2271/1182 1358/2267/1182 1369/2008/1182 1155/2007/1182
o Grate_1_0
v 0.120000 0.272500 0.005000
v 0.120000 0.279500 0.005000
v 0.120000 0.272500 -0.005000
v 0.120000 0.279500 -0.005000
v 0.250000 0.272500 0.005000
v 0.250000 0.279500 0.005000
v 0.250000 0.272500 -0.005000
v 0.250000 0.279500 -0.005000
vn -1.0000 -0.0000 -0.0000
vn -0.0000 -0.0000 -1.0000
vn 1.0000 -0.0000 -0.0000
vn -0.0000 -0.0000 1.0000
vn -0.0000 -1.0000 -0.0000
vn -0.0000 1.0000 -0.0000
vt 0.375000 0.000000
vt 0.625000 0.000000
vt 0.625000 0.250000
vt 0.375000 0.250000
vt 0.625000 0.500000
vt 0.375000 0.500000
vt 0.625000 0.750000
vt 0.375000 0.750000
vt 0.625000 1.000000
vt 0.375000 1.000000
vt 0.125000 0.500000
vt 0.125000 0.750000
vt 0.875000 0.500000
vt 0.875000 0.750000
s 0
usemtl Grate
f 1377/2275/1183 1378/2276/1183 1380/2277/1183 1379/2278/1183
f 1379/2278/1184 1380/2277/1184 1384/2279/1184 1383/2280/1184
f 1383/2280/1185 1384/2279/1185 1382/2281/1185 1381/2282/1185
f 1381/2282/1186 1382/2281/1186 1378/2283/1186 1377/2284/1186
f 1379/2285/1187 1383/2280/1187 1381/2282/1187 1377/2286/1187
f 1384/2279/1188 1380/2287/1188 1378/2288/1188 1382/2281/1188
o Grate_1_90
v 0.190000 0.272500 0.065000
v 0.190000 0.279500 0.065000
v 0.180000 0.272500 0.065000
v 0.180000 0.279500 0.065000
v 0.190000 0.272500 -0.065000
v 0.190000 0.279500 -0.065000
v 0.180000 0.272500 -0.065000
v 0.180000 0.279500 -0.065000
vn -0.0000 -0.0000 1.0000
vn -1.0000 -0.0000 -0.0000
vn -0.0000 -0.0000 -1.0000
vn 1.0000 -0.0000 -0.0000
vn -0.0000 -1.0000 -0.0000
vn -0.0000 1.0000 -0.0000
vt 0.375000 0.000000
vt 0.625000 0.000000
vt 0.625000 0.250000
vt 0.375000 0.250000
vt 0.625000 0.500000
vt 0.375000 0.500000
vt 0.625000 0.750000
vt 0.375000 0.750000
vt 0.625000 1.000000
vt 0.375000 1.000000
vt 0.125000 0.500000
vt 0.125000 0.750000
vt 0.875000 0.500000
vt 0.875000 0.750000
s 0
usemtl Grate
f 1385/2289/1189 1386/2290/1189 1388/2291/1189 1387/2292/1189
f 1387/2292/1190 1388/2291/1190 1392/2293/1190 1391/2294/1190
f 1391/2294/1191 1392/2293/1191 1390/2295/1191 1389/2296/1191
f 1389/2296/1192 1390/2295/1192 1386/2297/1192 1385/2298/1192
f 1387/2299/1193 1391/2294/1193 1389/2296/1193 1385/2300/1193
f 1392/2293/1194 1388/2301/1194 1386/2302/1194 1390/2295/1194
o Grate_1_45
v 0.149645 0.272500 0.042426
v 0.149645 0.279500 0.042426
v 0.142574 0.272500 0.035355
v 0.142574 0.279500 0.035355
v 0.227426 0.272500 -0.035355
v 0.227426 0.279500 -0.035355
v 0.220355 0.272500 -0.042426
v 0.220355 0.279500 -0.042426
vn -0.7071 -0.0000 0.7071
vn -0.7071 -0.0000 -0.7071
vn 0.7071 -0.0000 -0.7071
vn 0.7071 -0.0000 0.7071
vn -0.0000 -1.0000 -0.0000
vn -0.0000 1.0000 -0.0000
vt 0.375000 0.000000
vt 0.625000 0.000000
vt 0.625000 0.250000
vt 0.375000 0.250000
vt 0.625000 0.500000
vt 0.375000 0.500000
vt 0.625000 0.750000
vt 0.375000 0.750000
vt 0.625000 1.000000
vt 0.375000 1.000000
vt 0.125000 0.500000
vt 0.125000 0.750000
vt 0.875000 0.500000
vt 0.875000 0.750000
s 0
usemtl Grate
f 1393/2303/1195 1394/2304/1195 1396/2305/1195 1395/2306/1195
f 1395/2306/1196 1396/2305/1196 1400/2307/1196 1399/2308/1196
f 1399/2308/1197 1400/2307/1197 1398/2309/1197 1397/2310/1197
f 1397/2310/1198 1398/2309/1198 1394/2311/1198 1393/2312/1198
f 1395/2313/1199 1399/2308/1199 1397/2310/1199 1393/2314/1199
f 1400/2307/1200 1396/2315/1200 1394/2316/1200 1398/2309/1200
o Grate_1_135
v 0.227426 0.272500 0.035355
v 0.227426 0.279500 0.035355
v 0.220355 0.272500 0.042426
v 0.220355 0.279500 0.042426
v 0.149645 0.272500 -0.042426
v 0.149645 0.279500 -0.042426
v 0.142574 0.272500 -0.035355
v 0.142574 0.279500 -0.035355
vn 0.7071 -0.0000 0.7071
vn -0.7071 -0.0000 0.7071
vn -0.7071 -0.0000 -0.7071
vn 0.7071 -0.0000 -0.7071
vn -0.0000 -1.0000 -0.0000
vn -0.0000 1.0000 -0.0000
vt 0.375000 0.000000
vt 0.625000 0.000000
vt 0.625000 0.250000
vt 0.375000 0.250000
vt 0.625000 0.500000
vt 0.375000 0.500000
vt 0.625000 0.750000
vt 0.375000 0.750000
vt 0.625000 1.000000
vt 0.375000 1.000000
vt 0.125000 0.500000
vt 0.125000 0.750000
vt 0.875000 0.500000
vt 0.875000 0.750000
s 0
usemtl Grate
f 1401/2317/1201 1402/2318/1201 1404/2319/1201 1403/2320/1201
f 1403/2320/1202 1404/2319/1202 1408/2321/1202 1407/2322/1202
f 1407/2322/1203 1408/2321/1203 1406/2323/1203 1405/2324/1203
f 1405/2324/1204 1406/2323/1204 1402/2325/1204 1401/2326/1204
f 1403/2327/1205 1407/2322/1205 1405/2324/1205 1401/2328/1205
f 1408/2321/1206 1404/2329/1206 1402/2330/1206 1406/2323/1206
o Flame_1_0
v 0.255475 0.270124 -0.002475
v 0.257287 0.265000 -0.004287
v 0.257950 0.258000 -0.004950
v 0.257287 0.251000 -0.004287
v 0.255475 0.245876 -0.002475
v 0.256500 0.270124 0.000000
v 0.259062 0.265000 0.000000
v 0.260000 0.258000 0.000000
v 0.259062 0.251000 0.000000
v 0.256500 0.245876 0.000000
v 0.255475 0.270124 0.002475
v 0.257287 0.265000 0.004287
v 0.257950 0.258000 0.004950
v 0.257287 0.251000 0.004287
v 0.255475 0.245876 0.002475
v 0.253000 0.270124 0.003500
v 0.253000 0.265000 0.006062
v 0.253000 0.258000 0.007000
v 0.253000 0.251000 0.006062
v 0.253000 0.245876 0.003500
v 0.253000 0.272000 0.000000
v 0.250525 0.270124 0.002475
v 0.248713 0.265000 0.004287
v 0.248050 0.258000 0.004950
v 0.248713 0.251000 0.004287
v 0.250525 0.245876 0.002475
v 0.253000 0.244000 0.000000
v 0.249500 0.270124 0.000000
v 0.246938 0.265000 0.000000
v 0.246000 0.258000 0.000000
v 0.246938 0.251000 0.000000
v 0.249500 0.245876 0.000000
v 0.250525 0.270124 -0.002475
v 0.248713 0.265000 -0.004287
v 0.248050 0.258000 -0.004950
v 0.248713 0.251000 -0.004287
v 0.250525 0.245876 -0.002475
v 0.253000 0.270124 -0.003500
v 0.253000 0.265000 -0.006062
v 0.253000 0.258000 -0.007000
v 0.253000 0.251000 -0.006062
v 0.253000 0.245876 -0.003500
vn 0.1920 -0.8650 -0.4636
vn 0.3798 -0.1228 -0.9169
vn 0.3474 0.4194 -0.8387
vn 0.3474 -0.4194 -0.8387
vn 0.3798 0.1228 -0.9169
vn 0.1920 0.8650 -0.4636
vn 0.8387 0.4194 -0.3474
vn 0.8387 -0.4194 -0.3474
vn 0.9169 0.1228 -0.3798
vn 0.4636 0.8650 -0.1920
vn 0.4636 -0.8650 -0.1920
vn 0.9169 -0.1228 -0.3798
vn 0.8387 -0.4194 0.3474
vn 0.9169 0.1228 0.3798
vn 0.4636 0.8650 0.1920
vn 0.4636 -0.8650 0.1920
vn 0.9169 -0.1228 0.3798
vn 0.8387 0.4194 0.3474
vn 0.3474 -0.4194 0.8387
vn 0.3798 0.1228 0.9169
vn 0.1920 0.8650 0.4636
vn 0.1920 -0.8650 0.4636
vn 0.3798 -0.1228 0.9169
vn 0.3474 0.4194 0.8387
vn -0.3474 -0.4194 0.8387
vn -0.3798 0.1228 0.9169
vn -0.1920 0.8650 0.4636
vn -0.1920 -0.8650 0.4636
vn -0.3798 -0.1228 0.9169
vn -0.3474 0.4194 0.8387
vn -0.8387 -0.4194 0.3474
vn -0.9169 0.1228 0.3798
vn -0.4636 0.8650 0.1920
vn -0.4636 -0.8650 0.1920
vn -0.9169 -0.1228 0.3798
vn -0.8387 0.4194 0.3474
vn -0.9169 0.1228 -0.3798
vn -0.4636 0.8650 -0.1920
vn -0.4636 -0.8650 -0.1920
vn -0.9169 -0.1228 -0.3798
vn -0.8387 0.4194 -0.3474
vn -0.8387 -0.4194 -0.3474
vn -0.1920 0.8650 -0.4636
vn -0.1920 -0.8650 -0.4636
vn -0.3798 -0.1228 -0.9169
vn -0.3474 0.4194 -0.8387
vn -0.3474 -0.4194 -0.8387
vn -0.3798 0.1228 -0.9169
vt 0.687500 0.000000
vt 0.750000 0.166667
vt 0.625000 0.166667
vt 0.750000 0.333333
vt 0.750000 0.500000
vt 0.625000 0.500000
vt 0.625000 0.333333
vt 0.750000 0.666667
vt 0.750000 0.833333
vt 0.625000 0.833333
vt 0.625000 0.666667
vt 0.687500 1.000000
vt 0.500000 0.833333
vt 0.500000 0.666667
vt 0.500000 0.333333
vt 0.500000 0.166667
vt 0.500000 0.500000
vt 0.562500 1.000000
vt 0.562500 0.000000
vt 0.375000 0.333333
vt 0.375000 0.166667
vt 0.375000 0.666667
vt 0.375000 0.500000
vt 0.437500 1.000000
vt 0.375000 0.833333
vt 0.437500 0.000000
vt 0.250000 0.333333
vt 0.250000 0.166667
vt 0.250000 0.666667
vt 0.250000 0.500000
vt 0.312500 1.000000
vt 0.250000 0.833333
vt 0.312500 0.000000
vt 0.125000 0.333333
vt 0.125000 0.166667
vt 0.125000 0.666667
vt 0.125000 0.500000
vt 0.187500 1.000000
vt 0.125000 0.833333
vt 0.187500 0.000000
vt 0.000000 0.333333
vt 0.000000 0.166667
vt 0.000000 0.666667
vt 0.000000 0.500000
vt 0.062500 1.000000
vt 0.000000 0.833333
vt 0.062500 0.000000
vt 1.000000 0.500000
vt 1.000000 0.666667
vt 0.875000 0.666667
vt 0.875000 0.500000
vt 1.000000 0.833333
vt 0.937500 1.000000
vt 0.875000 0.833333
vt 0.937500 0.000000
vt 1.000000 0.166667
vt 0.875000 0.166667
vt 1.000000 0.333333
vt 0.875000 0.333333
vt 0.812500 1.000000
vt 0.812500 0.000000
s 0
usemtl Flame
f 1435/2331/1207 1450/2332/1207 1413/2333/1207
f 1449/2334/1208 1448/2335/1208 1411/2336/1208 1412/2337/1208
f 1447/2338/1209 1446/2339/1209 1409/2340/1209 1410/2341/1209
f 1450/2332/1210 1449/2334/1210 1412/2337/1210 1413/2333/1210
f 1448/2335/1211 1447/2338/1211 1410/2341/1211 1411/2336/1211
f 1446/2339/1212 1429/2342/1212 1409/2340/1212
f 1410/2341/1213 1409/2340/1213 1414/2343/1213 1415/2344/1213
f 1413/2333/1214 1412/2337/1214 1417/2345/1214 1418/2346/1214
f 1411/2336/1215 1410/2341/1215 1415/2344/1215 1416/2347/1215
f 1409/2340/1216 1429/2348/1216 1414/2343/1216
f 1435/2349/1217 1413/2333/1217 1418/2346/1217
f 1412/2337/1218 1411/2336/1218 1416/2347/1218 1417/2345/1218
f 1418/2346/1219 1417/2345/1219 1422/2350/1219 1423/2351/1219
f 1416/2347/1220 1415/2344/1220 1420/2352/1220 1421/2353/1220
f 1414/2343/1221 1429/2354/1221 1419/2355/1221
f 1435/2356/1222 1418/2346/1222 1423/2351/1222
f 1417/2345/1223 1416/2347/1223 1421/2353/1223 1422/2350/1223
f 1415/2344/1224 1414/2343/1224 1419/2355/1224 1420/2352/1224
f 1423/2351/1225 1422/2350/1225 1427/2357/1225 1428/2358/1225
f 1421/2353/1226 1420/2352/1226 1425/2359/1226 1426/2360/1226
f 1419/2355/1227 1429/2361/1227 1424/2362/1227
f 1435/2363/1228 1423/2351/1228 1428/2358/1228
f 1422/2350/1229 1421/2353/1229 1426/2360/1229 1427/2357/1229
f 1420/2352/1230 1419/2355/1230 1424/2362/1230 1425/2359/1230
f 1428/2358/1231 1427/2357/1231 1433/2364/1231 1434/2365/1231
f 1426/2360/1232 1425/2359/1232 1431/2366/1232 1432/2367/1232
f 1424/2362/1233 1429/2368/1233 1430/2369/1233
f 1435/2370/1234 1428/2358/1234 1434/2365/1234
f 1427/2357/1235 1426/2360/1235 1432/2367/1235 1433/2364/1235
f 1425/2359/1236 1424/2362/1236 1430/2369/1236 1431/2366/1236
f 1434/2365/1237 1433/2364/1237 1439/2371/1237 1440/2372/1237
f 1432/2367/1238 1431/2366/1238 1437/2373/1238 1438/2374/1238
f 1430/2369/1239 1429/2375/1239 1436/2376/1239
f 1435/2377/1240 1434/2365/1240 1440/2372/1240
f 1433/2364/1241 1432/2367/1241 1438/2374/1241 1439/2371/1241
f 1431/2366/1242 1430/2369/1242 1436/2376/1242 1437/2373/1242
f 1438/2378/1243 1437/2379/1243 1442/2380/1243 1443/2381/1243
f 1436/2382/1244 1429/2383/1244 1441/2384/1244
f 1435/2385/1245 1440/2386/1245 1445/2387/1245
f 1439/2388/1246 1438/2378/1246 1443/2381/1246 1444/2389/1246
f 1437/2379/1247 1436/2382/1247 1441/2384/1247 1442/2380/1247
f 1440/2386/1248 1439/2388/1248 1444/2389/1248 1445/2387/1248
f 1441/2384/1249 1429/2390/1249 1446/2339/1249
f 1435/2391/1250 1445/2387/1250 1450/2332/1250
f 1444/2389/1251 1443/2381/1251 1448/2335/1251 1449/2334/1251
f 1442/2380/1252 1441/2384/1252 1446/2339/1252 1447/2338/1252
f 1445/2387/1253 1444/2389/1253 1449/2334/1253 1450/2332/1253
f 1443/2381/1254 1442/2380/1254 1447/2338/1254 1448/2335/1254
o Flame_1_1
v 0.221475 0.270124 -0.061365
v 0.223287 0.265000 -0.063176
v 0.223950 0.258000 -0.063839
v 0.223287 0.251000 -0.063176
v 0.221475 0.245876 -0.061365
v 0.222500 0.270124 -0.058890
v 0.225062 0.265000 -0.058890
v 0.226000 0.258000 -0.058890
v 0.225062 0.251000 -0.058890
v 0.222500 0.245876 -0.058890
v 0.221475 0.270124 -0.056415
v 0.223287 0.265000 -0.054603
v 0.223950 0.258000 -0.053940
v 0.223287 0.251000 -0.054603
v 0.221475 0.245876 -0.056415
v 0.219000 0.270124 -0.055390
v 0.219000 0.265000 -0.052828
v 0.219000 0.258000 -0.051890
v 0.219000 0.251000 -0.052828
v 0.219000 0.245876 -0.055390
v 0.219000 0.272000 -0.058890
v 0.216525 0.270124 -0.056415
v 0.214713 0.265000 -0.054603
v 0.214050 0.258000 -0.053940
v 0.214713 0.251000 -0.054603
v 0.216525 0.245876 -0.056415
v 0.219000 0.244000 -0.058890
v 0.215500 0.270124 -0.058890
v 0.212938 0.265000 -0.058890
v 0.212000 0.258000 -0.058890
v 0.212938 0.251000 -0.058890
v 0.215500 0.245876 -0.058890
v 0.216525 0.270124 -0.061365
v 0.214713 0.265000 -0.063176
v 0.214050 0.258000 -0.063839
v 0.214713 0.251000 -0.063176
v 0.216525 0.245876 -0.061365
v 0.219000 0.270124 -0.062390
v 0.219000 0.265000 -0.064952
v 0.219000 0.258000 -0.065890
v 0.219000 0.251000 -0.064952
v 0.219000 0.245876 -0.062390
vn 0.3474 -0.4194 -0.8387
vn 0.3798 0.1228 -0.9169
vn 0.1920 0.8650 -0.4636
vn 0.1920 -0.8650 -0.4636
vn 0.3798 -0.1228 -0.9169
vn 0.3474 0.4194 -0.8387
vn 0.8387 -0.4194 -0.3474
vn 0.9169 0.1228 -0.3798
vn 0.4636 0.8650 -0.1920
vn 0.4636 -0.8650 -0.1920
vn 0.9169 -0.1228 -0.3798
vn 0.8387 0.4194 -0.3474
vn 0.9169 0.1228 0.3798
vn 0.4636 0.8650 0.1920
vn 0.4636 -0.8650 0.1920
vn 0.9169 -0.1228 0.3798
vn 0.8387 0.4194 0.3474
vn 0.8387 -0.4194 0.3474
vn 0.1920 0.8650 0.4636
vn 0.1920 -0.8650 0.4636
vn 0.3798 -0.1228 0.9169
vn 0.3474 0.4194 0.8387
vn 0.3474 -0.4194 0.8387
vn 0.3798 0.1228 0.9169
vn -0.1920 -0.8650 0.4636
vn -0.3798 -0.1228 0.9169
vn -0.3474 0.4194 0.8387
vn -0.3474 -0.4194 0.8387
vn -0.3798 0.1228 0.9169
vn -0.1920 0.8650 0.4636
vn -0.4636 -0.8650 0.1920
vn -0.9169 -0.1228 0.3798
vn -0.8387 0.4194 0.3474
vn -0.8387 -0.4194 0.3474
vn -0.9169 0.1228 0.3798
vn -0.4636 0.8650 0.1920
vn -0.4636 -0.8650 -0.1920
vn -0.9169 -0.1228 -0.3798
vn -0.8387 0.4194 -0.3474
vn -0.8387 -0.4194 -0.3474
vn -0.9169 0.1228 -0.3798
vn -0.4636 0.8650 -0.1920
vn -0.3798 -0.1228 -0.9169
vn -0.3474 0.4194 -0.8387
vn -0.3474 -0.4194 -0.8387
vn -0.3798 0.1228 -0.9169
vn -0.1920 0.8650 -0.4636
vn -0.1920 -0.8650 -0.4636
vt 0.750000 0.166667
vt 0.750000 0.333333
vt 0.625000 0.333333
vt 0.625000 0.166667
vt 0.750000 0.500000
vt 0.750000 0.666667
vt 0.625000 0.666667
vt 0.625000 0.500000
vt 0.750000 0.833333
vt 0.687500 1.000000
vt 0.625000 0.833333
vt 0.687500 0.000000
vt 0.500000 0.333333
vt 0.500000 0.166667
vt 0.500000 0.666667
vt 0.500000 0.500000
vt 0.562500 1.000000
vt 0.500000 0.833333
vt 0.562500 0.000000
vt 0.375000 0.666667
vt 0.375000 0.500000
vt 0.437500 1.000000
vt 0.375000 0.833333
vt 0.437500 0.000000
vt 0.375000 0.166667
vt 0.375000 0.333333
vt 0.312500 1.000000
vt 0.250000 0.833333
vt 0.312500 0.000000
vt 0.250000 0.166667
vt 0.250000 0.500000
vt 0.250000 0.333333
vt 0.250000 0.666667
vt 0.187500 0.000000
vt 0.125000 0.166667
vt 0.125000 0.500000
vt 0.125000 0.333333
vt 0.125000 0.833333
vt 0.125000 0.666667
vt 0.187500 1.000000
vt 0.062500 0.000000
vt 0.000000 0.166667
vt 0.000000 0.500000
vt 0.000000 0.333333
vt 0.000000 0.833333
vt 0.000000 0.666667
vt 0.062500 1.000000
vt 0.937500 0.000000
vt 1.000000 0.166667
vt 0.875000 0.166667
vt 1.000000 0.333333
vt 1.000000 0.500000
vt 0.875000 0.500000
vt 0.875000 0.333333
vt 1.000000 0.666667
vt 1.000000 0.833333
vt 0.875000 0.833333
vt 0.875000 0.666667
vt 0.937500 1.000000
vt 0.812500 1.000000
vt 0.812500 0.000000
s 0
usemtl Flame
f 1492/2392/1255 1491/2393/1255 1454/2394/1255 1455/2395/1255
f 1490/2396/1256 1489/2397/1256 1452/2398/1256 1453/2399/1256
f 1488/2400/1257 1471/2401/1257 1451/2402/1257
f 1477/2403/1258 1492/2392/1258 1455/2395/1258
f 1491/2393/1259 1490/2396/1259 1453/2399/1259 1454/2394/1259
f 1489/2397/1260 1488/2400/1260 1451/2402/1260 1452/2398/1260
f 1455/2395/1261 1454/2394/1261 1459/2404/1261 1460/2405/1261
f 1453/2399/1262 1452/2398/1262 1457/2406/1262 1458/2407/1262
f 1451/2402/1263 1471/2408/1263 1456/2409/1263
f 1477/2410/1264 1455/2395/1264 1460/2405/1264
f 1454/2394/1265 1453/2399/1265 1458/2407/1265 1459/2404/1265
f 1452/2398/1266 1451/2402/1266 1456/2409/1266 1457/2406/1266
f 1458/2407/1267 1457/2406/1267 1462/2411/1267 1463/2412/1267
f 1456/2409/1268 1471/2413/1268 1461/2414/1268
f 1477/2415/1269 1460/2405/1269 1465/2416/1269
f 1459/2404/1270 1458/2407/1270 1463/2412/1270 1464/2417/1270
f 1457/2406/1271 1456/2409/1271 1461/2414/1271 1462/2411/1271
f 1460/2405/1272 1459/2404/1272 1464/2417/1272 1465/2416/1272
f 1461/2414/1273 1471/2418/1273 1466/2419/1273
f 1477/2420/1274 1465/2416/1274 1470/2421/1274
f 1464/2417/1275 1463/2412/1275 1468/2422/1275 1469/2423/1275
f 1462/2411/1276 1461/2414/1276 1466/2419/1276 1467/2424/1276
f 1465/2416/1277 1464/2417/1277 1469/2423/1277 1470/2421/1277
f 1463/2412/1278 1462/2411/1278 1467/2424/1278 1468/2422/1278
f 1477/2425/1279 1470/2421/1279 1476/2426/1279
f 1469/2423/1280 1468/2422/1280 1474/2427/1280 1475/2428/1280
f 1467/2424/1281 1466/2419/1281 1472/2429/1281 1473/2430/1281
f 1470/2421/1282 1469/2423/1282 1475/2428/1282 1476/2426/1282
f 1468/2422/1283 1467/2424/1283 1473/2430/1283 1474/2427/1283
f 1466/2419/1284 1471/2431/1284 1472/2429/1284
f 1477/2432/1285 1476/2426/1285 1482/2433/1285
f 1475/2428/1286 1474/2427/1286 1480/2434/1286 1481/2435/1286
f 1473/2430/1287 1472/2429/1287 1478/2436/1287 1479/2437/1287
f 1476/2426/1288 1475/2428/1288 1481/2435/1288 1482/2433/1288
f 1474/2427/1289 1473/2430/1289 1479/2437/1289 1480/2434/1289
f 1472/2429/1290 1471/2438/1290 1478/2436/1290
f 1477/2439/1291 1482/2440/1291 1487/2441/1291
f 1481/2442/1292 1480/2443/1292 1485/2444/1292 1486/2445/1292
f 1479/2446/1293 1478/2447/1293 1483/2448/1293 1484/2449/1293
f 1482/2440/1294 1481/2442/1294 1486/2445/1294 1487/2441/1294
f 1480/2443/1295 1479/2446/1295 1484/2449/1295 1485/2444/1295
f 1478/2447/1296 1471/2450/1296 1483/2448/1296
f 1486/2445/1297 1485/2444/1297 1490/2396/1297 1491/2393/1297
f 1484/2449/1298 1483/2448/1298 1488/2400/1298 1489/2397/1298
f 1487/2441/1299 1486/2445/1299 1491/2393/1299 1492/2392/1299
f 1485/2444/1300 1484/2449/1300 1489/2397/1300 1490/2396/1300
f 1483/2448/1301 1471/2451/1301 1488/2400/1301
f 1477/2452/1302 1487/2441/1302 1492/2392/1302
o Flame_1_2
v 0.153475 0.270124 -0.061365
v 0.155287 0.265000 -0.063176
v 0.155950 0.258000 -0.063839
v 0.155287 0.251000 -0.063176
v 0.153475 0.245876 -0.061365
v 0.154500 0.270124 -0.058890
v 0.157062 0.265000 -0.058890
v 0.158000 0.258000 -0.058890
v 0.157062 0.251000 -0.058890
v 0.154500 0.245876 -0.058890
v 0.153475 0.270124 -0.056415
v 0.155287 0.265000 -0.054603
v 0.155950 0.258000 -0.053940
v 0.155287 0.251000 -0.054603
v 0.153475 0.245876 -0.056415
v 0.151000 0.270124 -0.055390
v 0.151000 0.265000 -0.052828
v 0.151000 0.258000 -0.051890
v 0.151000 0.251000 -0.052828
v 0.151000 0.245876 -0.055390
v 0.151000 0.272000 -0.058890
v 0.148525 0.270124 -0.056415
v 0.146713 0.265000 -0.054603
v 0.146050 0.258000 -0.053940
v 0.146713 0.251000 -0.054603
v 0.148525 0.245876 -0.056415
v 0.151000 0.244000 -0.058890
v 0.147500 0.270124 -0.058890
v 0.144938 0.265000 -0.058890
v 0.144000 0.258000 -0.058890
v 0.144938 0.251000 -0.058890
v 0.147500 0.245876 -0.058890
v 0.148525 0.270124 -0.061365
v 0.146713 0.265000 -0.063176
v 0.146050 0.258000 -0.063839
v 0.146713 0.251000 -0.063176
v 0.148525 0.245876 -0.061365
v 0.151000 0.270124 -0.062390
v 0.151000 0.265000 -0.064952
v 0.151000 0.258000 -0.065890
v 0.151000 0.251000 -0.064952
v 0.151000 0.245876 -0.062390
vn 0.3798 0.1228 -0.9169
vn 0.1920 0.8650 -0.4636
vn 0.1920 -0.8650 -0.4636
vn 0.3798 -0.1228 -0.9169
vn 0.3474 0.4194 -0.8387
vn 0.3474 -0.4194 -0.8387
vn 0.4636 -0.8650 -0.1920
vn 0.9169 -0.1228 -0.3798
vn 0.8387 0.4194 -0.3474
vn 0.8387 -0.4194 -0.3474
vn 0.9169 0.1228 -0.3798
vn 0.4636 0.8650 -0.1920
vn 0.4636 -0.8650 0.1920
vn 0.9169 -0.1228 0.3798
vn 0.8387 0.4194 0.3474
vn 0.8387 -0.4194 0.3474
vn 0.9169 0.1228 0.3798
vn 0.4636 0.8650 0.1920
vn 0.3798 -0.1228 0.9169
vn 0.3474 0.4194 0.8387
vn 0.3474 -0.4194 0.8387
vn 0.3798 0.1228 0.9169
vn 0.1920 0.8650 0.4636
vn 0.1920 -0.8650 0.4636
vn -0.3474 0.4194 0.8387
vn -0.3474 -0.4194 0.8387
vn -0.3798 0.1228 0.9169
vn -0.1920 0.8650 0.4636
vn -0.1920 -0.8650 0.4636
vn -0.3798 -0.1228 0.9169
vn -0.8387 -0.4194 0.3474
vn -0.9169 0.1228 0.3798
vn -0.4636 0.8650 0.1920
vn -0.4636 -0.8650 0.1920
vn -0.9169 -0.1228 0.3798
vn -0.8387 0.4194 0.3474
vn -0.8387 -0.4194 -0.3474
vn -0.9169 0.1228 -0.3798
vn -0.4636 0.8650 -0.1920
vn -0.4636 -0.8650 -0.1920
vn -0.9169 -0.1228 -0.3798
vn -0.8387 0.4194 -0.3474
vn -0.3474 -0.4194 -0.8387
vn -0.3798 0.1228 -0.9169
vn -0.1920 0.8650 -0.4636
vn -0.1920 -0.8650 -0.4636
vn -0.3798 -0.1228 -0.9169
vn -0.3474 0.4194 -0.8387
vt 0.750000 0.500000
vt 0.750000 0.666667
vt 0.625000 0.666667
vt 0.625000 0.500000
vt 0.750000 0.833333
vt 0.687500 1.000000
vt 0.625000 0.833333
vt 0.687500 0.000000
vt 0.750000 0.166667
vt 0.625000 0.166667
vt 0.750000 0.333333
vt 0.625000 0.333333
vt 0.562500 0.000000
vt 0.500000 0.166667
vt 0.500000 0.500000
vt 0.500000 0.333333
vt 0.500000 0.833333
vt 0.500000 0.666667
vt 0.562500 1.000000
vt 0.437500 0.000000
vt 0.375000 0.166667
vt 0.375000 0.500000
vt 0.375000 0.333333
vt 0.375000 0.833333
vt 0.375000 0.666667
vt 0.437500 1.000000
vt 0.250000 0.500000
vt 0.250000 0.333333
vt 0.250000 0.833333
vt 0.250000 0.666667
vt 0.250000 0.166667
vt 0.312500 1.000000
vt 0.312500 0.000000
vt 0.125000 0.833333
vt 0.125000 0.666667
vt 0.125000 0.333333
vt 0.125000 0.166667
vt 0.125000 0.500000
vt 0.187500 1.000000
vt 0.187500 0.000000
vt 0.000000 0.333333
vt 0.000000 0.166667
vt 0.000000 0.666667
vt 0.000000 0.500000
vt 0.062500 1.000000
vt 0.000000 0.833333
vt 0.062500 0.000000
vt 1.000000 0.166667
vt 1.000000 0.333333
vt 0.875000 0.333333
vt 0.875000 0.166667
vt 1.000000 0.500000
vt 1.000000 0.666667
vt 0.875000 0.666667
vt 0.875000 0.500000
vt 1.000000 0.833333
vt 0.937500 1.000000
vt 0.875000 0.833333
vt 0.937500 0.000000
vt 0.812500 1.000000
vt 0.812500 0.000000
s 0
usemtl Flame
f 1532/2453/1303 1531/2454/1303 1494/2455/1303 1495/2456/1303
f 1530/2457/1304 1513/2458/1304 1493/2459/1304
f 1519/2460/1305 1534/2461/1305 1497/2462/1305
f 1533/2463/1306 1532/2453/1306 1495/2456/1306 1496/2464/1306
f 1531/2454/1307 1530/2457/1307 1493/2459/1307 1494/2455/1307
f 1534/2461/1308 1533/2463/1308 1496/2464/1308 1497/2462/1308
f 1519/2465/1309 1497/2462/1309 1502/2466/1309
f 1496/2464/1310 1495/2456/1310 1500/2467/1310 1501/2468/1310
f 1494/2455/1311 1493/2459/1311 1498/2469/1311 1499/2470/1311
f 1497/2462/1312 1496/2464/1312 1501/2468/1312 1502/2466/1312
f 1495/2456/1313 1494/2455/1313 1499/2470/1313 1500/2467/1313
f 1493/2459/1314 1513/2471/1314 1498/2469/1314
f 1519/2472/1315 1502/2466/1315 1507/2473/1315
f 1501/2468/1316 1500/2467/1316 1505/2474/1316 1506/2475/1316
f 1499/2470/1317 1498/2469/1317 1503/2476/1317 1504/2477/1317
f 1502/2466/1318 1501/2468/1318 1506/2475/1318 1507/2473/1318
f 1500/2467/1319 1499/2470/1319 1504/2477/1319 1505/2474/1319
f 1498/2469/1320 1513/2478/1320 1503/2476/1320
f 1506/2475/1321 1505/2474/1321 1510/2479/1321 1511/2480/1321
f 1504/2477/1322 1503/2476/1322 1508/2481/1322 1509/2482/1322
f 1507/2473/1323 1506/2475/1323 1511/2480/1323 1512/2483/1323
f 1505/2474/1324 1504/2477/1324 1509/2482/1324 1510/2479/1324
f 1503/2476/1325 1513/2484/1325 1508/2481/1325
f 1519/2485/1326 1507/2473/1326 1512/2483/1326
f 1509/2482/1327 1508/2481/1327 1514/2486/1327 1515/2487/1327
f 1512/2483/1328 1511/2480/1328 1517/2488/1328 1518/2489/1328
f 1510/2479/1329 1509/2482/1329 1515/2487/1329 1516/2490/1329
f 1508/2481/1330 1513/2491/1330 1514/2486/1330
f 1519/2492/1331 1512/2483/1331 1518/2489/1331
f 1511/2480/1332 1510/2479/1332 1516/2490/1332 1517/2488/1332
f 1518/2489/1333 1517/2488/1333 1523/2493/1333 1524/2494/1333
f 1516/2490/1334 1515/2487/1334 1521/2495/1334 1522/2496/1334
f 1514/2486/1335 1513/2497/1335 1520/2498/1335
f 1519/2499/1336 1518/2489/1336 1524/2494/1336
f 1517/2488/1337 1516/2490/1337 1522/2496/1337 1523/2493/1337
f 1515/2487/1338 1514/2486/1338 1520/2498/1338 1521/2495/1338
f 1524/2500/1339 1523/2501/1339 1528/2502/1339 1529/2503/1339
f 1522/2504/1340 1521/2505/1340 1526/2506/1340 1527/2507/1340
f 1520/2508/1341 1513/2509/1341 1525/2510/1341
f 1519/2511/1342 1524/2500/1342 1529/2503/1342
f 1523/2501/1343 1522/2504/1343 1527/2507/1343 1528/2502/1343
f 1521/2505/1344 1520/2508/1344 1525/2510/1344 1526/2506/1344
f 1529/2503/1345 1528/2502/1345 1533/2463/1345 1534/2461/1345
f 1527/2507/1346 1526/2506/1346 1531/2454/1346 1532/2453/1346
f 1525/2510/1347 1513/2512/1347 1530/2457/1347
f 1519/2513/1348 1529/2503/1348 1534/2461/1348
f 1528/2502/1349 1527/2507/1349 1532/2453/1349 1533/2463/1349
f 1526/2506/1350 1525/2510/1350 1530/2457/1350 1531/2454/1350
o Flame_1_3
v 0.119475 0.270124 -0.002475
v 0.121287 0.265000 -0.004287
v 0.121950 0.258000 -0.004950
v 0.121287 0.251000 -0.004287
v 0.119475 0.245876 -0.002475
v 0.120500 0.270124 -0.000000
v 0.123062 0.265000 -0.000000
v 0.124000 0.258000 -0.000000
v 0.123062 0.251000 -0.000000
v 0.120500 0.245876 -0.000000
v 0.119475 0.270124 0.002475
v 0.121287 0.265000 0.004287
v 0.121950 0.258000 0.004950
v 0.121287 0.251000 0.004287
v 0.119475 0.245876 0.002475
v 0.117000 0.270124 0.003500
v 0.117000 0.265000 0.006062
v 0.117000 0.258000 0.007000
v 0.117000 0.251000 0.006062
v 0.117000 0.245876 0.003500
v 0.117000 0.272000 -0.000000
v 0.114525 0.270124 0.002475
v 0.112713 0.265000 0.004287
v 0.112050 0.258000 0.004950
v 0.112713 0.251000 0.004287
v 0.114525 0.245876 0.002475
v 0.117000 0.244000 -0.000000
v 0.113500 0.270124 -0.000000
v 0.110938 0.265000 -0.000000
v 0.110000 0.258000 -0.000000
v 0.110938 0.251000 -0.000000
v 0.113500 0.245876 -0.000000
v 0.114525 0.270124 -0.002475
v 0.112713 0.265000 -0.004287
v 0.112050 0.258000 -0.004950
v 0.112713 0.251000 -0.004287
v 0.114525 0.245876 -0.002475
v 0.117000 0.270124 -0.003500
v 0.117000 0.265000 -0.006062
v 0.117000 0.258000 -0.007000
v 0.117000 0.251000 -0.006062
v 0.117000 0.245876 -0.003500
vn 0.1920 -0.8650 -0.4636
vn 0.3798 -0.1228 -0.9169
vn 0.3474 0.4194 -0.8387
vn 0.3474 -0.4194 -0.8387
vn 0.3798 0.1228 -0.9169
vn 0.1920 0.8650 -0.4636
vn 0.8387 -0.4194 -0.3474
vn 0.9169 0.1228 -0.3798
vn 0.4636 0.8650 -0.1920
vn 0.4636 -0.8650 -0.1920
vn 0.9169 -0.1228 -0.3798
vn 0.8387 0.4194 -0.3474
vn 0.8387 -0.4194 0.3474
vn 0.9169 0.1228 0.3798
vn 0.4636 0.8650 0.1920
vn 0.4636 -0.8650 0.1920
vn 0.9169 -0.1228 0.3798
vn 0.8387 0.4194 0.3474
vn 0.3474 -0.4194 0.8387
vn 0.3798 0.1228 0.9169
vn 0.1920 0.8650 0.4636
vn 0.1920 -0.8650 0.4636
vn 0.3798 -0.1228 0.9169
vn 0.3474 0.4194 0.8387
vn -0.3474 -0.4194 0.8387
vn -0.3798 0.1228 0.9169
vn -0.1920 0.8650 0.4636
vn -0.1920 -0.8650 0.4636
vn -0.3798 -0.1228 0.9169
vn -0.3474 0.4194 0.8387
vn -0.9169 0.1228 0.3798
vn -0.4636 0.8650 0.1920
vn -0.4636 -0.8650 0.1920
vn -0.9169 -0.1228 0.3798
vn -0.8387 0.4194 0.3474
vn -0.8387 -0.4194 0.3474
vn -0.4636 0.8650 -0.1920
vn -0.4636 -0.8650 -0.1920
vn -0.9169 -0.1228 -0.3798
vn -0.8387 0.4194 -0.3474
vn -0.8387 -0.4194 -0.3474
vn -0.9169 0.1228 -0.3798
vn -0.1920 -0.8650 -0.4636
vn -0.3798 -0.1228 -0.9169
vn -0.3474 0.4194 -0.8387
vn -0.3474 -0.4194 -0.8387
vn -0.3798 0.1228 -0.9169
vn -0.1920 0.8650 -0.4636
vt 0.687500 0.000000
vt 0.750000 0.166667
vt 0.625000 0.166667
vt 0.750000 0.333333
vt 0.750000 0.500000
vt 0.625000 0.500000
vt 0.625000 0.333333
vt 0.750000 0.666667
vt 0.750000 0.833333
vt 0.625000 0.833333
vt 0.625000 0.666667
vt 0.687500 1.000000
vt 0.500000 0.333333
vt 0.500000 0.166667
vt 0.500000 0.666667
vt 0.500000 0.500000
vt 0.562500 1.000000
vt 0.500000 0.833333
vt 0.562500 0.000000
vt 0.375000 0.333333
vt 0.375000 0.166667
vt 0.375000 0.666667
vt 0.375000 0.500000
vt 0.437500 1.000000
vt 0.375000 0.833333
vt 0.437500 0.000000
vt 0.250000 0.333333
vt 0.250000 0.166667
vt 0.250000 0.666667
vt 0.250000 0.500000
vt 0.312500 1.000000
vt 0.250000 0.833333
vt 0.312500 0.000000
vt 0.125000 0.333333
vt 0.125000 0.166667
vt 0.125000 0.666667
vt 0.125000 0.500000
vt 0.187500 1.000000
vt 0.125000 0.833333
vt 0.187500 0.000000
vt 0.000000 0.666667
vt 0.000000 0.500000
vt 0.062500 1.000000
vt 0.000000 0.833333
vt 0.062500 0.000000
vt 0.000000 0.166667
vt 0.000000 0.333333
vt 1.000000 0.833333
vt 0.937500 1.000000
vt 0.875000 0.833333
vt 0.937500 0.000000
vt 1.000000 0.166667
vt 0.875000 0.166667
vt 1.000000 0.333333
vt 1.000000 0.500000
vt 0.875000 0.500000
vt 0.875000 0.333333
vt 1.000000 0.666667
vt 0.875000 0.666667
vt 0.812500 0.000000
vt 0.812500 1.000000
s 0
usemtl Flame
f 1561/2514/1351 1576/2515/1351 1539/2516/1351
f 1575/2517/1352 1574/2518/1352 1537/2519/1352 1538/2520/1352
f 1573/2521/1353 1572/2522/1353 1535/2523/1353 1536/2524/1353
f 1576/2515/1354 1575/2517/1354 1538/2520/1354 1539/2516/1354
f 1574/2518/1355 1573/2521/1355 1536/2524/1355 1537/2519/1355
f 1572/2522/1356 1555/2525/1356 1535/2523/1356
f 1539/2516/1357 1538/2520/1357 1543/2526/1357 1544/2527/1357
f 1537/2519/1358 1536/2524/1358 1541/2528/1358 1542/2529/1358
f 1535/2523/1359 1555/2530/1359 1540/2531/1359
f 1561/2532/1360 1539/2516/1360 1544/2527/1360
f 1538/2520/1361 1537/2519/1361 1542/2529/1361 1543/2526/1361
f 1536/2524/1362 1535/2523/1362 1540/2531/1362 1541/2528/1362
f 1544/2527/1363 1543/2526/1363 1548/2533/1363 1549/2534/1363
f 1542/2529/1364 1541/2528/1364 1546/2535/1364 1547/2536/1364
f 1540/2531/1365 1555/2537/1365 1545/2538/1365
f 1561/2539/1366 1544/2527/1366 1549/2534/1366
f 1543/2526/1367 1542/2529/1367 1547/2536/1367 1548/2533/1367
f 1541/2528/1368 1540/2531/1368 1545/2538/1368 1546/2535/1368
f 1549/2534/1369 1548/2533/1369 1553/2540/1369 1554/2541/1369
f 1547/2536/1370 1546/2535/1370 1551/2542/1370 1552/2543/1370
f 1545/2538/1371 1555/2544/1371 1550/2545/1371
f 1561/2546/1372 1549/2534/1372 1554/2541/1372
f 1548/2533/1373 1547/2536/1373 1552/2543/1373 1553/2540/1373
f 1546/2535/1374 1545/2538/1374 1550/2545/1374 1551/2542/1374
f 1554/2541/1375 1553/2540/1375 1559/2547/1375 1560/2548/1375
f 1552/2543/1376 1551/2542/1376 1557/2549/1376 1558/2550/1376
f 1550/2545/1377 1555/2551/1377 1556/2552/1377
f 1561/2553/1378 1554/2541/1378 1560/2548/1378
f 1553/2540/1379 1552/2543/1379 1558/2550/1379 1559/2547/1379
f 1551/2542/1380 1550/2545/1380 1556/2552/1380 1557/2549/1380
f 1558/2550/1381 1557/2549/1381 1563/2554/1381 1564/2555/1381
f 1556/2552/1382 1555/2556/1382 1562/2557/1382
f 1561/2558/1383 1560/2548/1383 1566/2559/1383
f 1559/2547/1384 1558/2550/1384 1564/2555/1384 1565/2560/1384
f 1557/2549/1385 1556/2552/1385 1562/2557/1385 1563/2554/1385
f 1560/2548/1386 1559/2547/1386 1565/2560/1386 1566/2559/1386
f 1562/2561/1387 1555/2562/1387 1567/2563/1387
f 1561/2564/1388 1566/2565/1388 1571/2566/1388
f 1565/2567/1389 1564/2568/1389 1569/2569/1389 1570/2570/1389
f 1563/2571/1390 1562/2561/1390 1567/2563/1390 1568/2572/1390
f 1566/2565/1391 1565/2567/1391 1570/2570/1391 1571/2566/1391
f 1564/2568/1392 1563/2571/1392 1568/2572/1392 1569/2569/1392
f 1561/2573/1393 1571/2566/1393 1576/2515/1393
f 1570/2570/1394 1569/2569/1394 1574/2518/1394 1575/2517/1394
f 1568/2572/1395 1567/2563/1395 1572/2522/1395 1573/2521/1395
f 1571/2566/1396 1570/2570/1396 1575/2517/1396 1576/2515/1396
f 1569/2569/1397 1568/2572/1397 1573/2521/1397 1574/2518/1397
f 1567/2563/1398 1555/2574/1398 1572/2522/1398
o Flame_1_4
v 0.153475 0.270124 0.056415
v 0.155287 0.265000 0.054603
v 0.155950 0.258000 0.053940
v 0.155287 0.251000 0.054603
v 0.153475 0.245876 0.056415
v 0.154500 0.270124 0.058890
v 0.157062 0.265000 0.058890
v 0.158000 0.258000 0.058890
v 0.157062 0.251000 0.058890
v 0.154500 0.245876 0.058890
v 0.153475 0.270124 0.061365
v 0.155287 0.265000 0.063176
v 0.155950 0.258000 0.063839
v 0.155287 0.251000 0.063176
v 0.153475 0.245876 0.061365
v 0.151000 0.270124 0.062390
v 0.151000 0.265000 0.064952
v 0.151000 0.258000 0.065890
v 0.151000 0.251000 0.064952
v 0.151000 0.245876 0.062390
v 0.151000 0.272000 0.058890
v 0.148525 0.270124 0.061365
v 0.146713 0.265000 0.063176
v 0.146050 0.258000 0.063839
v 0.146713 0.251000 0.063176
v 0.148525 0.245876 0.061365
v 0.151000 0.244000 0.058890
v 0.147500 0.270124 0.058890
v 0.144938 0.265000 0.058890
v 0.144000 0.258000 0.058890
v 0.144938 0.251000 0.058890
v 0.147500 0.245876 0.058890
v 0.148525 0.270124 0.056415
v 0.146713 0.265000 0.054603
v 0.146050 0.258000 0.053940
v 0.146713 0.251000 0.054603
v 0.148525 0.245876 0.056415
v 0.151000 0.270124 0.055390
v 0.151000 0.265000 0.052828
v 0.151000 0.258000 0.051890
v 0.151000 0.251000 0.052828
v 0.151000 0.245876 0.055390
vn 0.3474 -0.4194 -0.8387
vn 0.3798 0.1228 -0.9169
vn 0.1920 0.8650 -0.4636
vn 0.1920 -0.8650 -0.4636
vn 0.3798 -0.1228 -0.9169
vn 0.3474 0.4194 -0.8387
vn 0.9169 0.1228 -0.3798
vn 0.4636 0.8650 -0.1920
vn 0.4636 -0.8650 -0.1920
vn 0.9169 -0.1228 -0.3798
vn 0.8387 0.4194 -0.3474
vn 0.8387 -0.4194 -0.3474
vn 0.4636 0.8650 0.1920
vn 0.4636 -0.8650 0.1920
vn 0.9169 -0.1228 0.3798
vn 0.8387 0.4194 0.3474
vn 0.8387 -0.4194 0.3474
vn 0.9169 0.1228 0.3798
vn 0.1920 -0.8650 0.4636
vn 0.3798 -0.1228 0.9169
vn 0.3474 0.4194 0.8387
vn 0.3474 -0.4194 0.8387
vn 0.3798 0.1228 0.9169
vn 0.1920 0.8650 0.4636
vn -0.1920 -0.8650 0.4636
vn -0.3798 -0.1228 0.9169
vn -0.3474 0.4194 0.8387
vn -0.3474 -0.4194 0.8387
vn -0.3798 0.1228 0.9169
vn -0.1920 0.8650 0.4636
vn -0.4636 -0.8650 0.1920
vn -0.9169 -0.1228 0.3798
vn -0.8387 0.4194 0.3474
vn -0.8387 -0.4194 0.3474
vn -0.9169 0.1228 0.3798
vn -0.4636 0.8650 0.1920
vn -0.9169 -0.1228 -0.3798
vn -0.8387 0.4194 -0.3474
vn -0.8387 -0.4194 -0.3474
vn -0.9169 0.1228 -0.3798
vn -0.4636 0.8650 -0.1920
vn -0.4636 -0.8650 -0.1920
vn -0.3474 0.4194 -0.8387
vn -0.3474 -0.4194 -0.8387
vn -0.3798 0.1228 -0.9169
vn -0.1920 0.8650 -0.4636
vn -0.1920 -0.8650 -0.4636
vn -0.3798 -0.1228 -0.9169
vt 0.750000 0.166667
vt 0.750000 0.333333
vt 0.625000 0.333333
vt 0.625000 0.166667
vt 0.750000 0.500000
vt 0.750000 0.666667
vt 0.625000 0.666667
vt 0.625000 0.500000
vt 0.750000 0.833333
vt 0.687500 1.000000
vt 0.625000 0.833333
vt 0.687500 0.000000
vt 0.500000 0.666667
vt 0.500000 0.500000
vt 0.562500 1.000000
vt 0.500000 0.833333
vt 0.562500 0.000000
vt 0.500000 0.166667
vt 0.500000 0.333333
vt 0.437500 1.000000
vt 0.375000 0.833333
vt 0.437500 0.000000
vt 0.375000 0.166667
vt 0.375000 0.500000
vt 0.375000 0.333333
vt 0.375000 0.666667
vt 0.312500 0.000000
vt 0.250000 0.166667
vt 0.250000 0.500000
vt 0.250000 0.333333
vt 0.250000 0.833333
vt 0.250000 0.666667
vt 0.312500 1.000000
vt 0.187500 0.000000
vt 0.125000 0.166667
vt 0.125000 0.500000
vt 0.125000 0.333333
vt 0.125000 0.833333
vt 0.125000 0.666667
vt 0.187500 1.000000
vt 0.062500 0.000000
vt 0.000000 0.166667
vt 0.000000 0.500000
vt 0.000000 0.333333
vt 0.000000 0.833333
vt 0.000000 0.666667
vt 0.062500 1.000000
vt 1.000000 0.333333
vt 1.000000 0.500000
vt 0.875000 0.500000
vt 0.875000 0.333333
vt 1.000000 0.666667
vt 1.000000 0.833333
vt 0.875000 0.833333
vt 0.875000 0.666667
vt 1.000000 0.166667
vt 0.875000 0.166667
vt 0.937500 1.000000
vt 0.937500 0.000000
vt 0.812500 1.000000
vt 0.812500 0.000000
s 0
usemtl Flame
f 1618/2575/1399 1617/2576/1399 1580/2577/1399 1581/2578/1399
f 1616/2579/1400 1615/2580/1400 1578/2581/1400 1579/2582/1400
f 1614/2583/1401 1597/2584/1401 1577/2585/1401
f 1603/2586/1402 1618/2575/1402 1581/2578/1402
f 1617/2576/1403 1616/2579/1403 1579/2582/1403 1580/2577/1403
f 1615/2580/1404 1614/2583/1404 1577/2585/1404 1578/2581/1404
f 1579/2582/1405 1578/2581/1405 1583/2587/1405 1584/2588/1405
f 1577/2585/1406 1597/2589/1406 1582/2590/1406
f 1603/2591/1407 1581/2578/1407 1586/2592/1407
f 1580/2577/1408 1579/2582/1408 1584/2588/1408 1585/2593/1408
f 1578/2581/1409 1577/2585/1409 1582/2590/1409 1583/2587/1409
f 1581/2578/1410 1580/2577/1410 1585/2593/1410 1586/2592/1410
f 1582/2590/1411 1597/2594/1411 1587/2595/1411
f 1603/2596/1412 1586/2592/1412 1591/2597/1412
f 1585/2593/1413 1584/2588/1413 1589/2598/1413 1590/2599/1413
f 1583/2587/1414 1582/2590/1414 1587/2595/1414 1588/2600/1414
f 1586/2592/1415 1585/2593/1415 1590/2599/1415 1591/2597/1415
f 1584/2588/1416 1583/2587/1416 1588/2600/1416 1589/2598/1416
f 1603/2601/1417 1591/2597/1417 1596/2602/1417
f 1590/2599/1418 1589/2598/1418 1594/2603/1418 1595/2604/1418
f 1588/2600/1419 1587/2595/1419 1592/2605/1419 1593/2606/1419
f 1591/2597/1420 1590/2599/1420 1595/2604/1420 1596/2602/1420
f 1589/2598/1421 1588/2600/1421 1593/2606/1421 1594/2603/1421
f 1587/2595/1422 1597/2607/1422 1592/2605/1422
f 1603/2608/1423 1596/2602/1423 1602/2609/1423
f 1595/2604/1424 1594/2603/1424 1600/2610/1424 1601/2611/1424
f 1593/2606/1425 1592/2605/1425 1598/2612/1425 1599/2613/1425
f 1596/2602/1426 1595/2604/1426 1601/2611/1426 1602/2609/1426
f 1594/2603/1427 1593/2606/1427 1599/2613/1427 1600/2610/1427
f 1592/2605/1428 1597/2614/1428 1598/2612/1428
f 1603/2615/1429 1602/2609/1429 1608/2616/1429
f 1601/2611/1430 1600/2610/1430 1606/2617/1430 1607/2618/1430
f 1599/2613/1431 1598/2612/1431 1604/2619/1431 1605/2620/1431
f 1602/2609/1432 1601/2611/1432 1607/2618/1432 1608/2616/1432
f 1600/2610/1433 1599/2613/1433 1605/2620/1433 1606/2617/1433
f 1598/2612/1434 1597/2621/1434 1604/2619/1434
f 1607/2622/1435 1606/2623/1435 1611/2624/1435 1612/2625/1435
f 1605/2626/1436 1604/2627/1436 1609/2628/1436 1610/2629/1436
f 1608/2630/1437 1607/2622/1437 1612/2625/1437 1613/2631/1437
f 1606/2623/1438 1605/2626/1438 1610/2629/1438 1611/2624/1438
f 1604/2627/1439 1597/2632/1439 1609/2628/1439
f 1603/2633/1440 1608/2630/1440 1613/2631/1440
f 1610/2629/1441 1609/2628/1441 1614/2583/1441 1615/2580/1441
f 1613/2631/1442 1612/2625/1442 1617/2576/1442 1618/2575/1442
f 1611/2624/1443 1610/2629/1443 1615/2580/1443 1616/2579/1443
f 1609/2628/1444 1597/2634/1444 1614/2583/1444
f 1603/2635/1445 1613/2631/1445 1618/2575/1445
f 1612/2625/1446 1611/2624/1446 1616/2579/1446 1617/2576/1446
o Flame_1_5
v 0.221475 0.270124 0.056415
v 0.223287 0.265000 0.054603
v 0.223950 0.258000 0.053940
v 0.223287 0.251000 0.054603
v 0.221475 0.245876 0.056415
v 0.222500 0.270124 0.058890
v 0.225062 0.265000 0.058890
v 0.226000 0.258000 0.058890
v 0.225062 0.251000 0.058890
v 0.222500 0.245876 0.058890
v 0.221475 0.270124 0.061365
v 0.223287 0.265000 0.063176
v 0.223950 0.258000 0.063839
v 0.223287 0.251000 0.063176
v 0.221475 0.245876 0.061365
v 0.219000 0.270124 0.062390
v 0.219000 0.265000 0.064952
v 0.219000 0.258000 0.065890
v 0.219000 0.251000 0.064952
v 0.219000 0.245876 0.062390
v 0.219000 0.272000 0.058890
v 0.216525 0.270124 0.061365
v 0.214713 0.265000 0.063176
v 0.214050 0.258000 0.063839
v 0.214713 0.251000 0.063176
v 0.216525 0.245876 0.061365
v 0.219000 0.244000 0.058890
v 0.215500 0.270124 0.058890
v 0.212938 0.265000 0.058890
v 0.212000 0.258000 0.058890
v 0.212938 0.251000 0.058890
v 0.215500 0.245876 0.058890
v 0.216525 0.270124 0.056415
v 0.214713 0.265000 0.054603
v 0.214050 0.258000 0.053940
v 0.214713 0.251000 0.054603
v 0.216525 0.245876 0.056415
v 0.219000 0.270124 0.055390
v 0.219000 0.265000 0.052828
v 0.219000 0.258000 0.051890
v 0.219000 0.251000 0.052828
v 0.219000 0.245876 0.055390
vn 0.3474 -0.4194 -0.8387
vn 0.3798 0.1228 -0.9169
vn 0.1920 0.8650 -0.4636
vn 0.1920 -0.8650 -0.4636
vn 0.3798 -0.1228 -0.9169
vn 0.3474 0.4194 -0.8387
vn 0.8387 -0.4194 -0.3474
vn 0.9169 0.1228 -0.3798
vn 0.4636 0.8650 -0.1920
vn 0.4636 -0.8650 -0.1920
vn 0.9169 -0.1228 -0.3798
vn 0.8387 0.4194 -0.3474
vn 0.9169 0.1228 0.3798
vn 0.4636 0.8650 0.1920
vn 0.4636 -0.8650 0.1920
vn 0.9169 -0.1228 0.3798
vn 0.8387 0.4194 0.3474
vn 0.8387 -0.4194 0.3474
vn 0.1920 0.8650 0.4636
vn 0.1920 -0.8650 0.4636
vn 0.3798 -0.1228 0.9169
vn 0.3474 0.4194 0.8387
vn 0.3474 -0.4194 0.8387
vn 0.3798 0.1228 0.9169
vn -0.1920 -0.8650 0.4636
vn -0.3798 -0.1228 0.9169
vn -0.3474 0.4194 0.8387
vn -0.3474 -0.4194 0.8387
vn -0.3798 0.1228 0.9169
vn -0.1920 0.8650 0.4636
vn -0.4636 -0.8650 0.1920
vn -0.9169 -0.1228 0.3798
vn -0.8387 0.4194 0.3474
vn -0.8387 -0.4194 0.3474
vn -0.9169 0.1228 0.3798
vn -0.4636 0.8650 0.1920
vn -0.4636 -0.8650 -0.1920
vn -0.9169 -0.1228 -0.3798
vn -0.8387 0.4194 -0.3474
vn -0.8387 -0.4194 -0.3474
vn -0.9169 0.1228 -0.3798
vn -0.4636 0.8650 -0.1920
vn -0.3798 -0.1228 -0.9169
vn -0.3474 0.4194 -0.8387
vn -0.3474 -0.4194 -0.8387
vn -0.3798 0.1228 -0.9169
vn -0.1920 0.8650 -0.4636
vn -0.1920 -0.8650 -0.4636
vt 0.750000 0.166667
vt 0.750000 0.333333
vt 0.625000 0.333333
vt 0.625000 0.166667
vt 0.750000 0.500000
vt 0.750000 0.666667
vt 0.625000 0.666667
vt 0.625000 0.500000
vt 0.750000 0.833333
vt 0.687500 1.000000
vt 0.625000 0.833333
vt 0.687500 0.000000
vt 0.500000 0.333333
vt 0.500000 0.166667
vt 0.500000 0.666667
vt 0.500000 0.500000
vt 0.562500 1.000000
vt 0.500000 0.833333
vt 0.562500 0.000000
vt 0.375000 0.666667
vt 0.375000 0.500000
vt 0.437500 1.000000
vt 0.375000 0.833333
vt 0.437500 0.000000
vt 0.375000 0.166667
vt 0.375000 0.333333
vt 0.312500 1.000000
vt 0.250000 0.833333
vt 0.312500 0.000000
vt 0.250000 0.166667
vt 0.250000 0.500000
vt 0.250000 0.333333
vt 0.250000 0.666667
vt 0.187500 0.000000
vt 0.125000 0.166667
vt 0.125000 0.500000
vt 0.125000 0.333333
vt 0.125000 0.833333
vt 0.125000 0.666667
vt 0.187500 1.000000
vt 0.062500 0.000000
vt 0.000000 0.166667
vt 0.000000 0.500000
vt 0.000000 0.333333
vt 0.000000 0.833333
vt 0.000000 0.666667
vt 0.062500 1.000000
vt 0.937500 0.000000
vt 1.000000 0.166667
vt 0.875000 0.166667
vt 1.000000 0.333333
vt 1.000000 0.500000
vt 0.875000 0.500000
vt 0.875000 0.333333
vt 1.000000 0.666667
vt 1.000000 0.833333
vt 0.875000 0.833333
vt 0.875000 0.666667
vt 0.937500 1.000000
vt 0.812500 1.000000
vt 0.812500 0.000000
s 0
usemtl Flame
f 1660/2636/1447 1659/2637/1447 1622/2638/1447 1623/2639/1447
f 1658/2640/1448 1657/2641/1448 1620/2642/1448 1621/2643/1448
f 1656/2644/1449 1639/2645/1449 1619/2646/1449
f 1645/2647/1450 1660/2636/1450 1623/2639/1450
f 1659/2637/1451 1658/2640/1451 1621/2643/1451 1622/2638/1451
f 1657/2641/1452 1656/2644/1452 1619/2646/1452 1620/2642/1452
f 1623/2639/1453 1622/2638/1453 1627/2648/1453 1628/2649/1453
f 1621/2643/1454 1620/2642/1454 1625/2650/1454 1626/2651/1454
f 1619/2646/1455 1639/2652/1455 1624/2653/1455
f 1645/2654/1456 1623/2639/1456 1628/2649/1456
f 1622/2638/1457 1621/2643/1457 1626/2651/1457 1627/2648/1457
f 1620/2642/1458 1619/2646/1458 1624/2653/1458 1625/2650/1458
f 1626/2651/1459 1625/2650/1459 1630/2655/1459 1631/2656/1459
f 1624/2653/1460 1639/2657/1460 1629/2658/1460
f 1645/2659/1461 1628/2649/1461 1633/2660/1461
f 1627/2648/1462 1626/2651/1462 1631/2656/1462 1632/2661/1462
f 1625/2650/1463 1624/2653/1463 1629/2658/1463 1630/2655/1463
f 1628/2649/1464 1627/2648/1464 1632/2661/1464 1633/2660/1464
f 1629/2658/1465 1639/2662/1465 1634/2663/1465
f 1645/2664/1466 1633/2660/1466 1638/2665/1466
f 1632/2661/1467 1631/2656/1467 1636/2666/1467 1637/2667/1467
f 1630/2655/1468 1629/2658/1468 1634/2663/1468 1635/2668/1468
f 1633/2660/1469 1632/2661/1469 1637/2667/1469 1638/2665/1469
f 1631/2656/1470 1630/2655/1470 1635/2668/1470 1636/2666/1470
f 1645/2669/1471 1638/2665/1471 1644/2670/1471
f 1637/2667/1472 1636/2666/1472 1642/2671/1472 1643/2672/1472
f 1635/2668/1473 1634/2663/1473 1640/2673/1473 1641/2674/1473
f 1638/2665/1474 1637/2667/1474 1643/2672/1474 1644/2670/1474
f 1636/2666/1475 1635/2668/1475 1641/2674/1475 1642/2671/1475
f 1634/2663/1476 1639/2675/1476 1640/2673/1476
f 1645/2676/1477 1644/2670/1477 1650/2677/1477
f 1643/2672/1478 1642/2671/1478 1648/2678/1478 1649/2679/1478
f 1641/2674/1479 1640/2673/1479 1646/2680/1479 1647/2681/1479
f 1644/2670/1480 1643/2672/1480 1649/2679/1480 1650/2677/1480
f 1642/2671/1481 1641/2674/1481 1647/2681/1481 1648/2678/1481
f 1640/2673/1482 1639/2682/1482 1646/2680/1482
f 1645/2683/1483 1650/2684/1483 1655/2685/1483
f 1649/2686/1484 1648/2687/1484 1653/2688/1484 1654/2689/1484
f 1647/2690/1485 1646/2691/1485 1651/2692/1485 1652/2693/1485
f 1650/2684/1486 1649/2686/1486 1654/2689/1486 1655/2685/1486
f 1648/2687/1487 1647/2690/1487 1652/2693/1487 1653/2688/1487
f 1646/2691/1488 1639/2694/1488 1651/2692/1488
f 1654/2689/1489 1653/2688/1489 1658/2640/1489 1659/2637/1489
f 1652/2693/1490 1651/2692/1490 1656/2644/1490 1657/2641/1490
f 1655/2685/1491 1654/2689/1491 1659/2637/1491 1660/2636/1491
f 1653/2688/1492 1652/2693/1492 1657/2641/1492 1658/2640/1492
f 1651/2692/1493 1639/2695/1493 1656/2644/1493
f 1645/2696/1494 1655/2685/1494 1660/2636/1494
o Knob_Panel
v -0.310000 0.050000 0.243000
v -0.310000 0.210000 0.243000
v -0.310000 0.050000 0.221000
v -0.310000 0.210000 0.221000
v 0.310000 0.050000 0.243000
v 0.310000 0.210000 0.243000
v 0.310000 0.050000 0.221000
v 0.310000 0.210000 0.221000
vn -1.0000 -0.0000 -0.0000
vn -0.0000 -0.0000 -1.0000
vn 1.0000 -0.0000 -0.0000
vn -0.0000 -0.0000 1.0000
vn -0.0000 -1.0000 -0.0000
vn -0.0000 1.0000 -0.0000
vt 0.375000 0.000000
vt 0.625000 0.000000
vt 0.625000 0.250000
vt 0.375000 0.250000
vt 0.625000 0.500000
vt 0.375000 0.500000
vt 0.625000 0.750000
vt 0.375000 0.750000
vt 0.625000 1.000000
vt 0.375000 1.000000
vt 0.125000 0.500000
vt 0.125000 0.750000
vt 0.875000 0.500000
vt 0.875000 0.750000
s 0
usemtl Knob
f 1661/2697/1495 1662/2698/1495 1664/2699/1495 1663/2700/1495
f 1663/2700/1496 1664/2699/1496 1668/2701/1496 1667/2702/1496
f 1667/2702/1497 1668/2701/1497 1666/2703/1497 1665/2704/1497
f 1665/2704/1498 1666/2703/1498 1662/2705/1498 1661/2706/1498
f 1663/2707/1499 1667/2702/1499 1665/2704/1499 1661/2708/1499
f 1668/2701/1500 1664/2709/1500 1662/2710/1500 1666/2703/1500
o KnobShaft_0
v -0.185000 0.142000 0.242000
v -0.185000 0.142000 0.272000
v -0.180408 0.141087 0.242000
v -0.180408 0.141087 0.272000
v -0.176515 0.138485 0.242000
v -0.176515 0.138485 0.272000
v -0.173913 0.134592 0.242000
v -0.173913 0.134592 0.272000
v -0.173000 0.130000 0.242000
v -0.173000 0.130000 0.272000
v -0.173913 0.125408 0.242000
v -0.173913 0.125408 0.272000
v -0.176515 0.121515 0.242000
v -0.176515 0.121515 0.272000
v -0.180408 0.118913 0.242000
v -0.180408 0.118913 0.272000
v -0.185000 0.118000 0.242000
v -0.185000 0.118000 0.272000
v -0.189592 0.118913 0.242000
v -0.189592 0.118913 0.272000
v -0.193485 0.121515 0.242000
v -0.193485 0.121515 0.272000
v -0.196087 0.125408 0.242000
v -0.196087 0.125408 0.272000
v -0.197000 0.130000 0.242000
v -0.197000 0.130000 0.272000
v -0.196087 0.134592 0.242000
v -0.196087 0.134592 0.272000
v -0.193485 0.138485 0.242000
v -0.193485 0.138485 0.272000
v -0.189592 0.141087 0.242000
v -0.189592 0.141087 0.272000
vn 0.1951 0.9808 -0.0000
vn 0.5556 0.8315 -0.0000
vn 0.8315 0.5556 -0.0000
vn 0.9808 0.1951 -0.0000
vn 0.9808 -0.1951 -0.0000
vn 0.8315 -0.5556 -0.0000
vn 0.5556 -0.8315 -0.0000
vn 0.1951 -0.9808 -0.0000
vn -0.1951 -0.9808 -0.0000
vn -0.5556 -0.8315 -0.0000
vn -0.8315 -0.5556 -0.0000
vn -0.9808 -0.1951 -0.0000
vn -0.9808 0.1951 -0.0000
vn -0.8315 0.5556 -0.0000
vn -0.0000 -0.0000 1.0000
vn -0.5556 0.8315 -0.0000
vn -0.1951 0.9808 -0.0000
vn -0.0000 -0.0000 -1.0000
vt 1.000000 0.500000
vt 1.000000 1.000000
vt 0.937500 1.000000
vt 0.937500 0.500000
vt 0.875000 1.000000
vt 0.875000 0.500000
vt 0.812500 1.000000
vt 0.812500 0.500000
vt 0.750000 1.000000
vt 0.750000 0.500000
vt 0.687500 1.000000
vt 0.687500 0.500000
vt 0.625000 1.000000
vt 0.625000 0.500000
vt 0.562500 1.000000
vt 0.562500 0.500000
vt 0.500000 1.000000
vt 0.500000 0.500000
vt 0.437500 1.000000
vt 0.437500 0.500000
vt 0.375000 1.000000
vt 0.375000 0.500000
vt 0.312500 1.000000
vt 0.312500 0.500000
vt 0.250000 1.000000
vt 0.250000 0.500000
vt 0.187500 1.000000
vt 0.187500 0.500000
vt 0.125000 1.000000
vt 0.125000 0.500000
vt 0.341844 0.471731
vt 0.250000 0.490000
vt 0.158156 0.471731
vt 0.080294 0.419706
vt 0.028269 0.341844
vt 0.010000 0.250000
vt 0.028269 0.158156
vt 0.080294 0.080294
vt 0.158156 0.028269
vt 0.250000 0.010000
vt 0.341844 0.028269
vt 0.419706 0.080294
vt 0.471731 0.158156
vt 0.490000 0.250000
vt 0.471731 0.341844
vt 0.419706 0.419706
vt 0.062500 1.000000
vt 0.062500 0.500000
vt 0.000000 1.000000
vt 0.000000 0.500000
vt 0.750000 0.490000
vt 0.841844 0.471731
vt 0.919706 0.419706
vt 0.971731 0.341844
vt 0.990000 0.250000
vt 0.971731 0.158156
vt 0.919706 0.080294
vt 0.841844 0.028269
vt 0.750000 0.010000
vt 0.658156 0.028269
vt 0.580294 0.080294
vt 0.528269 0.158156
vt 0.510000 0.250000
vt 0.528269 0.341844
vt 0.580294 0.419706
vt 0.658156 0.471731
s 0
usemtl Chrome
f 1669/2711/1501 1670/2712/1501 1672/2713/1501 1671/2714/1501
f 1671/2714/1502 1672/2713/1502 1674/2715/1502 1673/2716/1502
f 1673/2716/1503 1674/2715/1503 1676/2717/1503 1675/2718/1503
f 1675/2718/1504 1676/2717/1504 1678/2719/1504 1677/2720/1504
f 1677/2720/1505 1678/2719/1505 1680/2721/1505 1679/2722/1505
f 1679/2722/1506 1680/2721/1506 1682/2723/1506 1681/2724/1506
f 1681/2724/1507 1682/2723/1507 1684/2725/1507 1683/2726/1507
f 1683/2726/1508 1684/2725/1508 1686/2727/1508 1685/2728/1508
f 1685/2728/1509 1686/2727/1509 1688/2729/1509 1687/2730/1509
f 1687/2730/1510 1688/2729/1510 1690/2731/1510 1689/2732/1510
f 1689/2732/1511 1690/2731/1511 1692/2733/1511 1691/2734/1511
f 1691/2734/1512 1692/2733/1512 1694/2735/1512 1693/2736/1512
f 1693/2736/1513 1694/2735/1513 1696/2737/1513 1695/2738/1513
f 1695/2738/1514 1696/2737/1514 1698/2739/1514 1697/2740/1514
f 1672/2741/1515 1670/2742/1515 1700/2743/1515 1698/2744/1515 1696/2745/1515 1694/2746/1515 1692/2747/1515 1690/2748/1515 1688/2749/1515 1686/2750/1515 1684/2751/1515 1682/2752/1515 1680/2753/1515 1678/2754/1515 1676/2755/1515 1674/2756/1515
f 1697/2740/1516 1698/2739/1516 1700/2757/1516 1699/2758/1516
f 1699/2758/1517 1700/2757/1517 1670/2759/1517 1669/2760/1517
f 1669/2761/1518 1671/2762/1518 1673/2763/1518 1675/2764/1518 1677/2765/1518 1679/2766/1518 1681/2767/1518 1683/2768/1518 1685/2769/1518 1687/2770/1518 1689/2771/1518 1691/2772/1518 1693/2773/1518 1695/2774/1518 1697/2775/1518 1699/2776/1518
o KnobBody_0
v -0.185000 0.156000 0.253000
v -0.185000 0.156000 0.291000
v -0.176966 0.154727 0.253000
v -0.176966 0.154727 0.291000
v -0.169718 0.151034 0.253000
v -0.169718 0.151034 0.291000
v -0.163966 0.145282 0.253000
v -0.163966 0.145282 0.291000
v -0.160273 0.138034 0.253000
v -0.160273 0.138034 0.291000
v -0.159000 0.130000 0.253000
v -0.159000 0.130000 0.291000
v -0.160273 0.121966 0.253000
v -0.160273 0.121966 0.291000
v -0.163966 0.114718 0.253000
v -0.163966 0.114718 0.291000
v -0.169718 0.108966 0.253000
v -0.169718 0.108966 0.291000
v -0.176966 0.105273 0.253000
v -0.176966 0.105273 0.291000
v -0.185000 0.104000 0.253000
v -0.185000 0.104000 0.291000
v -0.193034 0.105273 0.253000
v -0.193034 0.105273 0.291000
v -0.200282 0.108966 0.253000
v -0.200282 0.108966 0.291000
v -0.206034 0.114718 0.253000
v -0.206034 0.114718 0.291000
v -0.209727 0.121966 0.253000
v -0.209727 0.121966 0.291000
v -0.211000 0.130000 0.253000
v -0.211000 0.130000 0.291000
v -0.209727 0.138034 0.253000
v -0.209727 0.138034 0.291000
v -0.206034 0.145282 0.253000
v -0.206034 0.145282 0.291000
v -0.200282 0.151034 0.253000
v -0.200282 0.151034 0.291000
v -0.193034 0.154727 0.253000
v -0.193034 0.154727 0.291000
vn 0.1564 0.9877 -0.0000
vn 0.4540 0.8910 -0.0000
vn 0.7071 0.7071 -0.0000
vn 0.8910 0.4540 -0.0000
vn 0.9877 0.1564 -0.0000
vn 0.9877 -0.1564 -0.0000
vn 0.8910 -0.4540 -0.0000
vn 0.7071 -0.7071 -0.0000
vn 0.4540 -0.8910 -0.0000
vn 0.1564 -0.9877 -0.0000
vn -0.1564 -0.9877 -0.0000
vn -0.4540 -0.8910 -0.0000
vn -0.7071 -0.7071 -0.0000
vn -0.8910 -0.4540 -0.0000
vn -0.9877 -0.1564 -0.0000
vn -0.9877 0.1564 -0.0000
vn -0.8910 0.4540 -0.0000
vn -0.7071 0.7071 -0.0000
vn -0.0000 -0.0000 1.0000
vn -0.4540 0.8910 -0.0000
vn -0.1564 0.9877 -0.0000
vn -0.0000 -0.0000 -1.0000
vt 1.000000 0.500000
vt 1.000000 1.000000
vt 0.950000 1.000000
vt 0.950000 0.500000
vt 0.900000 1.000000
vt 0.900000 0.500000
vt 0.850000 1.000000
vt 0.850000 0.500000
vt 0.800000 1.000000
vt 0.800000 0.500000
vt 0.750000 1.000000
vt 0.750000 0.500000
vt 0.700000 1.000000
vt 0.700000 0.500000
vt 0.650000 1.000000
vt 0.650000 0.500000
vt 0.600000 1.000000
vt 0.600000 0.500000
vt 0.550000 1.000000
vt 0.550000 0.500000
vt 0.500000 1.000000
vt 0.500000 0.500000
vt 0.450000 1.000000
vt 0.450000 0.500000
vt 0.400000 1.000000
vt 0.400000 0.500000
vt 0.350000 1.000000
vt 0.350000 0.500000
vt 0.300000 1.000000
vt 0.300000 0.500000
vt 0.250000 1.000000
vt 0.250000 0.500000
vt 0.200000 1.000000
vt 0.200000 0.500000
vt 0.150000 1.000000
vt 0.150000 0.500000
vt 0.100000 1.000000
vt 0.100000 0.500000
vt 0.324164 0.478254
vt 0.250000 0.490000
vt 0.175836 0.478254
vt 0.108932 0.444164
vt 0.055836 0.391068
vt 0.021746 0.324164
vt 0.010000 0.250000
vt 0.021746 0.175836
vt 0.055836 0.108932
vt 0.108932 0.055836
vt 0.175836 0.021746
vt 0.250000 0.010000
vt 0.324164 0.021746
vt 0.391068 0.055836
vt 0.444164 0.108932
vt 0.478254 0.175836
vt 0.490000 0.250000
vt 0.478254 0.324164
vt 0.444164 0.391068
vt 0.391068 0.444164
vt 0.050000 1.000000
vt 0.050000 0.500000
vt -0.000000 1.000000
vt -0.000000 0.500000
vt 0.750000 0.490000
vt 0.824164 0.478254
vt 0.891068 0.444164
vt 0.944164 0.391068
vt 0.978254 0.324164
vt 0.990000 0.250000
vt 0.978254 0.175836
vt 0.944164 0.108932
vt 0.891068 0.055836
vt 0.824164 0.021746
vt 0.750000 0.010000
vt 0.675836 0.021746
vt 0.608932 0.055836
vt 0.555836 0.108932
vt 0.521746 0.175836
vt 0.510000 0.250000
vt 0.521746 0.324164
vt 0.555836 0.391068
vt 0.608932 0.444164
vt 0.675836 0.478254
s 0
usemtl Knob
f 1701/2777/1519 1702/2778/1519 1704/2779/1519 1703/2780/1519
f 1703/2780/1520 1704/2779/1520 1706/2781/1520 1705/2782/1520
f 1705/2782/1521 1706/2781/1521 1708/2783/1521 1707/2784/1521
f 1707/2784/1522 1708/2783/1522 1710/2785/1522 1709/2786/1522
f 1709/2786/1523 1710/2785/1523 1712/2787/1523 1711/2788/1523
f 1711/2788/1524 1712/2787/1524 1714/2789/1524 1713/2790/1524
f 1713/2790/1525 1714/2789/1525 1716/2791/1525 1715/2792/1525
f 1715/2792/1526 1716/2791/1526 1718/2793/1526 1717/2794/1526
f 1717/2794/1527 1718/2793/1527 1720/2795/1527 1719/2796/1527
f 1719/2796/1528 1720/2795/1528 1722/2797/1528 1721/2798/1528
f 1721/2798/1529 1722/2797/1529 1724/2799/1529 1723/2800/1529
f 1723/2800/1530 1724/2799/1530 1726/2801/1530 1725/2802/1530
f 1725/2802/1531 1726/2801/1531 1728/2803/1531 1727/2804/1531
f 1727/2804/1532 1728/2803/1532 1730/2805/1532 1729/2806/1532
f 1729/2806/1533 1730/2805/1533 1732/2807/1533 1731/2808/1533
f 1731/2808/1534 1732/2807/1534 1734/2809/1534 1733/2810/1534
f 1733/2810/1535 1734/2809/1535 1736/2811/1535 1735/2812/1535
f 1735/2812/1536 1736/2811/1536 1738/2813/1536 1737/2814/1536
f 1704/2815/1537 1702/2816/1537 1740/2817/1537 1738/2818/1537 1736/2819/1537 1734/2820/1537 1732/2821/1537 1730/2822/1537 1728/2823/1537 1726/2824/1537 1724/2825/1537 1722/2826/1537 1720/2827/1537 1718/2828/1537 1716/2829/1537 1714/2830/1537 1712/2831/1537 1710/2832/1537 1708/2833/1537 1706/2834/1537
f 1737/2814/1538 1738/2813/1538 1740/2835/1538 1739/2836/1538
f 1739/2836/1539 1740/2835/1539 1702/2837/1539 1701/2838/1539
f 1701/2839/1540 1703/2840/1540 1705/2841/1540 1707/2842/1540 1709/2843/1540 1711/2844/1540 1713/2845/1540 1715/2846/1540 1717/2847/1540 1719/2848/1540 1721/2849/1540 1723/2850/1540 1725/2851/1540 1727/2852/1540 1729/2853/1540 1731/2854/1540 1733/2855/1540 1735/2856/1540 1737/2857/1540 1739/2858/1540
o KnobFace_0
v -0.185000 0.155000 0.289000
v -0.185000 0.155000 0.297000
v -0.177275 0.153776 0.289000
v -0.177275 0.153776 0.297000
v -0.170305 0.150225 0.289000
v -0.170305 0.150225 0.297000
v -0.164775 0.144695 0.289000
v -0.164775 0.144695 0.297000
v -0.161224 0.137725 0.289000
v -0.161224 0.137725 0.297000
v -0.160000 0.130000 0.289000
v -0.160000 0.130000 0.297000
v -0.161224 0.122275 0.289000
v -0.161224 0.122275 0.297000
v -0.164775 0.115305 0.289000
v -0.164775 0.115305 0.297000
v -0.170305 0.109775 0.289000
v -0.170305 0.109775 0.297000
v -0.177275 0.106224 0.289000
v -0.177275 0.106224 0.297000
v -0.185000 0.105000 0.289000
v -0.185000 0.105000 0.297000
v -0.192725 0.106224 0.289000
v -0.192725 0.106224 0.297000
v -0.199695 0.109775 0.289000
v -0.199695 0.109775 0.297000
v -0.205225 0.115305 0.289000
v -0.205225 0.115305 0.297000
v -0.208776 0.122275 0.289000
v -0.208776 0.122275 0.297000
v -0.210000 0.130000 0.289000
v -0.210000 0.130000 0.297000
v -0.208776 0.137725 0.289000
v -0.208776 0.137725 0.297000
v -0.205225 0.144695 0.289000
v -0.205225 0.144695 0.297000
v -0.199695 0.150225 0.289000
v -0.199695 0.150225 0.297000
v -0.192725 0.153776 0.289000
v -0.192725 0.153776 0.297000
vn 0.1564 0.9877 -0.0000
vn 0.4540 0.8910 -0.0000
vn 0.7071 0.7071 -0.0000
vn 0.8910 0.4540 -0.0000
vn 0.9877 0.1564 -0.0000
vn 0.9877 -0.1564 -0.0000
vn 0.8910 -0.4540 -0.0000
vn 0.7071 -0.7071 -0.0000
vn 0.4540 -0.8910 -0.0000
vn 0.1564 -0.9877 -0.0000
vn -0.1564 -0.9877 -0.0000
vn -0.4540 -0.8910 -0.0000
vn -0.7071 -0.7071 -0.0000
vn -0.8910 -0.4540 -0.0000
vn -0.9877 -0.1564 -0.0000
vn -0.9877 0.1564 -0.0000
vn -0.8910 0.4540 -0.0000
vn -0.7071 0.7071 -0.0000
vn -0.0000 -0.0000 1.0000
vn -0.4540 0.8910 -0.0000
vn -0.1564 0.9877 -0.0000
vn -0.0000 -0.0000 -1.0000
vt 1.000000 0.500000
vt 1.000000 1.000000
vt 0.950000 1.000000
vt 0.950000 0.500000
vt 0.900000 1.000000
vt 0.900000 0.500000
vt 0.850000 1.000000
vt 0.850000 0.500000
vt 0.800000 1.000000
vt 0.800000 0.500000
vt 0.750000 1.000000
vt 0.750000 0.500000
vt 0.700000 1.000000
vt 0.700000 0.500000
vt 0.650000 1.000000
vt 0.650000 0.500000
vt 0.600000 1.000000
vt 0.600000 0.500000
vt 0.550000 1.000000
vt 0.550000 0.500000
vt 0.500000 1.000000
vt 0.500000 0.500000
vt 0.450000 1.000000
vt 0.450000 0.500000
vt 0.400000 1.000000
vt 0.400000 0.500000
vt 0.350000 1.000000
vt 0.350000 0.500000
vt 0.300000 1.000000
vt 0.300000 0.500000
vt 0.250000 1.000000
vt 0.250000 0.500000
vt 0.200000 1.000000
vt 0.200000 0.500000
vt 0.150000 1.000000
vt 0.150000 0.500000
vt 0.100000 1.000000
vt 0.100000 0.500000
vt 0.324164 0.478254
vt 0.250000 0.490000
vt 0.175836 0.478254
vt 0.108932 0.444164
vt 0.055836 0.391068
vt 0.021746 0.324164
vt 0.010000 0.250000
vt 0.021746 0.175836
vt 0.055836 0.108932
vt 0.108932 0.055836
vt 0.175836 0.021746
vt 0.250000 0.010000
vt 0.324164 0.021746
vt 0.391068 0.055836
vt 0.444164 0.108932
vt 0.478254 0.175836
vt 0.490000 0.250000
vt 0.478254 0.324164
vt 0.444164 0.391068
vt 0.391068 0.444164
vt 0.050000 1.000000
vt 0.050000 0.500000
vt -0.000000 1.000000
vt -0.000000 0.500000
vt 0.750000 0.490000
vt 0.824164 0.478254
vt 0.891068 0.444164
vt 0.944164 0.391068
vt 0.978254 0.324164
vt 0.990000 0.250000
vt 0.978254 0.175836
vt 0.944164 0.108932
vt 0.891068 0.055836
vt 0.824164 0.021746
vt 0.750000 0.010000
vt 0.675836 0.021746
vt 0.608932 0.055836
vt 0.555836 0.108932
vt 0.521746 0.175836
vt 0.510000 0.250000
vt 0.521746 0.324164
vt 0.555836 0.391068
vt 0.608932 0.444164
vt 0.675836 0.478254
s 0
usemtl Knob
f 1741/2859/1541 1742/2860/1541 1744/2861/1541 1743/2862/1541
f 1743/2862/1542 1744/2861/1542 1746/2863/1542 1745/2864/1542
f 1745/2864/1543 1746/2863/1543 1748/2865/1543 1747/2866/1543
f 1747/2866/1544 1748/2865/1544 1750/2867/1544 1749/2868/1544
f 1749/2868/1545 1750/2867/1545 1752/2869/1545 1751/2870/1545
f 1751/2870/1546 1752/2869/1546 1754/2871/1546 1753/2872/1546
f 1753/2872/1547 1754/2871/1547 1756/2873/1547 1755/2874/1547
f 1755/2874/1548 1756/2873/1548 1758/2875/1548 1757/2876/1548
f 1757/2876/1549 1758/2875/1549 1760/2877/1549 1759/2878/1549
f 1759/2878/1550 1760/2877/1550 1762/2879/1550 1761/2880/1550
f 1761/2880/1551 1762/2879/1551 1764/2881/1551 1763/2882/1551
f 1763/2882/1552 1764/2881/1552 1766/2883/1552 1765/2884/1552
f 1765/2884/1553 1766/2883/1553 1768/2885/1553 1767/2886/1553
f 1767/2886/1554 1768/2885/1554 1770/2887/1554 1769/2888/1554
f 1769/2888/1555 1770/2887/1555 1772/2889/1555 1771/2890/1555
f 1771/2890/1556 1772/2889/1556 1774/2891/1556 1773/2892/1556
f 1773/2892/1557 1774/2891/1557 1776/2893/1557 1775/2894/1557
f 1775/2894/1558 1776/2893/1558 1778/2895/1558 1777/2896/1558
f 1744/2897/1559 1742/2898/1559 1780/2899/1559 1778/2900/1559 1776/2901/1559 1774/2902/1559 1772/2903/1559 1770/2904/1559 1768/2905/1559 1766/2906/1559 1764/2907/1559 1762/2908/1559 1760/2909/1559 1758/2910/1559 1756/2911/1559 1754/2912/1559 1752/2913/1559 1750/2914/1559 1748/2915/1559 1746/2916/1559
f 1777/2896/1560 1778/2895/1560 1780/2917/1560 1779/2918/1560
f 1779/2918/1561 1780/2917/1561 1742/2919/1561 1741/2920/1561
f 1741/2921/1562 1743/2922/1562 1745/2923/1562 1747/2924/1562 1749/2925/1562 1751/2926/1562 1753/2927/1562 1755/2928/1562 1757/2929/1562 1759/2930/1562 1761/2931/1562 1763/2932/1562 1765/2933/1562 1767/2934/1562 1769/2935/1562 1771/2936/1562 1773/2937/1562 1775/2938/1562 1777/2939/1562 1779/2940/1562
o KnobMark_0
v -0.187000 0.143500 0.304000
v -0.187000 0.148500 0.304000
v -0.187000 0.143500 0.292000
v -0.187000 0.148500 0.292000
v -0.183000 0.143500 0.304000
v -0.183000 0.148500 0.304000
v -0.183000 0.143500 0.292000
v -0.183000 0.148500 0.292000
vn -1.0000 -0.0000 -0.0000
vn -0.0000 -0.0000 -1.0000
vn 1.0000 -0.0000 -0.0000
vn -0.0000 -0.0000 1.0000
vn -0.0000 -1.0000 -0.0000
vn -0.0000 1.0000 -0.0000
vt 0.375000 0.000000
vt 0.625000 0.000000
vt 0.625000 0.250000
vt 0.375000 0.250000
vt 0.625000 0.500000
vt 0.375000 0.500000
vt 0.625000 0.750000
vt 0.375000 0.750000
vt 0.625000 1.000000
vt 0.375000 1.000000
vt 0.125000 0.500000
vt 0.125000 0.750000
vt 0.875000 0.500000
vt 0.875000 0.750000
s 0
usemtl KnobInd
f 1781/2941/1563 1782/2942/1563 1784/2943/1563 1783/2944/1563
f 1783/2944/1564 1784/2943/1564 1788/2945/1564 1787/2946/1564
f 1787/2946/1565 1788/2945/1565 1786/2947/1565 1785/2948/1565
f 1785/2948/1566 1786/2947/1566 1782/2949/1566 1781/2950/1566
f 1783/2951/1567 1787/2946/1567 1785/2948/1567 1781/2952/1567
f 1788/2945/1568 1784/2953/1568 1782/2954/1568 1786/2947/1568
o KnobLabel_0
v -0.196000 0.151000 0.234000
v -0.196000 0.165000 0.234000
v -0.196000 0.151000 0.232000
v -0.196000 0.165000 0.232000
v -0.174000 0.151000 0.234000
v -0.174000 0.165000 0.234000
v -0.174000 0.151000 0.232000
v -0.174000 0.165000 0.232000
vn -1.0000 -0.0000 -0.0000
vn -0.0000 -0.0000 -1.0000
vn 1.0000 -0.0000 -0.0000
vn -0.0000 -0.0000 1.0000
vn -0.0000 -1.0000 -0.0000
vn -0.0000 1.0000 -0.0000
vt 0.375000 0.000000
vt 0.625000 0.000000
vt 0.625000 0.250000
vt 0.375000 0.250000
vt 0.625000 0.500000
vt 0.375000 0.500000
vt 0.625000 0.750000
vt 0.375000 0.750000
vt 0.625000 1.000000
vt 0.375000 1.000000
vt 0.125000 0.500000
vt 0.125000 0.750000
vt 0.875000 0.500000
vt 0.875000 0.750000
s 0
usemtl Logo
f 1789/2955/1569 1790/2956/1569 1792/2957/1569 1791/2958/1569
f 1791/2958/1570 1792/2957/1570 1796/2959/1570 1795/2960/1570
f 1795/2960/1571 1796/2959/1571 1794/2961/1571 1793/2962/1571
f 1793/2962/1572 1794/2961/1572 1790/2963/1572 1789/2964/1572
f 1791/2965/1573 1795/2960/1573 1793/2962/1573 1789/2966/1573
f 1796/2959/1574 1792/2967/1574 1790/2968/1574 1794/2961/1574
o KnobShaft_1
v 0.185000 0.142000 0.242000
v 0.185000 0.142000 0.272000
v 0.189592 0.141087 0.242000
v 0.189592 0.141087 0.272000
v 0.193485 0.138485 0.242000
v 0.193485 0.138485 0.272000
v 0.196087 0.134592 0.242000
v 0.196087 0.134592 0.272000
v 0.197000 0.130000 0.242000
v 0.197000 0.130000 0.272000
v 0.196087 0.125408 0.242000
v 0.196087 0.125408 0.272000
v 0.193485 0.121515 0.242000
v 0.193485 0.121515 0.272000
v 0.189592 0.118913 0.242000
v 0.189592 0.118913 0.272000
v 0.185000 0.118000 0.242000
v 0.185000 0.118000 0.272000
v 0.180408 0.118913 0.242000
v 0.180408 0.118913 0.272000
v 0.176515 0.121515 0.242000
v 0.176515 0.121515 0.272000
v 0.173913 0.125408 0.242000
v 0.173913 0.125408 0.272000
v 0.173000 0.130000 0.242000
v 0.173000 0.130000 0.272000
v 0.173913 0.134592 0.242000
v 0.173913 0.134592 0.272000
v 0.176515 0.138485 0.242000
v 0.176515 0.138485 0.272000
v 0.180408 0.141087 0.242000
v 0.180408 0.141087 0.272000
vn 0.1951 0.9808 -0.0000
vn 0.5556 0.8315 -0.0000
vn 0.8315 0.5556 -0.0000
vn 0.9808 0.1951 -0.0000
vn 0.9808 -0.1951 -0.0000
vn 0.8315 -0.5556 -0.0000
vn 0.5556 -0.8315 -0.0000
vn 0.1951 -0.9808 -0.0000
vn -0.1951 -0.9808 -0.0000
vn -0.5556 -0.8315 -0.0000
vn -0.8315 -0.5556 -0.0000
vn -0.9808 -0.1951 -0.0000
vn -0.9808 0.1951 -0.0000
vn -0.8315 0.5556 -0.0000
vn -0.0000 -0.0000 1.0000
vn -0.5556 0.8315 -0.0000
vn -0.1951 0.9808 -0.0000
vn -0.0000 -0.0000 -1.0000
vt 1.000000 0.500000
vt 1.000000 1.000000
vt 0.937500 1.000000
vt 0.937500 0.500000
vt 0.875000 1.000000
vt 0.875000 0.500000
vt 0.812500 1.000000
vt 0.812500 0.500000
vt 0.750000 1.000000
vt 0.750000 0.500000
vt 0.687500 1.000000
vt 0.687500 0.500000
vt 0.625000 1.000000
vt 0.625000 0.500000
vt 0.562500 1.000000
vt 0.562500 0.500000
vt 0.500000 1.000000
vt 0.500000 0.500000
vt 0.437500 1.000000
vt 0.437500 0.500000
vt 0.375000 1.000000
vt 0.375000 0.500000
vt 0.312500 1.000000
vt 0.312500 0.500000
vt 0.250000 1.000000
vt 0.250000 0.500000
vt 0.187500 1.000000
vt 0.187500 0.500000
vt 0.125000 1.000000
vt 0.125000 0.500000
vt 0.341844 0.471731
vt 0.250000 0.490000
vt 0.158156 0.471731
vt 0.080294 0.419706
vt 0.028269 0.341844
vt 0.010000 0.250000
vt 0.028269 0.158156
vt 0.080294 0.080294
vt 0.158156 0.028269
vt 0.250000 0.010000
vt 0.341844 0.028269
vt 0.419706 0.080294
vt 0.471731 0.158156
vt 0.490000 0.250000
vt 0.471731 0.341844
vt 0.419706 0.419706
vt 0.062500 1.000000
vt 0.062500 0.500000
vt 0.000000 1.000000
vt 0.000000 0.500000
vt 0.750000 0.490000
vt 0.841844 0.471731
vt 0.919706 0.419706
vt 0.971731 0.341844
vt 0.990000 0.250000
vt 0.971731 0.158156
vt 0.919706 0.080294
vt 0.841844 0.028269
vt 0.750000 0.010000
vt 0.658156 0.028269
vt 0.580294 0.080294
vt 0.528269 0.158156
vt 0.510000 0.250000
vt 0.528269 0.341844
vt 0.580294 0.419706
vt 0.658156 0.471731
s 0
usemtl Chrome
f 1797/2969/1575 1798/2970/1575 1800/2971/1575 1799/2972/1575
f 1799/2972/1576 1800/2971/1576 1802/2973/1576 1801/2974/1576
f 1801/2974/1577 1802/2973/1577 1804/2975/1577 1803/2976/1577
f 1803/2976/1578 1804/2975/1578 1806/2977/1578 1805/2978/1578
f 1805/2978/1579 1806/2977/1579 1808/2979/1579 1807/2980/1579
f 1807/2980/1580 1808/2979/1580 1810/2981/1580 1809/2982/1580
f 1809/2982/1581 1810/2981/1581 1812/2983/1581 1811/2984/1581
f 1811/2984/1582 1812/2983/1582 1814/2985/1582 1813/2986/1582
f 1813/2986/1583 1814/2985/1583 1816/2987/1583 1815/2988/1583
f 1815/2988/1584 1816/2987/1584 1818/2989/1584 1817/2990/1584
f 1817/2990/1585 1818/2989/1585 1820/2991/1585 1819/2992/1585
f 1819/2992/1586 1820/2991/1586 1822/2993/1586 1821/2994/1586
f 1821/2994/1587 1822/2993/1587 1824/2995/1587 1823/2996/1587
f 1823/2996/1588 1824/2995/1588 1826/2997/1588 1825/2998/1588
f 1800/2999/1589 1798/3000/1589 1828/3001/1589 1826/3002/1589 1824/3003/1589 1822/3004/1589 1820/3005/1589 1818/3006/1589 1816/3007/1589 1814/3008/1589 1812/3009/1589 1810/3010/1589 1808/3011/1589 1806/3012/1589 1804/3013/1589 1802/3014/1589
f 1825/2998/1590 1826/2997/1590 1828/3015/1590 1827/3016/1590
f 1827/3016/1591 1828/3015/1591 1798/3017/1591 1797/3018/1591
f 1797/3019/1592 1799/3020/1592 1801/3021/1592 1803/3022/1592 1805/3023/1592 1807/3024/1592 1809/3025/1592 1811/3026/1592 1813/3027/1592 1815/3028/1592 1817/3029/1592 1819/3030/1592 1821/3031/1592 1823/3032/1592 1825/3033/1592 1827/3034/1592
o KnobBody_1
v 0.185000 0.156000 0.253000
v 0.185000 0.156000 0.291000
v 0.193034 0.154727 0.253000
v 0.193034 0.154727 0.291000
v 0.200282 0.151034 0.253000
v 0.200282 0.151034 0.291000
v 0.206034 0.145282 0.253000
v 0.206034 0.145282 0.291000
v 0.209727 0.138034 0.253000
v 0.209727 0.138034 0.291000
v 0.211000 0.130000 0.253000
v 0.211000 0.130000 0.291000
v 0.209727 0.121966 0.253000
v 0.209727 0.121966 0.291000
v 0.206034 0.114718 0.253000
v 0.206034 0.114718 0.291000
v 0.200282 0.108966 0.253000
v 0.200282 0.108966 0.291000
v 0.193034 0.105273 0.253000
v 0.193034 0.105273 0.291000
v 0.185000 0.104000 0.253000
v 0.185000 0.104000 0.291000
v 0.176966 0.105273 0.253000
v 0.176966 0.105273 0.291000
v 0.169718 0.108966 0.253000
v 0.169718 0.108966 0.291000
v 0.163966 0.114718 0.253000
v 0.163966 0.114718 0.291000
v 0.160273 0.121966 0.253000
v 0.160273 0.121966 0.291000
v 0.159000 0.130000 0.253000
v 0.159000 0.130000 0.291000
v 0.160273 0.138034 0.253000
v 0.160273 0.138034 0.291000
v 0.163966 0.145282 0.253000
v 0.163966 0.145282 0.291000
v 0.169718 0.151034 0.253000
v 0.169718 0.151034 0.291000
v 0.176966 0.154727 0.253000
v 0.176966 0.154727 0.291000
vn 0.1564 0.9877 -0.0000
vn 0.4540 0.8910 -0.0000
vn 0.7071 0.7071 -0.0000
vn 0.8910 0.4540 -0.0000
vn 0.9877 0.1564 -0.0000
vn 0.9877 -0.1564 -0.0000
vn 0.8910 -0.4540 -0.0000
vn 0.7071 -0.7071 -0.0000
vn 0.4540 -0.8910 -0.0000
vn 0.1564 -0.9877 -0.0000
vn -0.1564 -0.9877 -0.0000
vn -0.4540 -0.8910 -0.0000
vn -0.7071 -0.7071 -0.0000
vn -0.8910 -0.4540 -0.0000
vn -0.9877 -0.1564 -0.0000
vn -0.9877 0.1564 -0.0000
vn -0.8910 0.4540 -0.0000
vn -0.7071 0.7071 -0.0000
vn -0.0000 -0.0000 1.0000
vn -0.4540 0.8910 -0.0000
vn -0.1564 0.9877 -0.0000
vn -0.0000 -0.0000 -1.0000
vt 1.000000 0.500000
vt 1.000000 1.000000
vt 0.950000 1.000000
vt 0.950000 0.500000
vt 0.900000 1.000000
vt 0.900000 0.500000
vt 0.850000 1.000000
vt 0.850000 0.500000
vt 0.800000 1.000000
vt 0.800000 0.500000
vt 0.750000 1.000000
vt 0.750000 0.500000
vt 0.700000 1.000000
vt 0.700000 0.500000
vt 0.650000 1.000000
vt 0.650000 0.500000
vt 0.600000 1.000000
vt 0.600000 0.500000
vt 0.550000 1.000000
vt 0.550000 0.500000
vt 0.500000 1.000000
vt 0.500000 0.500000
vt 0.450000 1.000000
vt 0.450000 0.500000
vt 0.400000 1.000000
vt 0.400000 0.500000
vt 0.350000 1.000000
vt 0.350000 0.500000
vt 0.300000 1.000000
vt 0.300000 0.500000
vt 0.250000 1.000000
vt 0.250000 0.500000
vt 0.200000 1.000000
vt 0.200000 0.500000
vt 0.150000 1.000000
vt 0.150000 0.500000
vt 0.100000 1.000000
vt 0.100000 0.500000
vt 0.324164 0.478254
vt 0.250000 0.490000
vt 0.175836 0.478254
vt 0.108932 0.444164
vt 0.055836 0.391068
vt 0.021746 0.324164
vt 0.010000 0.250000
vt 0.021746 0.175836
vt 0.055836 0.108932
vt 0.108932 0.055836
vt 0.175836 0.021746
vt 0.250000 0.010000
vt 0.324164 0.021746
vt 0.391068 0.055836
vt 0.444164 0.108932
vt 0.478254 0.175836
vt 0.490000 0.250000
vt 0.478254 0.324164
vt 0.444164 0.391068
vt 0.391068 0.444164
vt 0.050000 1.000000
vt 0.050000 0.500000
vt -0.000000 1.000000
vt -0.000000 0.500000
vt 0.750000 0.490000
vt 0.824164 0.478254
vt 0.891068 0.444164
vt 0.944164 0.391068
vt 0.978254 0.324164
vt 0.990000 0.250000
vt 0.978254 0.175836
vt 0.944164 0.108932
vt 0.891068 0.055836
vt 0.824164 0.021746
vt 0.750000 0.010000
vt 0.675836 0.021746
vt 0.608932 0.055836
vt 0.555836 0.108932
vt 0.521746 0.175836
vt 0.510000 0.250000
vt 0.521746 0.324164
vt 0.555836 0.391068
vt 0.608932 0.444164
vt 0.675836 0.478254
s 0
usemtl Knob
f 1829/3035/1593 1830/3036/1593 1832/3037/1593 1831/3038/1593
f 1831/3038/1594 1832/3037/1594 1834/3039/1594 1833/3040/1594
f 1833/3040/1595 1834/3039/1595 1836/3041/1595 1835/3042/1595
f 1835/3042/1596 1836/3041/1596 1838/3043/1596 1837/3044/1596
f 1837/3044/1597 1838/3043/1597 1840/3045/1597 1839/3046/1597
f 1839/3046/1598 1840/3045/1598 1842/3047/1598 1841/3048/1598
f 1841/3048/1599 1842/3047/1599 1844/3049/1599 1843/3050/1599
f 1843/3050/1600 1844/3049/1600 1846/3051/1600 1845/3052/1600
f 1845/3052/1601 1846/3051/1601 1848/3053/1601 1847/3054/1601
f 1847/3054/1602 1848/3053/1602 1850/3055/1602 1849/3056/1602
f 1849/3056/1603 1850/3055/1603 1852/3057/1603 1851/3058/1603
f 1851/3058/1604 1852/3057/1604 1854/3059/1604 1853/3060/1604
f 1853/3060/1605 1854/3059/1605 1856/3061/1605 1855/3062/1605
f 1855/3062/1606 1856/3061/1606 1858/3063/1606 1857/3064/1606
f 1857/3064/1607 1858/3063/1607 1860/3065/1607 1859/3066/1607
f 1859/3066/1608 1860/3065/1608 1862/3067/1608 1861/3068/1608
f 1861/3068/1609 1862/3067/1609 1864/3069/1609 1863/3070/1609
f 1863/3070/1610 1864/3069/1610 1866/3071/1610 1865/3072/1610
f 1832/3073/1611 1830/3074/1611 1868/3075/1611 1866/3076/1611 1864/3077/1611 1862/3078/1611 1860/3079/1611 1858/3080/1611 1856/3081/1611 1854/3082/1611 1852/3083/1611 1850/3084/1611 1848/3085/1611 1846/3086/1611 1844/3087/1611 1842/3088/1611 1840/3089/1611 1838/3090/1611 1836/3091/1611 1834/3092/1611
f 1865/3072/1612 1866/3071/1612 1868/3093/1612 1867/3094/1612
f 1867/3094/1613 1868/3093/1613 1830/3095/1613 1829/3096/1613
f 1829/3097/1614 1831/3098/1614 1833/3099/1614 1835/3100/1614 1837/3101/1614 1839/3102/1614 1841/3103/1614 1843/3104/1614 1845/3105/1614 1847/3106/1614 1849/3107/1614 1851/3108/1614 1853/3109/1614 1855/3110/1614 1857/3111/1614 1859/3112/1614 1861/3113/1614 1863/3114/1614 1865/3115/1614 1867/3116/1614
o KnobFace_1
v 0.185000 0.155000 0.289000
v 0.185000 0.155000 0.297000
v 0.192725 0.153776 0.289000
v 0.192725 0.153776 0.297000
v 0.199695 0.150225 0.289000
v 0.199695 0.150225 0.297000
v 0.205225 0.144695 0.289000
v 0.205225 0.144695 0.297000
v 0.208776 0.137725 0.289000
v 0.208776 0.137725 0.297000
v 0.210000 0.130000 0.289000
v 0.210000 0.130000 0.297000
v 0.208776 0.122275 0.289000
v 0.208776 0.122275 0.297000
v 0.205225 0.115305 0.289000
v 0.205225 0.115305 0.297000
v 0.199695 0.109775 0.289000
v 0.199695 0.109775 0.297000
v 0.192725 0.106224 0.289000
v 0.192725 0.106224 0.297000
v 0.185000 0.105000 0.289000
v 0.185000 0.105000 0.297000
v 0.177275 0.106224 0.289000
v 0.177275 0.106224 0.297000
v 0.170305 0.109775 0.289000
v 0.170305 0.109775 0.297000
v 0.164775 0.115305 0.289000
v 0.164775 0.115305 0.297000
v 0.161224 0.122275 0.289000
v 0.161224 0.122275 0.297000
v 0.160000 0.130000 0.289000
v 0.160000 0.130000 0.297000
v 0.161224 0.137725 0.289000
v 0.161224 0.137725 0.297000
v 0.164775 0.144695 0.289000
v 0.164775 0.144695 0.297000
v 0.170305 0.150225 0.289000
v 0.170305 0.150225 0.297000
v 0.177275 0.153776 0.289000
v 0.177275 0.153776 0.297000
vn 0.1564 0.9877 -0.0000
vn 0.4540 0.8910 -0.0000
vn 0.7071 0.7071 -0.0000
vn 0.8910 0.4540 -0.0000
vn 0.9877 0.1564 -0.0000
vn 0.9877 -0.1564 -0.0000
vn 0.8910 -0.4540 -0.0000
vn 0.7071 -0.7071 -0.0000
vn 0.4540 -0.8910 -0.0000
vn 0.1564 -0.9877 -0.0000
vn -0.1564 -0.9877 -0.0000
vn -0.4540 -0.8910 -0.0000
vn -0.7071 -0.7071 -0.0000
vn -0.8910 -0.4540 -0.0000
vn -0.9877 -0.1564 -0.0000
vn -0.9877 0.1564 -0.0000
vn -0.8910 0.4540 -0.0000
vn -0.7071 0.7071 -0.0000
vn -0.0000 -0.0000 1.0000
vn -0.4540 0.8910 -0.0000
vn -0.1564 0.9877 -0.0000
vn -0.0000 -0.0000 -1.0000
vt 1.000000 0.500000
vt 1.000000 1.000000
vt 0.950000 1.000000
vt 0.950000 0.500000
vt 0.900000 1.000000
vt 0.900000 0.500000
vt 0.850000 1.000000
vt 0.850000 0.500000
vt 0.800000 1.000000
vt 0.800000 0.500000
vt 0.750000 1.000000
vt 0.750000 0.500000
vt 0.700000 1.000000
vt 0.700000 0.500000
vt 0.650000 1.000000
vt 0.650000 0.500000
vt 0.600000 1.000000
vt 0.600000 0.500000
vt 0.550000 1.000000
vt 0.550000 0.500000
vt 0.500000 1.000000
vt 0.500000 0.500000
vt 0.450000 1.000000
vt 0.450000 0.500000
vt 0.400000 1.000000
vt 0.400000 0.500000
vt 0.350000 1.000000
vt 0.350000 0.500000
vt 0.300000 1.000000
vt 0.300000 0.500000
vt 0.250000 1.000000
vt 0.250000 0.500000
vt 0.200000 1.000000
vt 0.200000 0.500000
vt 0.150000 1.000000
vt 0.150000 0.500000
vt 0.100000 1.000000
vt 0.100000 0.500000
vt 0.324164 0.478254
vt 0.250000 0.490000
vt 0.175836 0.478254
vt 0.108932 0.444164
vt 0.055836 0.391068
vt 0.021746 0.324164
vt 0.010000 0.250000
vt 0.021746 0.175836
vt 0.055836 0.108932
vt 0.108932 0.055836
vt 0.175836 0.021746
vt 0.250000 0.010000
vt 0.324164 0.021746
vt 0.391068 0.055836
vt 0.444164 0.108932
vt 0.478254 0.175836
vt 0.490000 0.250000
vt 0.478254 0.324164
vt 0.444164 0.391068
vt 0.391068 0.444164
vt 0.050000 1.000000
vt 0.050000 0.500000
vt -0.000000 1.000000
vt -0.000000 0.500000
vt 0.750000 0.490000
vt 0.824164 0.478254
vt 0.891068 0.444164
vt 0.944164 0.391068
vt 0.978254 0.324164
vt 0.990000 0.250000
vt 0.978254 0.175836
vt 0.944164 0.108932
vt 0.891068 0.055836
vt 0.824164 0.021746
vt 0.750000 0.010000
vt 0.675836 0.021746
vt 0.608932 0.055836
vt 0.555836 0.108932
vt 0.521746 0.175836
vt 0.510000 0.250000
vt 0.521746 0.324164
vt 0.555836 0.391068
vt 0.608932 0.444164
vt 0.675836 0.478254
s 0
usemtl Knob
f 1869/3117/1615 1870/3118/1615 1872/3119/1615 1871/3120/1615
f 1871/3120/1616 1872/3119/1616 1874/3121/1616 1873/3122/1616
f 1873/3122/1617 1874/3121/1617 1876/3123/1617 1875/3124/1617
f 1875/3124/1618 1876/3123/1618 1878/3125/1618 1877/3126/1618
f 1877/3126/1619 1878/3125/1619 1880/3127/1619 1879/3128/1619
f 1879/3128/1620 1880/3127/1620 1882/3129/1620 1881/3130/1620
f 1881/3130/1621 1882/3129/1621 1884/3131/1621 1883/3132/1621
f 1883/3132/1622 1884/3131/1622 1886/3133/1622 1885/3134/1622
f 1885/3134/1623 1886/3133/1623 1888/3135/1623 1887/3136/1623
f 1887/3136/1624 1888/3135/1624 1890/3137/1624 1889/3138/1624
f 1889/3138/1625 1890/3137/1625 1892/3139/1625 1891/3140/1625
f 1891/3140/1626 1892/3139/1626 1894/3141/1626 1893/3142/1626
f 1893/3142/1627 1894/3141/1627 1896/3143/1627 1895/3144/1627
f 1895/3144/1628 1896/3143/1628 1898/3145/1628 1897/3146/1628
f 1897/3146/1629 1898/3145/1629 1900/3147/1629 1899/3148/1629
f 1899/3148/1630 1900/3147/1630 1902/3149/1630 1901/3150/1630
f 1901/3150/1631 1902/3149/1631 1904/3151/1631 1903/3152/1631
f 1903/3152/1632 1904/3151/1632 1906/3153/1632 1905/3154/1632
f 1872/3155/1633 1870/3156/1633 1908/3157/1633 1906/3158/1633 1904/3159/1633 1902/3160/1633 1900/3161/1633 1898/3162/1633 1896/3163/1633 1894/3164/1633 1892/3165/1633 1890/3166/1633 1888/3167/1633 1886/3168/1633 1884/3169/1633 1882/3170/1633 1880/3171/1633 1878/3172/1633 1876/3173/1633 1874/3174/1633
f 1905/3154/1634 1906/3153/1634 1908/3175/1634 1907/3176/1634
f 1907/3176/1635 1908/3175/1635 1870/3177/1635 1869/3178/1635
f 1869/3179/1636 1871/3180/1636 1873/3181/1636 1875/3182/1636 1877/3183/1636 1879/3184/1636 1881/3185/1636 1883/3186/1636 1885/3187/1636 1887/3188/1636 1889/3189/1636 1891/3190/1636 1893/3191/1636 1895/3192/1636 1897/3193/1636 1899/3194/1636 1901/3195/1636 1903/3196/1636 1905/3197/1636 1907/3198/1636
o KnobMark_1
v 0.183000 0.143500 0.304000
v 0.183000 0.148500 0.304000
v 0.183000 0.143500 0.292000
v 0.183000 0.148500 0.292000
v 0.187000 0.143500 0.304000
v 0.187000 0.148500 0.304000
v 0.187000 0.143500 0.292000
v 0.187000 0.148500 0.292000
vn -1.0000 -0.0000 -0.0000
vn -0.0000 -0.0000 -1.0000
vn 1.0000 -0.0000 -0.0000
vn -0.0000 -0.0000 1.0000
vn -0.0000 -1.0000 -0.0000
vn -0.0000 1.0000 -0.0000
vt 0.375000 0.000000
vt 0.625000 0.000000
vt 0.625000 0.250000
vt 0.375000 0.250000
vt 0.625000 0.500000
vt 0.375000 0.500000
vt 0.625000 0.750000
vt 0.375000 0.750000
vt 0.625000 1.000000
vt 0.375000 1.000000
vt 0.125000 0.500000
vt 0.125000 0.750000
vt 0.875000 0.500000
vt 0.875000 0.750000
s 0
usemtl KnobInd
f 1909/3199/1637 1910/3200/1637 1912/3201/1637 1911/3202/1637
f 1911/3202/1638 1912/3201/1638 1916/3203/1638 1915/3204/1638
f 1915/3204/1639 1916/3203/1639 1914/3205/1639 1913/3206/1639
f 1913/3206/1640 1914/3205/1640 1910/3207/1640 1909/3208/1640
f 1911/3209/1641 1915/3204/1641 1913/3206/1641 1909/3210/1641
f 1916/3203/1642 1912/3211/1642 1910/3212/1642 1914/3205/1642
o KnobLabel_1
v 0.174000 0.151000 0.234000
v 0.174000 0.165000 0.234000
v 0.174000 0.151000 0.232000
v 0.174000 0.165000 0.232000
v 0.196000 0.151000 0.234000
v 0.196000 0.165000 0.234000
v 0.196000 0.151000 0.232000
v 0.196000 0.165000 0.232000
vn -1.0000 -0.0000 -0.0000
vn -0.0000 -0.0000 -1.0000
vn 1.0000 -0.0000 -0.0000
vn -0.0000 -0.0000 1.0000
vn -0.0000 -1.0000 -0.0000
vn -0.0000 1.0000 -0.0000
vt 0.375000 0.000000
vt 0.625000 0.000000
vt 0.625000 0.250000
vt 0.375000 0.250000
vt 0.625000 0.500000
vt 0.375000 0.500000
vt 0.625000 0.750000
vt 0.375000 0.750000
vt 0.625000 1.000000
vt 0.375000 1.000000
vt 0.125000 0.500000
vt 0.125000 0.750000
vt 0.875000 0.500000
vt 0.875000 0.750000
s 0
usemtl Logo
f 1917/3213/1643 1918/3214/1643 1920/3215/1643 1919/3216/1643
f 1919/3216/1644 1920/3215/1644 1924/3217/1644 1923/3218/1644
f 1923/3218/1645 1924/3217/1645 1922/3219/1645 1921/3220/1645
f 1921/3220/1646 1922/3219/1646 1918/3221/1646 1917/3222/1646
f 1919/3223/1647 1923/3218/1647 1921/3220/1647 1917/3224/1647
f 1924/3217/1648 1920/3225/1648 1918/3226/1648 1922/3219/1648
o LogoPlate
v -0.040000 0.056000 0.236000
v -0.040000 0.074000 0.236000
v -0.040000 0.056000 0.232000
v -0.040000 0.074000 0.232000
v 0.040000 0.056000 0.236000
v 0.040000 0.074000 0.236000
v 0.040000 0.056000 0.232000
v 0.040000 0.074000 0.232000
vn -1.0000 -0.0000 -0.0000
vn -0.0000 -0.0000 -1.0000
vn 1.0000 -0.0000 -0.0000
vn -0.0000 -0.0000 1.0000
vn -0.0000 -1.0000 -0.0000
vn -0.0000 1.0000 -0.0000
vt 0.375000 0.000000
vt 0.625000 0.000000
vt 0.625000 0.250000
vt 0.375000 0.250000
vt 0.625000 0.500000
vt 0.375000 0.500000
vt 0.625000 0.750000
vt 0.375000 0.750000
vt 0.625000 1.000000
vt 0.375000 1.000000
vt 0.125000 0.500000
vt 0.125000 0.750000
vt 0.875000 0.500000
vt 0.875000 0.750000
s 0
usemtl Logo
f 1925/3227/1649 1926/3228/1649 1928/3229/1649 1927/3230/1649
f 1927/3230/1650 1928/3229/1650 1932/3231/1650 1931/3232/1650
f 1931/3232/1651 1932/3231/1651 1930/3233/1651 1929/3234/1651
f 1929/3234/1652 1930/3233/1652 1926/3235/1652 1925/3236/1652
f 1927/3237/1653 1931/3232/1653 1929/3234/1653 1925/3238/1653
f 1932/3231/1654 1928/3239/1654 1926/3240/1654 1930/3233/1654
o Leg_0
v -0.285000 0.000000 0.184000
v -0.285000 0.055000 0.184000
v -0.278877 0.000000 0.185218
v -0.278877 0.055000 0.185218
v -0.273686 0.000000 0.188686
v -0.273686 0.055000 0.188686
v -0.270218 0.000000 0.193877
v -0.270218 0.055000 0.193877
v -0.269000 0.000000 0.200000
v -0.269000 0.055000 0.200000
v -0.270218 0.000000 0.206123
v -0.270218 0.055000 0.206123
v -0.273686 0.000000 0.211314
v -0.273686 0.055000 0.211314
v -0.278877 0.000000 0.214782
v -0.278877 0.055000 0.214782
v -0.285000 0.000000 0.216000
v -0.285000 0.055000 0.216000
v -0.291123 0.000000 0.214782
v -0.291123 0.055000 0.214782
v -0.296314 0.000000 0.211314
v -0.296314 0.055000 0.211314
v -0.299782 0.000000 0.206123
v -0.299782 0.055000 0.206123
v -0.301000 0.000000 0.200000
v -0.301000 0.055000 0.200000
v -0.299782 0.000000 0.193877
v -0.299782 0.055000 0.193877
v -0.296314 0.000000 0.188686
v -0.296314 0.055000 0.188686
v -0.291123 0.000000 0.185218
v -0.291123 0.055000 0.185218
vn 0.1951 -0.0000 -0.9808
vn 0.5556 -0.0000 -0.8315
vn 0.8315 -0.0000 -0.5556
vn 0.9808 -0.0000 -0.1951
vn 0.9808 -0.0000 0.1951
vn 0.8315 -0.0000 0.5556
vn 0.5556 -0.0000 0.8315
vn 0.1951 -0.0000 0.9808
vn -0.1951 -0.0000 0.9808
vn -0.5556 -0.0000 0.8315
vn -0.8315 -0.0000 0.5556
vn -0.9808 -0.0000 0.1951
vn -0.9808 -0.0000 -0.1951
vn -0.8315 -0.0000 -0.5556
vn -0.0000 1.0000 -0.0000
vn -0.5556 -0.0000 -0.8315
vn -0.1951 -0.0000 -0.9808
vn -0.0000 -1.0000 -0.0000
vt 1.000000 0.500000
vt 1.000000 1.000000
vt 0.937500 1.000000
vt 0.937500 0.500000
vt 0.875000 1.000000
vt 0.875000 0.500000
vt 0.812500 1.000000
vt 0.812500 0.500000
vt 0.750000 1.000000
vt 0.750000 0.500000
vt 0.687500 1.000000
vt 0.687500 0.500000
vt 0.625000 1.000000
vt 0.625000 0.500000
vt 0.562500 1.000000
vt 0.562500 0.500000
vt 0.500000 1.000000
vt 0.500000 0.500000
vt 0.437500 1.000000
vt 0.437500 0.500000
vt 0.375000 1.000000
vt 0.375000 0.500000
vt 0.312500 1.000000
vt 0.312500 0.500000
vt 0.250000 1.000000
vt 0.250000 0.500000
vt 0.187500 1.000000
vt 0.187500 0.500000
vt 0.125000 1.000000
vt 0.125000 0.500000
vt 0.341844 0.471731
vt 0.250000 0.490000
vt 0.158156 0.471731
vt 0.080294 0.419706
vt 0.028269 0.341844
vt 0.010000 0.250000
vt 0.028269 0.158156
vt 0.080294 0.080294
vt 0.158156 0.028269
vt 0.250000 0.010000
vt 0.341844 0.028269
vt 0.419706 0.080294
vt 0.471731 0.158156
vt 0.490000 0.250000
vt 0.471731 0.341844
vt 0.419706 0.419706
vt 0.062500 1.000000
vt 0.062500 0.500000
vt 0.000000 1.000000
vt 0.000000 0.500000
vt 0.750000 0.490000
vt 0.841844 0.471731
vt 0.919706 0.419706
vt 0.971731 0.341844
vt 0.990000 0.250000
vt 0.971731 0.158156
vt 0.919706 0.080294
vt 0.841844 0.028269
vt 0.750000 0.010000
vt 0.658156 0.028269
vt 0.580294 0.080294
vt 0.528269 0.158156
vt 0.510000 0.250000
vt 0.528269 0.341844
vt 0.580294 0.419706
vt 0.658156 0.471731
s 0
usemtl Chrome
f 1933/3241/1655 1934/3242/1655 1936/3243/1655 1935/3244/1655
f 1935/3244/1656 1936/3243/1656 1938/3245/1656 1937/3246/1656
f 1937/3246/1657 1938/3245/1657 1940/3247/1657 1939/3248/1657
f 1939/3248/1658 1940/3247/1658 1942/3249/1658 1941/3250/1658
f 1941/3250/1659 1942/3249/1659 1944/3251/1659 1943/3252/1659
f 1943/3252/1660 1944/3251/1660 1946/3253/1660 1945/3254/1660
f 1945/3254/1661 1946/3253/1661 1948/3255/1661 1947/3256/1661
f 1947/3256/1662 1948/3255/1662 1950/3257/1662 1949/3258/1662
f 1949/3258/1663 1950/3257/1663 1952/3259/1663 1951/3260/1663
f 1951/3260/1664 1952/3259/1664 1954/3261/1664 1953/3262/1664
f 1953/3262/1665 1954/3261/1665 1956/3263/1665 1955/3264/1665
f 1955/3264/1666 1956/3263/1666 1958/3265/1666 1957/3266/1666
f 1957/3266/1667 1958/3265/1667 1960/3267/1667 1959/3268/1667
f 1959/3268/1668 1960/3267/1668 1962/3269/1668 1961/3270/1668
f 1936/3271/1669 1934/3272/1669 1964/3273/1669 1962/3274/1669 1960/3275/1669 1958/3276/1669 1956/3277/1669 1954/3278/1669 1952/3279/1669 1950/3280/1669 1948/3281/1669 1946/3282/1669 1944/3283/1669 1942/3284/1669 1940/3285/1669 1938/3286/1669
f 1961/3270/1670 1962/3269/1670 1964/3287/1670 1963/3288/1670
f 1963/3288/1671 1964/3287/1671 1934/3289/1671 1933/3290/1671
f 1933/3291/1672 1935/3292/1672 1937/3293/1672 1939/3294/1672 1941/3295/1672 1943/3296/1672 1945/3297/1672 1947/3298/1672 1949/3299/1672 1951/3300/1672 1953/3301/1672 1955/3302/1672 1957/3303/1672 1959/3304/1672 1961/3305/1672 1963/3306/1672
o LegFoot_0
v -0.285000 0.000000 0.180000
v -0.285000 0.008000 0.180000
v -0.277346 0.000000 0.181522
v -0.277346 0.008000 0.181522
v -0.270858 0.000000 0.185858
v -0.270858 0.008000 0.185858
v -0.266522 0.000000 0.192346
v -0.266522 0.008000 0.192346
v -0.265000 0.000000 0.200000
v -0.265000 0.008000 0.200000
v -0.266522 0.000000 0.207654
v -0.266522 0.008000 0.207654
v -0.270858 0.000000 0.214142
v -0.270858 0.008000 0.214142
v -0.277346 0.000000 0.218478
v -0.277346 0.008000 0.218478
v -0.285000 0.000000 0.220000
v -0.285000 0.008000 0.220000
v -0.292654 0.000000 0.218478
v -0.292654 0.008000 0.218478
v -0.299142 0.000000 0.214142
v -0.299142 0.008000 0.214142
v -0.303478 0.000000 0.207654
v -0.303478 0.008000 0.207654
v -0.305000 0.000000 0.200000
v -0.305000 0.008000 0.200000
v -0.303478 0.000000 0.192346
v -0.303478 0.008000 0.192346
v -0.299142 0.000000 0.185858
v -0.299142 0.008000 0.185858
v -0.292654 0.000000 0.181522
v -0.292654 0.008000 0.181522
vn 0.1951 -0.0000 -0.9808
vn 0.5556 -0.0000 -0.8315
vn 0.8315 -0.0000 -0.5556
vn 0.9808 -0.0000 -0.1951
vn 0.9808 -0.0000 0.1951
vn 0.8315 -0.0000 0.5556
vn 0.5556 -0.0000 0.8315
vn 0.1951 -0.0000 0.9808
vn -0.1951 -0.0000 0.9808
vn -0.5556 -0.0000 0.8315
vn -0.8315 -0.0000 0.5556
vn -0.9808 -0.0000 0.1951
vn -0.9808 -0.0000 -0.1951
vn -0.8315 -0.0000 -0.5556
vn -0.0000 1.0000 -0.0000
vn -0.5556 -0.0000 -0.8315
vn -0.1951 -0.0000 -0.9808
vn -0.0000 -1.0000 -0.0000
vt 1.000000 0.500000
vt 1.000000 1.000000
vt 0.937500 1.000000
vt 0.937500 0.500000
vt 0.875000 1.000000
vt 0.875000 0.500000
vt 0.812500 1.000000
vt 0.812500 0.500000
vt 0.750000 1.000000
vt 0.750000 0.500000
vt 0.687500 1.000000
vt 0.687500 0.500000
vt 0.625000 1.000000
vt 0.625000 0.500000
vt 0.562500 1.000000
vt 0.562500 0.500000
vt 0.500000 1.000000
vt 0.500000 0.500000
vt 0.437500 1.000000
vt 0.437500 0.500000
vt 0.375000 1.000000
vt 0.375000 0.500000
vt 0.312500 1.000000
vt 0.312500 0.500000
vt 0.250000 1.000000
vt 0.250000 0.500000
vt 0.187500 1.000000
vt 0.187500 0.500000
vt 0.125000 1.000000
vt 0.125000 0.500000
vt 0.341844 0.471731
vt 0.250000 0.490000
vt 0.158156 0.471731
vt 0.080294 0.419706
vt 0.028269 0.341844
vt 0.010000 0.250000
vt 0.028269 0.158156
vt 0.080294 0.080294
vt 0.158156 0.028269
vt 0.250000 0.010000
vt 0.341844 0.028269
vt 0.419706 0.080294
vt 0.471731 0.158156
vt 0.490000 0.250000
vt 0.471731 0.341844
vt 0.419706 0.419706
vt 0.062500 1.000000
vt 0.062500 0.500000
vt 0.000000 1.000000
vt 0.000000 0.500000
vt 0.750000 0.490000
vt 0.841844 0.471731
vt 0.919706 0.419706
vt 0.971731 0.341844
vt 0.990000 0.250000
vt 0.971731 0.158156
vt 0.919706 0.080294
vt 0.841844 0.028269
vt 0.750000 0.010000
vt 0.658156 0.028269
vt 0.580294 0.080294
vt 0.528269 0.158156
vt 0.510000 0.250000
vt 0.528269 0.341844
vt 0.580294 0.419706
vt 0.658156 0.471731
s 0
usemtl Rubber
f 1965/3307/1673 1966/3308/1673 1968/3309/1673 1967/3310/1673
f 1967/3310/1674 1968/3309/1674 1970/3311/1674 1969/3312/1674
f 1969/3312/1675 1970/3311/1675 1972/3313/1675 1971/3314/1675
f 1971/3314/1676 1972/3313/1676 1974/3315/1676 1973/3316/1676
f 1973/3316/1677 1974/3315/1677 1976/3317/1677 1975/3318/1677
f 1975/3318/1678 1976/3317/1678 1978/3319/1678 1977/3320/1678
f 1977/3320/1679 1978/3319/1679 1980/3321/1679 1979/3322/1679
f 1979/3322/1680 1980/3321/1680 1982/3323/1680 1981/3324/1680
f 1981/3324/1681 1982/3323/1681 1984/3325/1681 1983/3326/1681
f 1983/3326/1682 1984/3325/1682 1986/3327/1682 1985/3328/1682
f 1985/3328/1683 1986/3327/1683 1988/3329/1683 1987/3330/1683
f 1987/3330/1684 1988/3329/1684 1990/3331/1684 1989/3332/1684
f 1989/3332/1685 1990/3331/1685 1992/3333/1685 1991/3334/1685
f 1991/3334/1686 1992/3333/1686 1994/3335/1686 1993/3336/1686
f 1968/3337/1687 1966/3338/1687 1996/3339/1687 1994/3340/1687 1992/3341/1687 1990/3342/1687 1988/3343/1687 1986/3344/1687 1984/3345/1687 1982/3346/1687 1980/3347/1687 1978/3348/1687 1976/3349/1687 1974/3350/1687 1972/3351/1687 1970/3352/1687
f 1993/3336/1688 1994/3335/1688 1996/3353/1688 1995/3354/1688
f 1995/3354/1689 1996/3353/1689 1966/3355/1689 1965/3356/1689
f 1965/3357/1690 1967/3358/1690 1969/3359/1690 1971/3360/1690 1973/3361/1690 1975/3362/1690 1977/3363/1690 1979/3364/1690 1981/3365/1690 1983/3366/1690 1985/3367/1690 1987/3368/1690 1989/3369/1690 1991/3370/1690 1993/3371/1690 1995/3372/1690
o Leg_1
v 0.285000 0.000000 0.184000
v 0.285000 0.055000 0.184000
v 0.291123 0.000000 0.185218
v 0.291123 0.055000 0.185218
v 0.296314 0.000000 0.188686
v 0.296314 0.055000 0.188686
v 0.299782 0.000000 0.193877
v 0.299782 0.055000 0.193877
v 0.301000 0.000000 0.200000
v 0.301000 0.055000 0.200000
v 0.299782 0.000000 0.206123
v 0.299782 0.055000 0.206123
v 0.296314 0.000000 0.211314
v 0.296314 0.055000 0.211314
v 0.291123 0.000000 0.214782
v 0.291123 0.055000 0.214782
v 0.285000 0.000000 0.216000
v 0.285000 0.055000 0.216000
v 0.278877 0.000000 0.214782
v 0.278877 0.055000 0.214782
v 0.273686 0.000000 0.211314
v 0.273686 0.055000 0.211314
v 0.270218 0.000000 0.206123
v 0.270218 0.055000 0.206123
v 0.269000 0.000000 0.200000
v 0.269000 0.055000 0.200000
v 0.270218 0.000000 0.193877
v 0.270218 0.055000 0.193877
v 0.273686 0.000000 0.188686
v 0.273686 0.055000 0.188686
v 0.278877 0.000000 0.185218
v 0.278877 0.055000 0.185218
vn 0.1951 -0.0000 -0.9808
vn 0.5556 -0.0000 -0.8315
vn 0.8315 -0.0000 -0.5556
vn 0.9808 -0.0000 -0.1951
vn 0.9808 -0.0000 0.1951
vn 0.8315 -0.0000 0.5556
vn 0.5556 -0.0000 0.8315
vn 0.1951 -0.0000 0.9808
vn -0.1951 -0.0000 0.9808
vn -0.5556 -0.0000 0.8315
vn -0.8315 -0.0000 0.5556
vn -0.9808 -0.0000 0.1951
vn -0.9808 -0.0000 -0.1951
vn -0.8315 -0.0000 -0.5556
vn -0.0000 1.0000 -0.0000
vn -0.5556 -0.0000 -0.8315
vn -0.1951 -0.0000 -0.9808
vn -0.0000 -1.0000 -0.0000
vt 1.000000 0.500000
vt 1.000000 1.000000
vt 0.937500 1.000000
vt 0.937500 0.500000
vt 0.875000 1.000000
vt 0.875000 0.500000
vt 0.812500 1.000000
vt 0.812500 0.500000
vt 0.750000 1.000000
vt 0.750000 0.500000
vt 0.687500 1.000000
vt 0.687500 0.500000
vt 0.625000 1.000000
vt 0.625000 0.500000
vt 0.562500 1.000000
vt 0.562500 0.500000
vt 0.500000 1.000000
vt 0.500000 0.500000
vt 0.437500 1.000000
vt 0.437500 0.500000
vt 0.375000 1.000000
vt 0.375000 0.500000
vt 0.312500 1.000000
vt 0.312500 0.500000
vt 0.250000 1.000000
vt 0.250000 0.500000
vt 0.187500 1.000000
vt 0.187500 0.500000
vt 0.125000 1.000000
vt 0.125000 0.500000
vt 0.341844 0.471731
vt 0.250000 0.490000
vt 0.158156 0.471731
vt 0.080294 0.419706
vt 0.028269 0.341844
vt 0.010000 0.250000
vt 0.028269 0.158156
vt 0.080294 0.080294
vt 0.158156 0.028269
vt 0.250000 0.010000
vt 0.341844 0.028269
vt 0.419706 0.080294
vt 0.471731 0.158156
vt 0.490000 0.250000
vt 0.471731 0.341844
vt 0.419706 0.419706
vt 0.062500 1.000000
vt 0.062500 0.500000
vt 0.000000 1.000000
vt 0.000000 0.500000
vt 0.750000 0.490000
vt 0.841844 0.471731
vt 0.919706 0.419706
vt 0.971731 0.341844
vt 0.990000 0.250000
vt 0.971731 0.158156
vt 0.919706 0.080294
vt 0.841844 0.028269
vt 0.750000 0.010000
vt 0.658156 0.028269
vt 0.580294 0.080294
vt 0.528269 0.158156
vt 0.510000 0.250000
vt 0.528269 0.341844
vt 0.580294 0.419706
vt 0.658156 0.471731
s 0
usemtl Chrome
f 1997/3373/1691 1998/3374/1691 2000/3375/1691 1999/3376/1691
f 1999/3376/1692 2000/3375/1692 2002/3377/1692 2001/3378/1692
f 2001/3378/1693 2002/3377/1693 2004/3379/1693 2003/3380/1693
f 2003/3380/1694 2004/3379/1694 2006/3381/1694 2005/3382/1694
f 2005/3382/1695 2006/3381/1695 2008/3383/1695 2007/3384/1695
f 2007/3384/1696 2008/3383/1696 2010/3385/1696 2009/3386/1696
f 2009/3386/1697 2010/3385/1697 2012/3387/1697 2011/3388/1697
f 2011/3388/1698 2012/3387/1698 2014/3389/1698 2013/3390/1698
f 2013/3390/1699 2014/3389/1699 2016/3391/1699 2015/3392/1699
f 2015/3392/1700 2016/3391/1700 2018/3393/1700 2017/3394/1700
f 2017/3394/1701 2018/3393/1701 2020/3395/1701 2019/3396/1701
f 2019/3396/1702 2020/3395/1702 2022/3397/1702 2021/3398/1702
f 2021/3398/1703 2022/3397/1703 2024/3399/1703 2023/3400/1703
f 2023/3400/1704 2024/3399/1704 2026/3401/1704 2025/3402/1704
f 2000/3403/1705 1998/3404/1705 2028/3405/1705 2026/3406/1705 2024/3407/1705 2022/3408/1705 2020/3409/1705 2018/3410/1705 2016/3411/1705 2014/3412/1705 2012/3413/1705 2010/3414/1705 2008/3415/1705 2006/3416/1705 2004/3417/1705 2002/3418/1705
f 2025/3402/1706 2026/3401/1706 2028/3419/1706 2027/3420/1706
f 2027/3420/1707 2028/3419/1707 1998/3421/1707 1997/3422/1707
f 1997/3423/1708 1999/3424/1708 2001/3425/1708 2003/3426/1708 2005/3427/1708 2007/3428/1708 2009/3429/1708 2011/3430/1708 2013/3431/1708 2015/3432/1708 2017/3433/1708 2019/3434/1708 2021/3435/1708 2023/3436/1708 2025/3437/1708 2027/3438/1708
o LegFoot_1
v 0.285000 0.000000 0.180000
v 0.285000 0.008000 0.180000
v 0.292654 0.000000 0.181522
v 0.292654 0.008000 0.181522
v 0.299142 0.000000 0.185858
v 0.299142 0.008000 0.185858
v 0.303478 0.000000 0.192346
v 0.303478 0.008000 0.192346
v 0.305000 0.000000 0.200000
v 0.305000 0.008000 0.200000
v 0.303478 0.000000 0.207654
v 0.303478 0.008000 0.207654
v 0.299142 0.000000 0.214142
v 0.299142 0.008000 0.214142
v 0.292654 0.000000 0.218478
v 0.292654 0.008000 0.218478
v 0.285000 0.000000 0.220000
v 0.285000 0.008000 0.220000
v 0.277346 0.000000 0.218478
v 0.277346 0.008000 0.218478
v 0.270858 0.000000 0.214142
v 0.270858 0.008000 0.214142
v 0.266522 0.000000 0.207654
v 0.266522 0.008000 0.207654
v 0.265000 0.000000 0.200000
v 0.265000 0.008000 0.200000
v 0.266522 0.000000 0.192346
v 0.266522 0.008000 0.192346
v 0.270858 0.000000 0.185858
v 0.270858 0.008000 0.185858
v 0.277346 0.000000 0.181522
v 0.277346 0.008000 0.181522
vn 0.1951 -0.0000 -0.9808
vn 0.5556 -0.0000 -0.8315
vn 0.8315 -0.0000 -0.5556
vn 0.9808 -0.0000 -0.1951
vn 0.9808 -0.0000 0.1951
vn 0.8315 -0.0000 0.5556
vn 0.5556 -0.0000 0.8315
vn 0.1951 -0.0000 0.9808
vn -0.1951 -0.0000 0.9808
vn -0.5556 -0.0000 0.8315
vn -0.8315 -0.0000 0.5556
vn -0.9808 -0.0000 0.1951
vn -0.9808 -0.0000 -0.1951
vn -0.8315 -0.0000 -0.5556
vn -0.0000 1.0000 -0.0000
vn -0.5556 -0.0000 -0.8315
vn -0.1951 -0.0000 -0.9808
vn -0.0000 -1.0000 -0.0000
vt 1.000000 0.500000
vt 1.000000 1.000000
vt 0.937500 1.000000
vt 0.937500 0.500000
vt 0.875000 1.000000
vt 0.875000 0.500000
vt 0.812500 1.000000
vt 0.812500 0.500000
vt 0.750000 1.000000
vt 0.750000 0.500000
vt 0.687500 1.000000
vt 0.687500 0.500000
vt 0.625000 1.000000
vt 0.625000 0.500000
vt 0.562500 1.000000
vt 0.562500 0.500000
vt 0.500000 1.000000
vt 0.500000 0.500000
vt 0.437500 1.000000
vt 0.437500 0.500000
vt 0.375000 1.000000
vt 0.375000 0.500000
vt 0.312500 1.000000
vt 0.312500 0.500000
vt 0.250000 1.000000
vt 0.250000 0.500000
vt 0.187500 1.000000
vt 0.187500 0.500000
vt 0.125000 1.000000
vt 0.125000 0.500000
vt 0.341844 0.471731
vt 0.250000 0.490000
vt 0.158156 0.471731
vt 0.080294 0.419706
vt 0.028269 0.341844
vt 0.010000 0.250000
vt 0.028269 0.158156
vt 0.080294 0.080294
vt 0.158156 0.028269
vt 0.250000 0.010000
vt 0.341844 0.028269
vt 0.419706 0.080294
vt 0.471731 0.158156
vt 0.490000 0.250000
vt 0.471731 0.341844
vt 0.419706 0.419706
vt 0.062500 1.000000
vt 0.062500 0.500000
vt 0.000000 1.000000
vt 0.000000 0.500000
vt 0.750000 0.490000
vt 0.841844 0.471731
vt 0.919706 0.419706
vt 0.971731 0.341844
vt 0.990000 0.250000
vt 0.971731 0.158156
vt 0.919706 0.080294
vt 0.841844 0.028269
vt 0.750000 0.010000
vt 0.658156 0.028269
vt 0.580294 0.080294
vt 0.528269 0.158156
vt 0.510000 0.250000
vt 0.528269 0.341844
vt 0.580294 0.419706
vt 0.658156 0.471731
s 0
usemtl Rubber
f 2029/3439/1709 2030/3440/1709 2032/3441/1709 2031/3442/1709
f 2031/3442/1710 2032/3441/1710 2034/3443/1710 2033/3444/1710
f 2033/3444/1711 2034/3443/1711 2036/3445/1711 2035/3446/1711
f 2035/3446/1712 2036/3445/1712 2038/3447/1712 2037/3448/1712
f 2037/3448/1713 2038/3447/1713 2040/3449/1713 2039/3450/1713
f 2039/3450/1714 2040/3449/1714 2042/3451/1714 2041/3452/1714
f 2041/3452/1715 2042/3451/1715 2044/3453/1715 2043/3454/1715
f 2043/3454/1716 2044/3453/1716 2046/3455/1716 2045/3456/1716
f 2045/3456/1717 2046/3455/1717 2048/3457/1717 2047/3458/1717
f 2047/3458/1718 2048/3457/1718 2050/3459/1718 2049/3460/1718
f 2049/3460/1719 2050/3459/1719 2052/3461/1719 2051/3462/1719
f 2051/3462/1720 2052/3461/1720 2054/3463/1720 2053/3464/1720
f 2053/3464/1721 2054/3463/1721 2056/3465/1721 2055/3466/1721
f 2055/3466/1722 2056/3465/1722 2058/3467/1722 2057/3468/1722
f 2032/3469/1723 2030/3470/1723 2060/3471/1723 2058/3472/1723 2056/3473/1723 2054/3474/1723 2052/3475/1723 2050/3476/1723 2048/3477/1723 2046/3478/1723 2044/3479/1723 2042/3480/1723 2040/3481/1723 2038/3482/1723 2036/3483/1723 2034/3484/1723
f 2057/3468/1724 2058/3467/1724 2060/3485/1724 2059/3486/1724
f 2059/3486/1725 2060/3485/1725 2030/3487/1725 2029/3488/1725
f 2029/3489/1726 2031/3490/1726 2033/3491/1726 2035/3492/1726 2037/3493/1726 2039/3494/1726 2041/3495/1726 2043/3496/1726 2045/3497/1726 2047/3498/1726 2049/3499/1726 2051/3500/1726 2053/3501/1726 2055/3502/1726 2057/3503/1726 2059/3504/1726
o Leg_2
v -0.285000 0.000000 -0.216000
v -0.285000 0.055000 -0.216000
v -0.278877 0.000000 -0.214782
v -0.278877 0.055000 -0.214782
v -0.273686 0.000000 -0.211314
v -0.273686 0.055000 -0.211314
v -0.270218 0.000000 -0.206123
v -0.270218 0.055000 -0.206123
v -0.269000 0.000000 -0.200000
v -0.269000 0.055000 -0.200000
v -0.270218 0.000000 -0.193877
v -0.270218 0.055000 -0.193877
v -0.273686 0.000000 -0.188686
v -0.273686 0.055000 -0.188686
v -0.278877 0.000000 -0.185218
v -0.278877 0.055000 -0.185218
v -0.285000 0.000000 -0.184000
v -0.285000 0.055000 -0.184000
v -0.291123 0.000000 -0.185218
v -0.291123 0.055000 -0.185218
v -0.296314 0.000000 -0.188686
v -0.296314 0.055000 -0.188686
v -0.299782 0.000000 -0.193877
v -0.299782 0.055000 -0.193877
v -0.301000 0.000000 -0.200000
v -0.301000 0.055000 -0.200000
v -0.299782 0.000000 -0.206123
v -0.299782 0.055000 -0.206123
v -0.296314 0.000000 -0.211314
v -0.296314 0.055000 -0.211314
v -0.291123 0.000000 -0.214782
v -0.291123 0.055000 -0.214782
vn 0.1951 -0.0000 -0.9808
vn 0.5556 -0.0000 -0.8315
vn 0.8315 -0.0000 -0.5556
vn 0.9808 -0.0000 -0.1951
vn 0.9808 -0.0000 0.1951
vn 0.8315 -0.0000 0.5556
vn 0.5556 -0.0000 0.8315
vn 0.1951 -0.0000 0.9808
vn -0.1951 -0.0000 0.9808
vn -0.5556 -0.0000 0.8315
vn -0.8315 -0.0000 0.5556
vn -0.9808 -0.0000 0.1951
vn -0.9808 -0.0000 -0.1951
vn -0.8315 -0.0000 -0.5556
vn -0.0000 1.0000 -0.0000
vn -0.5556 -0.0000 -0.8315
vn -0.1951 -0.0000 -0.9808
vn -0.0000 -1.0000 -0.0000
vt 1.000000 0.500000
vt 1.000000 1.000000
vt 0.937500 1.000000
vt 0.937500 0.500000
vt 0.875000 1.000000
vt 0.875000 0.500000
vt 0.812500 1.000000
vt 0.812500 0.500000
vt 0.750000 1.000000
vt 0.750000 0.500000
vt 0.687500 1.000000
vt 0.687500 0.500000
vt 0.625000 1.000000
vt 0.625000 0.500000
vt 0.562500 1.000000
vt 0.562500 0.500000
vt 0.500000 1.000000
vt 0.500000 0.500000
vt 0.437500 1.000000
vt 0.437500 0.500000
vt 0.375000 1.000000
vt 0.375000 0.500000
vt 0.312500 1.000000
vt 0.312500 0.500000
vt 0.250000 1.000000
vt 0.250000 0.500000
vt 0.187500 1.000000
vt 0.187500 0.500000
vt 0.125000 1.000000
vt 0.125000 0.500000
vt 0.341844 0.471731
vt 0.250000 0.490000
vt 0.158156 0.471731
vt 0.080294 0.419706
vt 0.028269 0.341844
vt 0.010000 0.250000
vt 0.028269 0.158156
vt 0.080294 0.080294
vt 0.158156 0.028269
vt 0.250000 0.010000
vt 0.341844 0.028269
vt 0.419706 0.080294
vt 0.471731 0.158156
vt 0.490000 0.250000
vt 0.471731 0.341844
vt 0.419706 0.419706
vt 0.062500 1.000000
vt 0.062500 0.500000
vt 0.000000 1.000000
vt 0.000000 0.500000
vt 0.750000 0.490000
vt 0.841844 0.471731
vt 0.919706 0.419706
vt 0.971731 0.341844
vt 0.990000 0.250000
vt 0.971731 0.158156
vt 0.919706 0.080294
vt 0.841844 0.028269
vt 0.750000 0.010000
vt 0.658156 0.028269
vt 0.580294 0.080294
vt 0.528269 0.158156
vt 0.510000 0.250000
vt 0.528269 0.341844
vt 0.580294 0.419706
vt 0.658156 0.471731
s 0
usemtl Chrome
f 2061/3505/1727 2062/3506/1727 2064/3507/1727 2063/3508/1727
f 2063/3508/1728 2064/3507/1728 2066/3509/1728 2065/3510/1728
f 2065/3510/1729 2066/3509/1729 2068/3511/1729 2067/3512/1729
f 2067/3512/1730 2068/3511/1730 2070/3513/1730 2069/3514/1730
f 2069/3514/1731 2070/3513/1731 2072/3515/1731 2071/3516/1731
f 2071/3516/1732 2072/3515/1732 2074/3517/1732 2073/3518/1732
f 2073/3518/1733 2074/3517/1733 2076/3519/1733 2075/3520/1733
f 2075/3520/1734 2076/3519/1734 2078/3521/1734 2077/3522/1734
f 2077/3522/1735 2078/3521/1735 2080/3523/1735 2079/3524/1735
f 2079/3524/1736 2080/3523/1736 2082/3525/1736 2081/3526/1736
f 2081/3526/1737 2082/3525/1737 2084/3527/1737 2083/3528/1737
f 2083/3528/1738 2084/3527/1738 2086/3529/1738 2085/3530/1738
f 2085/3530/1739 2086/3529/1739 2088/3531/1739 2087/3532/1739
f 2087/3532/1740 2088/3531/1740 2090/3533/1740 2089/3534/1740
f 2064/3535/1741 2062/3536/1741 2092/3537/1741 2090/3538/1741 2088/3539/1741 2086/3540/1741 2084/3541/1741 2082/3542/1741 2080/3543/1741 2078/3544/1741 2076/3545/1741 2074/3546/1741 2072/3547/1741 2070/3548/1741 2068/3549/1741 2066/3550/1741
f 2089/3534/1742 2090/3533/1742 2092/3551/1742 2091/3552/1742
f 2091/3552/1743 2092/3551/1743 2062/3553/1743 2061/3554/1743
f 2061/3555/1744 2063/3556/1744 2065/3557/1744 2067/3558/1744 2069/3559/1744 2071/3560/1744 2073/3561/1744 2075/3562/1744 2077/3563/1744 2079/3564/1744 2081/3565/1744 2083/3566/1744 2085/3567/1744 2087/3568/1744 2089/3569/1744 2091/3570/1744
o LegFoot_2
v -0.285000 0.000000 -0.220000
v -0.285000 0.008000 -0.220000
v -0.277346 0.000000 -0.218478
v -0.277346 0.008000 -0.218478
v -0.270858 0.000000 -0.214142
v -0.270858 0.008000 -0.214142
v -0.266522 0.000000 -0.207654
v -0.266522 0.008000 -0.207654
v -0.265000 0.000000 -0.200000
v -0.265000 0.008000 -0.200000
v -0.266522 0.000000 -0.192346
v -0.266522 0.008000 -0.192346
v -0.270858 0.000000 -0.185858
v -0.270858 0.008000 -0.185858
v -0.277346 0.000000 -0.181522
v -0.277346 0.008000 -0.181522
v -0.285000 0.000000 -0.180000
v -0.285000 0.008000 -0.180000
v -0.292654 0.000000 -0.181522
v -0.292654 0.008000 -0.181522
v -0.299142 0.000000 -0.185858
v -0.299142 0.008000 -0.185858
v -0.303478 0.000000 -0.192346
v -0.303478 0.008000 -0.192346
v -0.305000 0.000000 -0.200000
v -0.305000 0.008000 -0.200000
v -0.303478 0.000000 -0.207654
v -0.303478 0.008000 -0.207654
v -0.299142 0.000000 -0.214142
v -0.299142 0.008000 -0.214142
v -0.292654 0.000000 -0.218478
v -0.292654 0.008000 -0.218478
vn 0.1951 -0.0000 -0.9808
vn 0.5556 -0.0000 -0.8315
vn 0.8315 -0.0000 -0.5556
vn 0.9808 -0.0000 -0.1951
vn 0.9808 -0.0000 0.1951
vn 0.8315 -0.0000 0.5556
vn 0.5556 -0.0000 0.8315
vn 0.1951 -0.0000 0.9808
vn -0.1951 -0.0000 0.9808
vn -0.5556 -0.0000 0.8315
vn -0.8315 -0.0000 0.5556
vn -0.9808 -0.0000 0.1951
vn -0.9808 -0.0000 -0.1951
vn -0.8315 -0.0000 -0.5556
vn -0.0000 1.0000 -0.0000
vn -0.5556 -0.0000 -0.8315
vn -0.1951 -0.0000 -0.9808
vn -0.0000 -1.0000 -0.0000
vt 1.000000 0.500000
vt 1.000000 1.000000
vt 0.937500 1.000000
vt 0.937500 0.500000
vt 0.875000 1.000000
vt 0.875000 0.500000
vt 0.812500 1.000000
vt 0.812500 0.500000
vt 0.750000 1.000000
vt 0.750000 0.500000
vt 0.687500 1.000000
vt 0.687500 0.500000
vt 0.625000 1.000000
vt 0.625000 0.500000
vt 0.562500 1.000000
vt 0.562500 0.500000
vt 0.500000 1.000000
vt 0.500000 0.500000
vt 0.437500 1.000000
vt 0.437500 0.500000
vt 0.375000 1.000000
vt 0.375000 0.500000
vt 0.312500 1.000000
vt 0.312500 0.500000
vt 0.250000 1.000000
vt 0.250000 0.500000
vt 0.187500 1.000000
vt 0.187500 0.500000
vt 0.125000 1.000000
vt 0.125000 0.500000
vt 0.341844 0.471731
vt 0.250000 0.490000
vt 0.158156 0.471731
vt 0.080294 0.419706
vt 0.028269 0.341844
vt 0.010000 0.250000
vt 0.028269 0.158156
vt 0.080294 0.080294
vt 0.158156 0.028269
vt 0.250000 0.010000
vt 0.341844 0.028269
vt 0.419706 0.080294
vt 0.471731 0.158156
vt 0.490000 0.250000
vt 0.471731 0.341844
vt 0.419706 0.419706
vt 0.062500 1.000000
vt 0.062500 0.500000
vt 0.000000 1.000000
vt 0.000000 0.500000
vt 0.750000 0.490000
vt 0.841844 0.471731
vt 0.919706 0.419706
vt 0.971731 0.341844
vt 0.990000 0.250000
vt 0.971731 0.158156
vt 0.919706 0.080294
vt 0.841844 0.028269
vt 0.750000 0.010000
vt 0.658156 0.028269
vt 0.580294 0.080294
vt 0.528269 0.158156
vt 0.510000 0.250000
vt 0.528269 0.341844
vt 0.580294 0.419706
vt 0.658156 0.471731
s 0
usemtl Rubber
f 2093/3571/1745 2094/3572/1745 2096/3573/1745 2095/3574/1745
f 2095/3574/1746 2096/3573/1746 2098/3575/1746 2097/3576/1746
f 2097/3576/1747 2098/3575/1747 2100/3577/1747 2099/3578/1747
f 2099/3578/1748 2100/3577/1748 2102/3579/1748 2101/3580/1748
f 2101/3580/1749 2102/3579/1749 2104/3581/1749 2103/3582/1749
f 2103/3582/1750 2104/3581/1750 2106/3583/1750 2105/3584/1750
f 2105/3584/1751 2106/3583/1751 2108/3585/1751 2107/3586/1751
f 2107/3586/1752 2108/3585/1752 2110/3587/1752 2109/3588/1752
f 2109/3588/1753 2110/3587/1753 2112/3589/1753 2111/3590/1753
f 2111/3590/1754 2112/3589/1754 2114/3591/1754 2113/3592/1754
f 2113/3592/1755 2114/3591/1755 2116/3593/1755 2115/3594/1755
f 2115/3594/1756 2116/3593/1756 2118/3595/1756 2117/3596/1756
f 2117/3596/1757 2118/3595/1757 2120/3597/1757 2119/3598/1757
f 2119/3598/1758 2120/3597/1758 2122/3599/1758 2121/3600/1758
f 2096/3601/1759 2094/3602/1759 2124/3603/1759 2122/3604/1759 2120/3605/1759 2118/3606/1759 2116/3607/1759 2114/3608/1759 2112/3609/1759 2110/3610/1759 2108/3611/1759 2106/3612/1759 2104/3613/1759 2102/3614/1759 2100/3615/1759 2098/3616/1759
f 2121/3600/1760 2122/3599/1760 2124/3617/1760 2123/3618/1760
f 2123/3618/1761 2124/3617/1761 2094/3619/1761 2093/3620/1761
f 2093/3621/1762 2095/3622/1762 2097/3623/1762 2099/3624/1762 2101/3625/1762 2103/3626/1762 2105/3627/1762 2107/3628/1762 2109/3629/1762 2111/3630/1762 2113/3631/1762 2115/3632/1762 2117/3633/1762 2119/3634/1762 2121/3635/1762 2123/3636/1762
o Leg_3
v 0.285000 0.000000 -0.216000
v 0.285000 0.055000 -0.216000
v 0.291123 0.000000 -0.214782
v 0.291123 0.055000 -0.214782
v 0.296314 0.000000 -0.211314
v 0.296314 0.055000 -0.211314
v 0.299782 0.000000 -0.206123
v 0.299782 0.055000 -0.206123
v 0.301000 0.000000 -0.200000
v 0.301000 0.055000 -0.200000
v 0.299782 0.000000 -0.193877
v 0.299782 0.055000 -0.193877
v 0.296314 0.000000 -0.188686
v 0.296314 0.055000 -0.188686
v 0.291123 0.000000 -0.185218
v 0.291123 0.055000 -0.185218
v 0.285000 0.000000 -0.184000
v 0.285000 0.055000 -0.184000
v 0.278877 0.000000 -0.185218
v 0.278877 0.055000 -0.185218
v 0.273686 0.000000 -0.188686
v 0.273686 0.055000 -0.188686
v 0.270218 0.000000 -0.193877
v 0.270218 0.055000 -0.193877
v 0.269000 0.000000 -0.200000
v 0.269000 0.055000 -0.200000
v 0.270218 0.000000 -0.206123
v 0.270218 0.055000 -0.206123
v 0.273686 0.000000 -0.211314
v 0.273686 0.055000 -0.211314
v 0.278877 0.000000 -0.214782
v 0.278877 0.055000 -0.214782
vn 0.1951 -0.0000 -0.9808
vn 0.5556 -0.0000 -0.8315
vn 0.8315 -0.0000 -0.5556
vn 0.9808 -0.0000 -0.1951
vn 0.9808 -0.0000 0.1951
vn 0.8315 -0.0000 0.5556
vn 0.5556 -0.0000 0.8315
vn 0.1951 -0.0000 0.9808
vn -0.1951 -0.0000 0.9808
vn -0.5556 -0.0000 0.8315
vn -0.8315 -0.0000 0.5556
vn -0.9808 -0.0000 0.1951
vn -0.9808 -0.0000 -0.1951
vn -0.8315 -0.0000 -0.5556
vn -0.0000 1.0000 -0.0000
vn -0.5556 -0.0000 -0.8315
vn -0.1951 -0.0000 -0.9808
vn -0.0000 -1.0000 -0.0000
vt 1.000000 0.500000
vt 1.000000 1.000000
vt 0.937500 1.000000
vt 0.937500 0.500000
vt 0.875000 1.000000
vt 0.875000 0.500000
vt 0.812500 1.000000
vt 0.812500 0.500000
vt 0.750000 1.000000
vt 0.750000 0.500000
vt 0.687500 1.000000
vt 0.687500 0.500000
vt 0.625000 1.000000
vt 0.625000 0.500000
vt 0.562500 1.000000
vt 0.562500 0.500000
vt 0.500000 1.000000
vt 0.500000 0.500000
vt 0.437500 1.000000
vt 0.437500 0.500000
vt 0.375000 1.000000
vt 0.375000 0.500000
vt 0.312500 1.000000
vt 0.312500 0.500000
vt 0.250000 1.000000
vt 0.250000 0.500000
vt 0.187500 1.000000
vt 0.187500 0.500000
vt 0.125000 1.000000
vt 0.125000 0.500000
vt 0.341844 0.471731
vt 0.250000 0.490000
vt 0.158156 0.471731
vt 0.080294 0.419706
vt 0.028269 0.341844
vt 0.010000 0.250000
vt 0.028269 0.158156
vt 0.080294 0.080294
vt 0.158156 0.028269
vt 0.250000 0.010000
vt 0.341844 0.028269
vt 0.419706 0.080294
vt 0.471731 0.158156
vt 0.490000 0.250000
vt 0.471731 0.341844
vt 0.419706 0.419706
vt 0.062500 1.000000
vt 0.062500 0.500000
vt 0.000000 1.000000
vt 0.000000 0.500000
vt 0.750000 0.490000
vt 0.841844 0.471731
vt 0.919706 0.419706
vt 0.971731 0.341844
vt 0.990000 0.250000
vt 0.971731 0.158156
vt 0.919706 0.080294
vt 0.841844 0.028269
vt 0.750000 0.010000
vt 0.658156 0.028269
vt 0.580294 0.080294
vt 0.528269 0.158156
vt 0.510000 0.250000
vt 0.528269 0.341844
vt 0.580294 0.419706
vt 0.658156 0.471731
s 0
usemtl Chrome
f 2125/3637/1763 2126/3638/1763 2128/3639/1763 2127/3640/1763
f 2127/3640/1764 2128/3639/1764 2130/3641/1764 2129/3642/1764
f 2129/3642/1765 2130/3641/1765 2132/3643/1765 2131/3644/1765
f 2131/3644/1766 2132/3643/1766 2134/3645/1766 2133/3646/1766
f 2133/3646/1767 2134/3645/1767 2136/3647/1767 2135/3648/1767
f 2135/3648/1768 2136/3647/1768 2138/3649/1768 2137/3650/1768
f 2137/3650/1769 2138/3649/1769 2140/3651/1769 2139/3652/1769
f 2139/3652/1770 2140/3651/1770 2142/3653/1770 2141/3654/1770
f 2141/3654/1771 2142/3653/1771 2144/3655/1771 2143/3656/1771
f 2143/3656/1772 2144/3655/1772 2146/3657/1772 2145/3658/1772
f 2145/3658/1773 2146/3657/1773 2148/3659/1773 2147/3660/1773
f 2147/3660/1774 2148/3659/1774 2150/3661/1774 2149/3662/1774
f 2149/3662/1775 2150/3661/1775 2152/3663/1775 2151/3664/1775
f 2151/3664/1776 2152/3663/1776 2154/3665/1776 2153/3666/1776
f 2128/3667/1777 2126/3668/1777 2156/3669/1777 2154/3670/1777 2152/3671/1777 2150/3672/1777 2148/3673/1777 2146/3674/1777 2144/3675/1777 2142/3676/1777 2140/3677/1777 2138/3678/1777 2136/3679/1777 2134/3680/1777 2132/3681/1777 2130/3682/1777
f 2153/3666/1778 2154/3665/1778 2156/3683/1778 2155/3684/1778
f 2155/3684/1779 2156/3683/1779 2126/3685/1779 2125/3686/1779
f 2125/3687/1780 2127/3688/1780 2129/3689/1780 2131/3690/1780 2133/3691/1780 2135/3692/1780 2137/3693/1780 2139/3694/1780 2141/3695/1780 2143/3696/1780 2145/3697/1780 2147/3698/1780 2149/3699/1780 2151/3700/1780 2153/3701/1780 2155/3702/1780
o LegFoot_3
v 0.285000 0.000000 -0.220000
v 0.285000 0.008000 -0.220000
v 0.292654 0.000000 -0.218478
v 0.292654 0.008000 -0.218478
v 0.299142 0.000000 -0.214142
v 0.299142 0.008000 -0.214142
v 0.303478 0.000000 -0.207654
v 0.303478 0.008000 -0.207654
v 0.305000 0.000000 -0.200000
v 0.305000 0.008000 -0.200000
v 0.303478 0.000000 -0.192346
v 0.303478 0.008000 -0.192346
v 0.299142 0.000000 -0.185858
v 0.299142 0.008000 -0.185858
v 0.292654 0.000000 -0.181522
v 0.292654 0.008000 -0.181522
v 0.285000 0.000000 -0.180000
v 0.285000 0.008000 -0.180000
v 0.277346 0.000000 -0.181522
v 0.277346 0.008000 -0.181522
v 0.270858 0.000000 -0.185858
v 0.270858 0.008000 -0.185858
v 0.266522 0.000000 -0.192346
v 0.266522 0.008000 -0.192346
v 0.265000 0.000000 -0.200000
v 0.265000 0.008000 -0.200000
v 0.266522 0.000000 -0.207654
v 0.266522 0.008000 -0.207654
v 0.270858 0.000000 -0.214142
v 0.270858 0.008000 -0.214142
v 0.277346 0.000000 -0.218478
v 0.277346 0.008000 -0.218478
vn 0.1951 -0.0000 -0.9808
vn 0.5556 -0.0000 -0.8315
vn 0.8315 -0.0000 -0.5556
vn 0.9808 -0.0000 -0.1951
vn 0.9808 -0.0000 0.1951
vn 0.8315 -0.0000 0.5556
vn 0.5556 -0.0000 0.8315
vn 0.1951 -0.0000 0.9808
vn -0.1951 -0.0000 0.9808
vn -0.5556 -0.0000 0.8315
vn -0.8315 -0.0000 0.5556
vn -0.9808 -0.0000 0.1951
vn -0.9808 -0.0000 -0.1951
vn -0.8315 -0.0000 -0.5556
vn -0.0000 1.0000 -0.0000
vn -0.5556 -0.0000 -0.8315
vn -0.1951 -0.0000 -0.9808
vn -0.0000 -1.0000 -0.0000
vt 1.000000 0.500000
vt 1.000000 1.000000
vt 0.937500 1.000000
vt 0.937500 0.500000
vt 0.875000 1.000000
vt 0.875000 0.500000
vt 0.812500 1.000000
vt 0.812500 0.500000
vt 0.750000 1.000000
vt 0.750000 0.500000
vt 0.687500 1.000000
vt 0.687500 0.500000
vt 0.625000 1.000000
vt 0.625000 0.500000
vt 0.562500 1.000000
vt 0.562500 0.500000
vt 0.500000 1.000000
vt 0.500000 0.500000
vt 0.437500 1.000000
vt 0.437500 0.500000
vt 0.375000 1.000000
vt 0.375000 0.500000
vt 0.312500 1.000000
vt 0.312500 0.500000
vt 0.250000 1.000000
vt 0.250000 0.500000
vt 0.187500 1.000000
vt 0.187500 0.500000
vt 0.125000 1.000000
vt 0.125000 0.500000
vt 0.341844 0.471731
vt 0.250000 0.490000
vt 0.158156 0.471731
vt 0.080294 0.419706
vt 0.028269 0.341844
vt 0.010000 0.250000
vt 0.028269 0.158156
vt 0.080294 0.080294
vt 0.158156 0.028269
vt 0.250000 0.010000
vt 0.341844 0.028269
vt 0.419706 0.080294
vt 0.471731 0.158156
vt 0.490000 0.250000
vt 0.471731 0.341844
vt 0.419706 0.419706
vt 0.062500 1.000000
vt 0.062500 0.500000
vt 0.000000 1.000000
vt 0.000000 0.500000
vt 0.750000 0.490000
vt 0.841844 0.471731
vt 0.919706 0.419706
vt 0.971731 0.341844
vt 0.990000 0.250000
vt 0.971731 0.158156
vt 0.919706 0.080294
vt 0.841844 0.028269
vt 0.750000 0.010000
vt 0.658156 0.028269
vt 0.580294 0.080294
vt 0.528269 0.158156
vt 0.510000 0.250000
vt 0.528269 0.341844
vt 0.580294 0.419706
vt 0.658156 0.471731
s 0
usemtl Rubber
f 2157/3703/1781 2158/3704/1781 2160/3705/1781 2159/3706/1781
f 2159/3706/1782 2160/3705/1782 2162/3707/1782 2161/3708/1782
f 2161/3708/1783 2162/3707/1783 2164/3709/1783 2163/3710/1783
f 2163/3710/1784 2164/3709/1784 2166/3711/1784 2165/3712/1784
f 2165/3712/1785 2166/3711/1785 2168/3713/1785 2167/3714/1785
f 2167/3714/1786 2168/3713/1786 2170/3715/1786 2169/3716/1786
f 2169/3716/1787 2170/3715/1787 2172/3717/1787 2171/3718/1787
f 2171/3718/1788 2172/3717/1788 2174/3719/1788 2173/3720/1788
f 2173/3720/1789 2174/3719/1789 2176/3721/1789 2175/3722/1789
f 2175/3722/1790 2176/3721/1790 2178/3723/1790 2177/3724/1790
f 2177/3724/1791 2178/3723/1791 2180/3725/1791 2179/3726/1791
f 2179/3726/1792 2180/3725/1792 2182/3727/1792 2181/3728/1792
f 2181/3728/1793 2182/3727/1793 2184/3729/1793 2183/3730/1793
f 2183/3730/1794 2184/3729/1794 2186/3731/1794 2185/3732/1794
f 2160/3733/1795 2158/3734/1795 2188/3735/1795 2186/3736/1795 2184/3737/1795 2182/3738/1795 2180/3739/1795 2178/3740/1795 2176/3741/1795 2174/3742/1795 2172/3743/1795 2170/3744/1795 2168/3745/1795 2166/3746/1795 2164/3747/1795 2162/3748/1795
f 2185/3732/1796 2186/3731/1796 2188/3749/1796 2187/3750/1796
f 2187/3750/1797 2188/3749/1797 2158/3751/1797 2157/3752/1797
f 2157/3753/1798 2159/3754/1798 2161/3755/1798 2163/3756/1798 2165/3757/1798 2167/3758/1798 2169/3759/1798 2171/3760/1798 2173/3761/1798 2175/3762/1798 2177/3763/1798 2179/3764/1798 2181/3765/1798 2183/3766/1798 2185/3767/1798 2187/3768/1798
o GasPort
v 0.308500 0.105000 -0.098000
v 0.333500 0.105000 -0.098000
v 0.308500 0.098112 -0.096630
v 0.333500 0.098112 -0.096630
v 0.308500 0.092272 -0.092728
v 0.333500 0.092272 -0.092728
v 0.308500 0.088370 -0.086888
v 0.333500 0.088370 -0.086888
v 0.308500 0.087000 -0.080000
v 0.333500 0.087000 -0.080000
v 0.308500 0.088370 -0.073112
v 0.333500 0.088370 -0.073112
v 0.308500 0.092272 -0.067272
v 0.333500 0.092272 -0.067272
v 0.308500 0.098112 -0.063370
v 0.333500 0.098112 -0.063370
v 0.308500 0.105000 -0.062000
v 0.333500 0.105000 -0.062000
v 0.308500 0.111888 -0.063370
v 0.333500 0.111888 -0.063370
v 0.308500 0.117728 -0.067272
v 0.333500 0.117728 -0.067272
v 0.308500 0.121630 -0.073112
v 0.333500 0.121630 -0.073112
v 0.308500 0.123000 -0.080000
v 0.333500 0.123000 -0.080000
v 0.308500 0.121630 -0.086888
v 0.333500 0.121630 -0.086888
v 0.308500 0.117728 -0.092728
v 0.333500 0.117728 -0.092728
v 0.308500 0.111888 -0.096630
v 0.333500 0.111888 -0.096630
vn -0.0000 -0.1951 -0.9808
vn -0.0000 -0.5556 -0.8315
vn -0.0000 -0.8315 -0.5556
vn -0.0000 -0.9808 -0.1951
vn -0.0000 -0.9808 0.1951
vn -0.0000 -0.8315 0.5556
vn -0.0000 -0.5556 0.8315
vn -0.0000 -0.1951 0.9808
vn -0.0000 0.1951 0.9808
vn -0.0000 0.5556 0.8315
vn -0.0000 0.8315 0.5556
vn -0.0000 0.9808 0.1951
vn -0.0000 0.9808 -0.1951
vn -0.0000 0.8315 -0.5556
vn 1.0000 -0.0000 -0.0000
vn -0.0000 0.5556 -0.8315
vn -0.0000 0.1951 -0.9808
vn -1.0000 -0.0000 -0.0000
vt 1.000000 0.500000
vt 1.000000 1.000000
vt 0.937500 1.000000
vt 0.937500 0.500000
vt 0.875000 1.000000
vt 0.875000 0.500000
vt 0.812500 1.000000
vt 0.812500 0.500000
vt 0.750000 1.000000
vt 0.750000 0.500000
vt 0.687500 1.000000
vt 0.687500 0.500000
vt 0.625000 1.000000
vt 0.625000 0.500000
vt 0.562500 1.000000
vt 0.562500 0.500000
vt 0.500000 1.000000
vt 0.500000 0.500000
vt 0.437500 1.000000
vt 0.437500 0.500000
vt 0.375000 1.000000
vt 0.375000 0.500000
vt 0.312500 1.000000
vt 0.312500 0.500000
vt 0.250000 1.000000
vt 0.250000 0.500000
vt 0.187500 1.000000
vt 0.187500 0.500000
vt 0.125000 1.000000
vt 0.125000 0.500000
vt 0.341844 0.471731
vt 0.250000 0.490000
vt 0.158156 0.471731
vt 0.080294 0.419706
vt 0.028269 0.341844
vt 0.010000 0.250000
vt 0.028269 0.158156
vt 0.080294 0.080294
vt 0.158156 0.028269
vt 0.250000 0.010000
vt 0.341844 0.028269
vt 0.419706 0.080294
vt 0.471731 0.158156
vt 0.490000 0.250000
vt 0.471731 0.341844
vt 0.419706 0.419706
vt 0.062500 1.000000
vt 0.062500 0.500000
vt 0.000000 1.000000
vt 0.000000 0.500000
vt 0.750000 0.490000
vt 0.841844 0.471731
vt 0.919706 0.419706
vt 0.971731 0.341844
vt 0.990000 0.250000
vt 0.971731 0.158156
vt 0.919706 0.080294
vt 0.841844 0.028269
vt 0.750000 0.010000
vt 0.658156 0.028269
vt 0.580294 0.080294
vt 0.528269 0.158156
vt 0.510000 0.250000
vt 0.528269 0.341844
vt 0.580294 0.419706
vt 0.658156 0.471731
s 0
usemtl Chrome
f 2189/3769/1799 2190/3770/1799 2192/3771/1799 2191/3772/1799
f 2191/3772/1800 2192/3771/1800 2194/3773/1800 2193/3774/1800
f 2193/3774/1801 2194/3773/1801 2196/3775/1801 2195/3776/1801
f 2195/3776/1802 2196/3775/1802 2198/3777/1802 2197/3778/1802
f 2197/3778/1803 2198/3777/1803 2200/3779/1803 2199/3780/1803
f 2199/3780/1804 2200/3779/1804 2202/3781/1804 2201/3782/1804
f 2201/3782/1805 2202/3781/1805 2204/3783/1805 2203/3784/1805
f 2203/3784/1806 2204/3783/1806 2206/3785/1806 2205/3786/1806
f 2205/3786/1807 2206/3785/1807 2208/3787/1807 2207/3788/1807
f 2207/3788/1808 2208/3787/1808 2210/3789/1808 2209/3790/1808
f 2209/3790/1809 2210/3789/1809 2212/3791/1809 2211/3792/1809
f 2211/3792/1810 2212/3791/1810 2214/3793/1810 2213/3794/1810
f 2213/3794/1811 2214/3793/1811 2216/3795/1811 2215/3796/1811
f 2215/3796/1812 2216/3795/1812 2218/3797/1812 2217/3798/1812
f 2192/3799/1813 2190/3800/1813 2220/3801/1813 2218/3802/1813 2216/3803/1813 2214/3804/1813 2212/3805/1813 2210/3806/1813 2208/3807/1813 2206/3808/1813 2204/3809/1813 2202/3810/1813 2200/3811/1813 2198/3812/1813 2196/3813/1813 2194/3814/1813
f 2217/3798/1814 2218/3797/1814 2220/3815/1814 2219/3816/1814
f 2219/3816/1815 2220/3815/1815 2190/3817/1815 2189/3818/1815
f 2189/3819/1816 2191/3820/1816 2193/3821/1816 2195/3822/1816 2197/3823/1816 2199/3824/1816 2201/3825/1816 2203/3826/1816 2205/3827/1816 2207/3828/1816 2209/3829/1816 2211/3830/1816 2213/3831/1816 2215/3832/1816 2217/3833/1816 2219/3834/1816
o GasTube
v 0.333000 0.105000 -0.094000
v 0.443000 0.105000 -0.094000
v 0.333000 0.099642 -0.092934
v 0.443000 0.099642 -0.092934
v 0.333000 0.095101 -0.089899
v 0.443000 0.095100 -0.089899
v 0.333000 0.092066 -0.085358
v 0.443000 0.092066 -0.085358
v 0.333000 0.091000 -0.080000
v 0.443000 0.091000 -0.080000
v 0.333000 0.092066 -0.074642
v 0.443000 0.092066 -0.074642
v 0.333000 0.095101 -0.070101
v 0.443000 0.095100 -0.070101
v 0.333000 0.099642 -0.067066
v 0.443000 0.099642 -0.067066
v 0.333000 0.105000 -0.066000
v 0.443000 0.105000 -0.066000
v 0.333000 0.110358 -0.067066
v 0.443000 0.110358 -0.067066
v 0.333000 0.114899 -0.070101
v 0.443000 0.114899 -0.070101
v 0.333000 0.117934 -0.074642
v 0.443000 0.117934 -0.074642
v 0.333000 0.119000 -0.080000
v 0.443000 0.119000 -0.080000
v 0.333000 0.117934 -0.085358
v 0.443000 0.117934 -0.085358
v 0.333000 0.114899 -0.089899
v 0.443000 0.114899 -0.089899
v 0.333000 0.110358 -0.092934
v 0.443000 0.110358 -0.092934
vn -0.0000 -0.1951 -0.9808
vn -0.0000 -0.5556 -0.8315
vn -0.0000 -0.8315 -0.5556
vn -0.0000 -0.9808 -0.1951
vn -0.0000 -0.9808 0.1951
vn -0.0000 -0.8315 0.5556
vn -0.0000 -0.5556 0.8315
vn -0.0000 -0.1951 0.9808
vn -0.0000 0.1951 0.9808
vn -0.0000 0.5556 0.8315
vn -0.0000 0.8315 0.5556
vn -0.0000 0.9808 0.1951
vn -0.0000 0.9808 -0.1951
vn -0.0000 0.8315 -0.5556
vn 1.0000 -0.0000 -0.0000
vn -0.0000 0.5556 -0.8315
vn -0.0000 0.1951 -0.9808
vn -1.0000 -0.0000 -0.0000
vt 1.000000 0.500000
vt 1.000000 1.000000
vt 0.937500 1.000000
vt 0.937500 0.500000
vt 0.875000 1.000000
vt 0.875000 0.500000
vt 0.812500 1.000000
vt 0.812500 0.500000
vt 0.750000 1.000000
vt 0.750000 0.500000
vt 0.687500 1.000000
vt 0.687500 0.500000
vt 0.625000 1.000000
vt 0.625000 0.500000
vt 0.562500 1.000000
vt 0.562500 0.500000
vt 0.500000 1.000000
vt 0.500000 0.500000
vt 0.437500 1.000000
vt 0.437500 0.500000
vt 0.375000 1.000000
vt 0.375000 0.500000
vt 0.312500 1.000000
vt 0.312500 0.500000
vt 0.250000 1.000000
vt 0.250000 0.500000
vt 0.187500 1.000000
vt 0.187500 0.500000
vt 0.125000 1.000000
vt 0.125000 0.500000
vt 0.341844 0.471731
vt 0.250000 0.490000
vt 0.158156 0.471731
vt 0.080294 0.419706
vt 0.028269 0.341844
vt 0.010000 0.250000
vt 0.028269 0.158156
vt 0.080294 0.080294
vt 0.158156 0.028269
vt 0.250000 0.010000
vt 0.341844 0.028269
vt 0.419706 0.080294
vt 0.471731 0.158156
vt 0.490000 0.250000
vt 0.471731 0.341844
vt 0.419706 0.419706
vt 0.062500 1.000000
vt 0.062500 0.500000
vt 0.000000 1.000000
vt 0.000000 0.500000
vt 0.750000 0.490000
vt 0.841844 0.471731
vt 0.919706 0.419706
vt 0.971731 0.341844
vt 0.990000 0.250000
vt 0.971731 0.158156
vt 0.919706 0.080294
vt 0.841844 0.028269
vt 0.750000 0.010000
vt 0.658156 0.028269
vt 0.580294 0.080294
vt 0.528269 0.158156
vt 0.510000 0.250000
vt 0.528269 0.341844
vt 0.580294 0.419706
vt 0.658156 0.471731
s 0
usemtl Rubber
f 2221/3835/1817 2222/3836/1817 2224/3837/1817 2223/3838/1817
f 2223/3838/1818 2224/3837/1818 2226/3839/1818 2225/3840/1818
f 2225/3840/1819 2226/3839/1819 2228/3841/1819 2227/3842/1819
f 2227/3842/1820 2228/3841/1820 2230/3843/1820 2229/3844/1820
f 2229/3844/1821 2230/3843/1821 2232/3845/1821 2231/3846/1821
f 2231/3846/1822 2232/3845/1822 2234/3847/1822 2233/3848/1822
f 2233/3848/1823 2234/3847/1823 2236/3849/1823 2235/3850/1823
f 2235/3850/1824 2236/3849/1824 2238/3851/1824 2237/3852/1824
f 2237/3852/1825 2238/3851/1825 2240/3853/1825 2239/3854/1825
f 2239/3854/1826 2240/3853/1826 2242/3855/1826 2241/3856/1826
f 2241/3856/1827 2242/3855/1827 2244/3857/1827 2243/3858/1827
f 2243/3858/1828 2244/3857/1828 2246/3859/1828 2245/3860/1828
f 2245/3860/1829 2246/3859/1829 2248/3861/1829 2247/3862/1829
f 2247/3862/1830 2248/3861/1830 2250/3863/1830 2249/3864/1830
f 2224/3865/1831 2222/3866/1831 2252/3867/1831 2250/3868/1831 2248/3869/1831 2246/3870/1831 2244/3871/1831 2242/3872/1831 2240/3873/1831 2238/3874/1831 2236/3875/1831 2234/3876/1831 2232/3877/1831 2230/3878/1831 2228/3879/1831 2226/3880/1831
f 2249/3864/1832 2250/3863/1832 2252/3881/1832 2251/3882/1832
f 2251/3882/1833 2252/3881/1833 2222/3883/1833 2221/3884/1833
f 2221/3885/1834 2223/3886/1834 2225/3887/1834 2227/3888/1834 2229/3889/1834 2231/3890/1834 2233/3891/1834 2235/3892/1834 2237/3893/1834 2239/3894/1834 2241/3895/1834 2243/3896/1834 2245/3897/1834 2247/3898/1834 2249/3899/1834 2251/3900/1834
o GasFitting
v 0.439000 0.105000 -0.102000
v 0.459000 0.105000 -0.102000
v 0.439000 0.096581 -0.100325
v 0.459000 0.096581 -0.100325
v 0.439000 0.089444 -0.095556
v 0.459000 0.089444 -0.095556
v 0.439000 0.084675 -0.088419
v 0.459000 0.084675 -0.088419
v 0.439000 0.083000 -0.080000
v 0.459000 0.083000 -0.080000
v 0.439000 0.084675 -0.071581
v 0.459000 0.084675 -0.071581
v 0.439000 0.089444 -0.064444
v 0.459000 0.089444 -0.064444
v 0.439000 0.096581 -0.059675
v 0.459000 0.096581 -0.059675
v 0.439000 0.105000 -0.058000
v 0.459000 0.105000 -0.058000
v 0.439000 0.113419 -0.059675
v 0.459000 0.113419 -0.059675
v 0.439000 0.120556 -0.064444
v 0.459000 0.120556 -0.064444
v 0.439000 0.125325 -0.071581
v 0.459000 0.125325 -0.071581
v 0.439000 0.127000 -0.080000
v 0.459000 0.127000 -0.080000
v 0.439000 0.125325 -0.088419
v 0.459000 0.125325 -0.088419
v 0.439000 0.120556 -0.095556
v 0.459000 0.120556 -0.095556
v 0.439000 0.113419 -0.100325
v 0.459000 0.113419 -0.100325
vn -0.0000 -0.1951 -0.9808
vn -0.0000 -0.5556 -0.8315
vn -0.0000 -0.8315 -0.5556
vn -0.0000 -0.9808 -0.1951
vn -0.0000 -0.9808 0.1951
vn -0.0000 -0.8315 0.5556
vn -0.0000 -0.5556 0.8315
vn -0.0000 -0.1951 0.9808
vn -0.0000 0.1951 0.9808
vn -0.0000 0.5556 0.8315
vn -0.0000 0.8315 0.5556
vn -0.0000 0.9808 0.1951
vn -0.0000 0.9808 -0.1951
vn -0.0000 0.8315 -0.5556
vn 1.0000 -0.0000 -0.0000
vn -0.0000 0.5556 -0.8315
vn -0.0000 0.1951 -0.9808
vn -1.0000 -0.0000 -0.0000
vt 1.000000 0.500000
vt 1.000000 1.000000
vt 0.937500 1.000000
vt 0.937500 0.500000
vt 0.875000 1.000000
vt 0.875000 0.500000
vt 0.812500 1.000000
vt 0.812500 0.500000
vt 0.750000 1.000000
vt 0.750000 0.500000
vt 0.687500 1.000000
vt 0.687500 0.500000
vt 0.625000 1.000000
vt 0.625000 0.500000
vt 0.562500 1.000000
vt 0.562500 0.500000
vt 0.500000 1.000000
vt 0.500000 0.500000
vt 0.437500 1.000000
vt 0.437500 0.500000
vt 0.375000 1.000000
vt 0.375000 0.500000
vt 0.312500 1.000000
vt 0.312500 0.500000
vt 0.250000 1.000000
vt 0.250000 0.500000
vt 0.187500 1.000000
vt 0.187500 0.500000
vt 0.125000 1.000000
vt 0.125000 0.500000
vt 0.341844 0.471731
vt 0.250000 0.490000
vt 0.158156 0.471731
vt 0.080294 0.419706
vt 0.028269 0.341844
vt 0.010000 0.250000
vt 0.028269 0.158156
vt 0.080294 0.080294
vt 0.158156 0.028269
vt 0.250000 0.010000
vt 0.341844 0.028269
vt 0.419706 0.080294
vt 0.471731 0.158156
vt 0.490000 0.250000
vt 0.471731 0.341844
vt 0.419706 0.419706
vt 0.062500 1.000000
vt 0.062500 0.500000
vt 0.000000 1.000000
vt 0.000000 0.500000
vt 0.750000 0.490000
vt 0.841844 0.471731
vt 0.919706 0.419706
vt 0.971731 0.341844
vt 0.990000 0.250000
vt 0.971731 0.158156
vt 0.919706 0.080294
vt 0.841844 0.028269
vt 0.750000 0.010000
vt 0.658156 0.028269
vt 0.580294 0.080294
vt 0.528269 0.158156
vt 0.510000 0.250000
vt 0.528269 0.341844
vt 0.580294 0.419706
vt 0.658156 0.471731
s 0
usemtl Chrome
f 2253/3901/1835 2254/3902/1835 2256/3903/1835 2255/3904/1835
f 2255/3904/1836 2256/3903/1836 2258/3905/1836 2257/3906/1836
f 2257/3906/1837 2258/3905/1837 2260/3907/1837 2259/3908/1837
f 2259/3908/1838 2260/3907/1838 2262/3909/1838 2261/3910/1838
f 2261/3910/1839 2262/3909/1839 2264/3911/1839 2263/3912/1839
f 2263/3912/1840 2264/3911/1840 2266/3913/1840 2265/3914/1840
f 2265/3914/1841 2266/3913/1841 2268/3915/1841 2267/3916/1841
f 2267/3916/1842 2268/3915/1842 2270/3917/1842 2269/3918/1842
f 2269/3918/1843 2270/3917/1843 2272/3919/1843 2271/3920/1843
f 2271/3920/1844 2272/3919/1844 2274/3921/1844 2273/3922/1844
f 2273/3922/1845 2274/3921/1845 2276/3923/1845 2275/3924/1845
f 2275/3924/1846 2276/3923/1846 2278/3925/1846 2277/3926/1846
f 2277/3926/1847 2278/3925/1847 2280/3927/1847 2279/3928/1847
f 2279/3928/1848 2280/3927/1848 2282/3929/1848 2281/3930/1848
f 2256/3931/1849 2254/3932/1849 2284/3933/1849 2282/3934/1849 2280/3935/1849 2278/3936/1849 2276/3937/1849 2274/3938/1849 2272/3939/1849 2270/3940/1849 2268/3941/1849 2266/3942/1849 2264/3943/1849 2262/3944/1849 2260/3945/1849 2258/3946/1849
f 2281/3930/1850 2282/3929/1850 2284/3947/1850 2283/3948/1850
f 2283/3948/1851 2284/3947/1851 2254/3949/1851 2253/3950/1851
f 2253/3951/1852 2255/3952/1852 2257/3953/1852 2259/3954/1852 2261/3955/1852 2263/3956/1852 2265/3957/1852 2267/3958/1852 2269/3959/1852 2271/3960/1852 2273/3961/1852 2275/3962/1852 2277/3963/1852 2279/3964/1852 2281/3965/1852 2283/3966/1852
